ioc_type,ioc_value,event_time,scanner_family,severity_score
sha256,74fc4dd4f6c13dfa9f01865549d5ea8f679e4451817dd73c4831843146e00e2a,2025-12-08 16:58:48,malwarebazaar,0.9000
sha256,23639854fe3670be010755514ab0cbe420ae48da8b13f8043f6ba176c6d62202,2025-12-09 08:25:16,malwarebazaar,0.9000
sha256,744d2a400217cb8db10c0164ee189fd7b7733d40ec58bf7e4e4ef9bd066c6514,2025-12-09 09:28:18,malwarebazaar,0.9000
sha256,ac2f4f8374959b0e15f5de755f0686b748a0ca6368b38aadfef4352666f0e883,2025-12-09 14:02:41,malwarebazaar,0.9000
sha256,16246bc6456c174b57caa496f69f354c84b28e231b821cc1cf30e2bcda2cc761,2025-12-10 07:20:55,malwarebazaar,0.9000
sha256,c8f042a07d0eea828c1fa43ac03f4519eda473447807d9b3dcd4b9d8f45745a6,2025-12-10 07:40:44,malwarebazaar,0.9000
sha256,83018cb8f2ee7ef80a1d1ad27459e98998e52d5ee148b816d0c3a44bdcabfc90,2025-12-10 07:59:55,malwarebazaar,0.9000
sha256,bdbc75ab154f31dee291571674100e90dd525bc16286a8adb0ae8c3004d233e3,2025-12-10 08:02:53,malwarebazaar,0.9000
sha256,b3e709b75da60b1314b709e64f62ddd1ed610a77cd7b5d4add893156c4176308,2025-12-10 08:20:33,malwarebazaar,0.9000
sha256,acf098d8c20fe81ae8e1375c1097b543f9bf8235d1d20821a7f3893fbcc99a26,2025-12-10 09:32:37,malwarebazaar,0.9000
sha256,83a66ebda837bfa52232a03128d32dc773f827fcf20c5696e54a6077293b8a41,2025-12-10 15:40:37,malwarebazaar,0.9000
sha256,c55cc3475b3d17bd08deb99faeac09bed2ea099145ad984c4b7b71e6e27b14eb,2025-12-10 19:40:12,malwarebazaar,0.9000
sha256,2d7a335c537345eca422f36ec34ab4a604748966dce388e522d0427d24cc0e8e,2025-12-10 19:40:49,malwarebazaar,0.9000
sha256,3fd361b04c435012af66e38eaac7dc279525fe9df3065214d7604845f4087714,2025-12-10 19:40:56,malwarebazaar,0.9000
sha256,b4e27780b02fa1244ec4a9ee9b5dd44c82e034068b2376d08553376a5ae2befb,2025-12-11 09:08:01,malwarebazaar,0.9000
sha256,cc3ee9cfdf857bce253c6ed7401d0c029ad2c29d4feda2f795cfc81a37a8e07f,2025-12-11 12:54:38,malwarebazaar,0.9000
sha256,2a084e79463e72c0933ec50e0b89aa2cdd5295584b6d6b211da98c5a3b4a8a8c,2025-12-11 14:17:53,malwarebazaar,0.9000
sha256,caeb09a5ac2a842db6e91d67e1c0397eb8fa3cc5d2deec8db0b683cb5cc71f81,2025-12-11 15:27:24,malwarebazaar,0.9000
sha256,8a3fe2533d9c2036dd92b2b437b8d1ca237308d4383cdfb4cf13eadd9012060a,2025-12-11 16:40:33,malwarebazaar,0.9000
sha256,ce331ea895376567522f12372fe3c4b33dd70af078f9c4a6fe66ba72a2111ddd,2025-12-12 09:16:33,malwarebazaar,0.9000
sha256,78cffdedbfa26e3525773e8f152942683a4cb1916aa5578242278f6069d6c1e0,2025-12-12 09:17:21,malwarebazaar,0.9000
sha256,5f6a6db3743bbe2132f934943e1fe431d70290878193c2d47c89dec99c2228cd,2025-12-12 12:34:20,malwarebazaar,0.9000
sha256,29552c03c5b07cf68861afe9d1298b0fdcd1c5dd4894b7cd617b8a4e3093c57a,2025-12-13 01:16:25,malwarebazaar,0.9000
sha256,6fc591dec9831bfce04458d407a74f24728019a03ac61a8aa0cbc64791c68d63,2025-12-15 10:18:20,malwarebazaar,0.9000
sha256,766a5e58f1942f76976f229d460c6a177cc9a0bcfe7ae9bae812b799a33e1c49,2025-12-15 10:18:35,malwarebazaar,0.9000
sha256,b43a3a5916cd9b1cbbbc836898b17c5159961c47dd7d22bfd75e420e37fd2a0f,2025-12-15 12:33:04,malwarebazaar,0.9000
sha256,7a20de2722de9bc9c5808bd4bbab45d4a61f5c0ebeb126c8666cd3050345fb36,2025-12-16 09:30:28,malwarebazaar,0.9000
sha256,8624faeb1365ff20703f519509ba64a1c61c2b302d121ec1922fb1af8cffecf6,2025-12-17 07:15:03,malwarebazaar,0.9000
sha256,c937f4618fb60e1e3a21f9637657b34b3cbfe8af5a43ef0e0adeba148fc842df,2025-12-17 13:19:50,malwarebazaar,0.9000
sha256,51eb3631da5705e9f250bf1b57177963ffeedf2e2d56a99ddafe7181ad28a4df,2025-12-18 16:41:14,malwarebazaar,0.9000
sha256,5627078a76f8ad2eff64b82a472afe1ec1701a609833a6373a89fbf575de4923,2025-12-22 23:39:04,malwarebazaar,0.9000
sha256,24483f7376aee0f64971caf390c1eed4a6cc56d76e15c1f4b22e7626bf8e076c,2025-12-23 07:01:21,malwarebazaar,0.9000
sha256,24fe87b1951171c60a79a85bd1edc5da865222b2065c8cd30de6d5dacabb5f85,2025-12-23 16:57:29,malwarebazaar,0.9000
sha256,75b4178ee21ff11489361b9f2230138f3b93e46c56c2527d17074d5a031b6cf1,2025-12-25 23:29:50,malwarebazaar,0.9000
sha256,cf9d3ba6a9a8771d398902e71e90000752e25c4dbe9aa86ad3c6f29a7d5c843d,2025-12-25 23:30:31,malwarebazaar,0.9000
sha256,458c119a3b7fd9a59a26a9f0af3f6490f131d5d5a6a01f293b728645df9f50cc,2025-12-25 23:35:27,malwarebazaar,0.9000
sha256,325242fee391b8576c44b041a4a93a72a66e339d60c6cd17c66c88acd201b046,2025-12-29 08:17:40,malwarebazaar,0.9000
sha256,0d63429062d086b729682e06a4a0ab1913cb45a79ccd2776691ad21cfe22d241,2026-01-06 07:57:06,malwarebazaar,0.9000
sha256,b9276f217842d170f4c9f4c82afcb837f4a819a6349831808ee08c1eb6c8afa9,2026-01-06 07:57:24,malwarebazaar,0.9000
sha256,2b0bf362ef44ae6c2cc8a859e93211e1c86b5599e0752039b3e69ba400b84b4c,2026-01-07 13:40:18,malwarebazaar,0.9000
sha256,6aa1fa928c7215ec44ff6cfaba9ec3581cc3a39ff79d30b258814ddbbec8e8bd,2026-01-08 07:14:25,malwarebazaar,0.9000
sha256,9779b73c7453799dd09006fcf45411135ab6e87e53a33399e59353253a39b1f9,2026-01-10 13:27:28,malwarebazaar,0.9000
sha256,1bb67190c60bb694a3b056d4129737b0511dadd94206ec9dfd5976441c1ed839,2026-01-10 13:27:39,malwarebazaar,0.9000
sha256,768a6767c853674899b69ac9a73f4f613d91c28ec414720baf65136569d654a3,2026-01-13 09:53:08,malwarebazaar,0.9000
sha256,2a3e8a6fdf05fe48498cba64aed2ed84caff1c140b9a2c18737f4ba734df390f,2026-01-13 09:53:17,malwarebazaar,0.9000
sha256,8a34536561cfbe3a86c88ef96040db62a93b8a9fc80d28ebb4d44824b1122be3,2026-01-13 13:04:28,malwarebazaar,0.9000
sha256,c14b63abf2b17ebc4be8f586430bbe89e1f33f52f475491fb3bc3001b86bf664,2026-01-14 07:03:42,malwarebazaar,0.9000
sha256,80af6c7383d6f577c5f5a0cdc3fb862805e887b9aca9b11c39504bdbbc31463a,2026-01-14 07:04:16,malwarebazaar,0.9000
sha256,3693efe08991142e5743da14141aeaca3add10f97e3e3697cff8ccf95d15f758,2026-01-15 06:43:58,malwarebazaar,0.9000
sha256,6f17d8dc0458bbbd4e56a23c639fdc1555670d39a47368bce0f3effbb00f2e8a,2026-01-15 07:24:04,malwarebazaar,0.9000
sha256,1c06d6d987d0c8b8f82ceb29be9b738f27626266d3e6c706725698c8bacd5eb4,2026-01-15 07:25:27,malwarebazaar,0.9000
sha256,30050ef41065c84c6da525b7c2de3cd718100cc2fcb57419d3d756cfeb971740,2026-01-16 06:44:31,malwarebazaar,0.9000
sha256,0d6be9d127bb6bbd18e54ad70e9c60a2333c9d25b1a50f7ab7804c46fac00f04,2026-01-17 16:53:12,malwarebazaar,0.9000
sha256,71df8ec0e452a91ec3e24789e692e672f285634d32fdc73e93c6485d844ccbb7,2026-01-19 15:05:35,malwarebazaar,0.9000
sha256,84948f929bec33d3892956ab4ea6c13d6164f4c6b4511e5e9b6cc62050cb22e3,2026-01-19 15:05:37,malwarebazaar,0.9000
sha256,3d922750a515c0be6575297f8d5275e5ad07faaacbe1753e9b856a6d6619fd66,2026-01-19 15:12:28,malwarebazaar,0.9000
sha256,75aa04510c1947545f192b7838d1ffa868592dbc8ec2739283853a356f6b962b,2026-01-19 21:03:09,malwarebazaar,0.9000
sha256,83f9ada09556c46f585a50a4b4298b31ae8f9e56f8b08981794771a28ce37ecc,2026-01-19 21:04:54,malwarebazaar,0.9000
sha256,06c839a4d80d569ec1cd871686f3a72e38b633ee682bd2c192c221dcb2037e89,2026-01-19 21:05:01,malwarebazaar,0.9000
sha256,50e923ba9552802da81b5728214af11b06c1cbb9cba9bf039dbe82ab67642907,2026-01-21 07:02:18,malwarebazaar,0.9000
sha256,78168fbd64d236009f1bed15cfa73ad47bc838c34cc453a4c29f7e2a9fda99e3,2026-01-21 14:01:16,malwarebazaar,0.9000
sha256,0aa70a7c57774e6db280a45b4d4b27cb109e6b9d01191e4742644bbeffcc8e14,2026-01-22 07:38:01,malwarebazaar,0.9000
sha256,a2c57836121f0cded306af7e60f93c113864cdc8775c8fe695e0bf80f8313eac,2026-01-22 18:37:43,malwarebazaar,0.9000
sha256,b515361e5b4bb621380627046a5559ad338f91f48ecd1fe08d84bde36f5bdfc1,2026-01-23 14:00:15,malwarebazaar,0.9000
sha256,abcf20f1866d21b7c384385563695211df39a8e0e5367f48cbb5292386fefaa4,2026-01-26 08:39:20,malwarebazaar,0.9000
sha256,6a6af729bcfe6c368c81300a7b3f078b6077b365d7dad49b9c0bc4d1ee3f71b2,2026-01-26 08:39:22,malwarebazaar,0.9000
sha256,4f4faefccd62720a0f4febe5da5b1bdba3c6a27325bccfc42d1b5642f10b7c6e,2026-01-27 14:35:29,malwarebazaar,0.9000
sha256,3108e12991421edf2db009520b87ec9827495ffc9d442f574b011b54fb297215,2026-01-27 15:04:19,malwarebazaar,0.9000
sha256,6c1c70aded6d744c75062b3fe5fdd6054d966540425b424bb01aff84c81ecb31,2026-01-27 16:27:04,malwarebazaar,0.9000
sha256,d981c2a5f48e1c8d771a96fdded17e488ae1f5f5e0d182f9a40e7b25c8a7f501,2026-01-27 21:30:06,malwarebazaar,0.9000
sha256,014f82191da6caeb5662632441b2793fa4ed776f53913b5bac0d47133796397b,2026-01-28 09:15:30,malwarebazaar,0.9000
sha256,f0f409e372e6fc383f774add244e70c78664fce633b9b7e1577c9806122cb770,2026-01-28 14:19:52,malwarebazaar,0.9000
sha256,3ed85c60a5587bcf3c5c7cffd46c90491dfc3e3e74f91aac3f91c429a63c1792,2026-01-28 19:21:04,malwarebazaar,0.9000
sha256,d018cce8feede53d9464755079225cb6a52d8e277cbb0d49b4ec0fd984b4eb71,2026-01-29 01:48:55,malwarebazaar,0.9000
sha256,b77ed7438b345a429533f19323007a167c0de39d3ff71f7b46bc07a94d2a8ed4,2026-01-29 08:12:47,malwarebazaar,0.9000
sha256,67a9288baf5c274fae60465c54accb0973ea5e570c4eb992de3c5babc16b8dae,2026-01-29 08:26:48,malwarebazaar,0.9000
sha256,5c4bc9c759b055107bf3764569a190a7c3575ad65e0884a88853dcc56cc80b2b,2026-01-29 08:41:10,malwarebazaar,0.9000
sha256,52a553cb4f8949d238242a420e1e2ff71fe479d5bf6d59f2dba9aa3e566b0ce5,2026-01-29 08:49:33,malwarebazaar,0.9000
sha256,60123adefef38d1dfed462eac99f9cca7a2e3ae5bc8366e39bb5b8209c766506,2026-01-29 19:37:45,malwarebazaar,0.9000
sha256,6731c428ce4fccd6280f4b377a267cf7537013c1698ffd4d8b0080c12eb2239e,2026-01-29 20:31:20,malwarebazaar,0.9000
sha256,86bd0fb523c233fe4e82fbb0f614482c65736dea768816f6d0b44cecbdb07535,2026-01-30 07:41:15,malwarebazaar,0.9000
sha256,140d200a1c687c90ab65342d2baa61799213f7e285836da730a729aadcf4fe88,2026-01-30 09:40:10,malwarebazaar,0.9000
sha256,cf9d1a8422d1afdfb643cfdc4a284ffeeebeded5981aaf35a367476341efde65,2026-01-30 09:47:35,malwarebazaar,0.9000
sha256,62f70eb10df31fcdd407a4e016666105ab33ebea6ee6e977e7d98c15d1c215b2,2026-01-30 12:49:21,malwarebazaar,0.9000
sha256,6d5b9e70a63bbfeb82579d238a0c8a04c860d645332f3a123c4628e302306a35,2026-01-30 12:55:21,malwarebazaar,0.9000
sha256,51b303cd5059b7196502e0cdf44d895cad51f7aa95e20107340aef47a1aeb321,2026-01-30 12:56:29,malwarebazaar,0.9000
sha256,ad131f58df2bb784cc7182a2afb12c7dbc9c139bcd881d913eb7776e9b399c02,2026-01-30 14:32:55,malwarebazaar,0.9000
sha256,0695ec335a939b117ab48167016fe9c385b297b30e337f9191fcb5a72bdf4267,2026-01-30 17:00:19,malwarebazaar,0.9000
sha256,30347a64996f1516686d0eea67a56eebc43454bcddf0822e4997a35f4761d106,2026-01-31 12:08:37,malwarebazaar,0.9000
sha256,5d98823725728b703755a773c57bddeffcf13686e91474b350853627ac1ad282,2026-02-01 07:39:27,malwarebazaar,0.9000
sha256,36d359de0808170809afdb8fa45e4403644de6eb4921eab83917d2952f3b6e2e,2026-02-01 07:39:31,malwarebazaar,0.9000
sha256,ad15d7f6ec2c6d5ae302ee908a8c378656ae7ded94e5d5b8ed83d3b8ecff72a5,2026-02-01 09:35:06,malwarebazaar,0.9000
sha256,4957eae300223c437c380ab6b66ed5f90dc8820f225a377c1824b63b0b1d7481,2026-02-02 07:28:28,malwarebazaar,0.9000
sha256,f2f54c1f70d2ad1d4deeadfdf3c9d27efbfbb9e09fb9beaabbfb7cf51d9eb4c3,2026-02-02 09:04:29,malwarebazaar,0.9000
sha256,16ff066774325e45337183d5f35f5189e67725be6b0f6d17570718a93c7f88e0,2026-02-02 09:04:44,malwarebazaar,0.9000
sha256,8109a0528091c8be7fc71e941604672f1cfba50a020c9b4fce74be6e092764f4,2026-02-02 18:23:29,malwarebazaar,0.9000
sha256,77b015bc671a8973f4860bd55352b39c681ecdad4ac48a7348c6bb6fee204898,2026-02-03 08:06:22,malwarebazaar,0.9000
sha256,b2c55968ebfa683dde47a788acb0cea62d164be955460d11c8fb2bfa21004311,2026-02-03 10:37:32,malwarebazaar,0.9000
sha256,09ada7462809e3bda60c9a809d09b69bce7af2b28c2bf5a4c90cfb275cbd9aeb,2026-02-03 19:36:24,malwarebazaar,0.9000
sha256,0c990d0491b82bf715373a50a2cd66db219c309bf1937d3147b0246e217e722c,2026-02-03 19:42:43,malwarebazaar,0.9000
sha256,6d39183d762f275fd57a809d1556a83cf3cf825485a5ea00bada4c39dfecb514,2026-02-03 20:11:01,malwarebazaar,0.9000
sha256,3b4a519c5bcbb946e1943f4fce04c50da4707f387cf63eeb458a7e04bef15cd3,2026-02-04 05:16:45,malwarebazaar,0.9000
sha256,722a9dec8671cb4896b18798e8465cd35a85cf7dca6765677b8093b0c3b14471,2026-02-04 08:40:13,malwarebazaar,0.9000
sha256,38c41cc8ae7a37a03db5919d8972d76fd7c8aced886fd25c1ef912927e5d8df6,2026-02-04 09:30:41,malwarebazaar,0.9000
sha256,5af513338418844a6202140f439662cc703e801e8195c2c632161b63594fe93c,2026-02-04 10:34:38,malwarebazaar,0.9000
sha256,731b6649fe84198817a1009d4a7b18198d147e4948a34659bcc9d802bb996436,2026-02-04 10:35:27,malwarebazaar,0.9000
sha256,4197ba623bc40f3ab68102252f77909190989e7a6f7f413b76679d06d5ee7a88,2026-02-04 15:02:18,malwarebazaar,0.9000
sha256,fe2dcfff84a13a6ef8835a51a70d8d7b77e98635fbb2524f4fc03b5cb5f9a62a,2026-02-04 15:27:34,malwarebazaar,0.9000
sha256,b2cfad38ef220d952966dd26940824b1c33f5012cc65678eb5d5b59c5d646a46,2026-02-04 16:11:51,malwarebazaar,0.9000
sha256,ec890897b98ab1becd75a33a0fcb434b25498110a60ee6d628832ec0d25430b6,2026-02-04 22:30:10,malwarebazaar,0.9000
sha256,49af01f9215248c4f6a5e180940b0ad6c1b7bf596b8b9c4eb8251a4dc81eacad,2026-02-05 02:37:34,malwarebazaar,0.9000
sha256,c86ebb0e9a245fbe86a024641eb2a7dc236351c98ef98392ea366539b509827d,2026-02-05 07:15:04,malwarebazaar,0.9000
sha256,3b31dfbafa384d76f6de58cee45dcbddb88fbe54f21cc095c75963ef737b449a,2026-02-05 08:00:13,malwarebazaar,0.9000
sha256,6a248fb4bc5f02ab995fe521a9585c5362a8bba831058b3fa6a95fb98f9e154a,2026-02-05 08:22:55,malwarebazaar,0.9000
sha256,bde515aa510b4c30129ab004d7edaab51539f3170289be077bc2649168ccafa4,2026-02-05 09:29:55,malwarebazaar,0.9000
sha256,06e8719891850e08c7903cc97d247a2e0b5cb92ab6bc82953440f46fe1229664,2026-02-05 14:56:34,malwarebazaar,0.9000
sha256,650fb8c1fe8462ddaee07df5613b4832965b8d029846255d46d131c251616823,2026-02-05 14:58:17,malwarebazaar,0.9000
sha256,2705f75704043f80705fd0f19b3c38b4253c5c072edd8b183a8664a972107599,2026-02-05 15:02:56,malwarebazaar,0.9000
sha256,b0732f555a9f8446abad02610f03927a4e5b6947452dcea765d6a48051714dc3,2026-02-05 15:04:19,malwarebazaar,0.9000
sha256,9c6f80d730105771c2403d9ef774e4f0fd554a2cc048d6760477bfb833c4bb5c,2026-02-05 15:07:24,malwarebazaar,0.9000
sha256,8dbb11fd5f8312929932c6821319910ffff73f05fa5f5e19d2015f31d66b3a72,2026-02-05 15:08:29,malwarebazaar,0.9000
sha256,ca0791142ad65cd7594cd340b9121b89198b505b0b861efaa44d7c6e8fa0e628,2026-02-05 15:08:51,malwarebazaar,0.9000
sha256,9fd1aad12a799ea404fb8f76c6ca86107cfb7fd61f5d262553c9b96e2892e21c,2026-02-05 15:09:20,malwarebazaar,0.9000
sha256,9f1ad57fea9aada4083b99e984e33f2cbdc7668b031f815ae94fc8f7b7919e4e,2026-02-05 15:10:06,malwarebazaar,0.9000
sha256,b54ac9d2bff9081f7aeab568e8a7bff0340acc6462ae339434af86e60dce3c7b,2026-02-05 15:10:33,malwarebazaar,0.9000
sha256,77d8ed5b84c1ad1ed17f1f51b6bca57ee8a76e1279f9e5385b269d95bf81b400,2026-02-05 15:11:32,malwarebazaar,0.9000
sha256,3443d3070ffe41368ab0ee080260f9007e584ecab5d3155b0b6309db14dffb96,2026-02-05 15:13:37,malwarebazaar,0.9000
sha256,1a87669db3798931f99742c6bc0c40eaa097243f85fbd11af2f524fcbb57bba2,2026-02-05 15:17:45,malwarebazaar,0.9000
sha256,41f9059375488b49b72a25ce58e80d9ef64f199934bff7862de5a114b5895757,2026-02-05 15:19:34,malwarebazaar,0.9000
sha256,c3bea57f95a87c0f8776269a7756a545b392fca047f35585501cef3361727b57,2026-02-05 15:21:58,malwarebazaar,0.9000
sha256,9c4ec04e2cc150689b8c1031e7624bd3614eb4784f79a8c08d9b0b6d1a489f7b,2026-02-05 15:23:02,malwarebazaar,0.9000
sha256,2cb898129b7c5b150e304f06c25310018e4f7f48a0afe42d08530e37ad64534c,2026-02-05 15:23:44,malwarebazaar,0.9000
sha256,ae7ed5d4188ca36ea5710c5a47082c450d9d174b6d5cda500976f4058be4e9f8,2026-02-05 15:23:58,malwarebazaar,0.9000
sha256,13d86cd98fa20c90ce941d9e3088a00abef85faed0695ca7bcf3434a704dd810,2026-02-05 15:26:26,malwarebazaar,0.9000
sha256,bdcbaac3992e430d7db16978bc9b7ae1a4b6da4a04d471054367ff7ca4e1c37b,2026-02-05 15:28:04,malwarebazaar,0.9000
sha256,8e918dc30ae62e349340f07b703627d829553dbf4f641b13da548e1e179a3463,2026-02-05 15:28:32,malwarebazaar,0.9000
sha256,154ebc207e7463ba7a1aa994236f83246625bb13fa365a5825715b3b56a39caf,2026-02-05 15:30:31,malwarebazaar,0.9000
sha256,c287d9bdbeb5f8ef2e712e5dbf5df9753aeea692c8924a413b56708a2c55f693,2026-02-05 15:31:37,malwarebazaar,0.9000
sha256,87bfc21e2066c7ad2849cb46789fa7559f874ef64a628599012ff1b20bafe4dc,2026-02-05 15:36:20,malwarebazaar,0.9000
sha256,70922729b97c0c5d372b02a37927dfaeaae90678a583fd95c3c8b483e1a57e31,2026-02-05 15:36:34,malwarebazaar,0.9000
sha256,081a30496d35fc471cd6e333bbf116f016fd3b9984a17f6d479dceb7c8ce0ca3,2026-02-05 15:37:00,malwarebazaar,0.9000
sha256,b5aa34f82cccb697bdbfed9fb060946e11d1a59737b5a2794eaac17097589371,2026-02-05 15:37:34,malwarebazaar,0.9000
sha256,b0ac1cdd64c905054e9a4defe5cce5cd612e20493f8e2789abad5431bf2cf23c,2026-02-05 15:38:59,malwarebazaar,0.9000
sha256,3b416b770ff0a3b807935b5a6ec00a87684d2b12bb2095dd2cd3d80dcce9064d,2026-02-05 15:43:19,malwarebazaar,0.9000
sha256,0ffe0aad8f03e9194dbea8811fd4d28f850463ebe93ede56f193e32283203ff7,2026-02-05 15:46:35,malwarebazaar,0.9000
sha256,835e0bedbb5f6c4cd6307b2018df6b25880e827f3e03ea1396c721bbce848f51,2026-02-05 15:49:43,malwarebazaar,0.9000
sha256,5751ef75bc84dd977766c9766ac9f7e726a61476d6e9fd5bff1a6c80bef5cbc0,2026-02-05 15:52:40,malwarebazaar,0.9000
sha256,67be85e1d864a272c3ee117128c696d12e0528fe8d58a5a5749a7c157f525f08,2026-02-05 15:55:31,malwarebazaar,0.9000
sha256,19126fee5cfe21a6ac12f8aad59bbb83610c1c2971bde33d3a6c789e3a4952bc,2026-02-05 15:56:12,malwarebazaar,0.9000
sha256,37f4a581602155760c7b9cc219a683fa9d69284ff5f03e7363be963db8f251b1,2026-02-05 16:00:49,malwarebazaar,0.9000
sha256,7c3fb21aea30307dafd91e4a6630f0a24391b486a659450474004975c2ea789b,2026-02-05 16:03:18,malwarebazaar,0.9000
sha256,c1e6629f9f37928480bccc5b3bfffa82ac25d0f5fa2775e1b3e0ad248bd2cb38,2026-02-05 16:09:11,malwarebazaar,0.9000
sha256,a68f65367afd1d00fe1a9e530d161540df1ab26771ae24cd678ed48447fbd881,2026-02-05 16:10:21,malwarebazaar,0.9000
sha256,96398d91d1346c9345c76cd5319cbe5266ac1293b02049d39cf32eef68c1509c,2026-02-05 16:15:27,malwarebazaar,0.9000
sha256,29b124901c803bb961684de09d69bb0d12c4eb2424b2167c692d4e795ea1f051,2026-02-05 21:55:09,malwarebazaar,0.9000
sha256,ca2bc8440294a99723814bd83ea4bc9c635da2059f28fe7172a9970211bfbf82,2026-02-06 13:40:09,malwarebazaar,0.9000
sha256,a72181561540f1c1d48dd8f33fe4b502fe8b1fdf27a908b035296276638af564,2026-02-06 14:12:33,malwarebazaar,0.9000
sha256,b4b272fca3ed76c4a6c31dd84e3d2805cf7b26f9e65234d8c22020b8e58779ba,2026-02-06 15:40:46,malwarebazaar,0.9000
sha256,017143897f2a57d2231dc9e54e3b76d4c041db591e61c4b26b135e6947613093,2026-02-07 00:40:07,malwarebazaar,0.9000
sha256,62fbbc55b13e699fc67520c4ef189b071fbec2f059961fd63e7c4e424b2df42b,2026-02-07 10:40:36,malwarebazaar,0.9000
sha256,8fce82f738c186f70e4d9866b011e0c16842bdc591ced3b627092e0a5444c3ce,2026-02-09 06:41:12,malwarebazaar,0.9000
sha256,863ebc5c327b6598f24309490e5241793d119f36704abccc2d28dd1fd76735a8,2026-02-09 09:10:36,malwarebazaar,0.9000
sha256,14cf7023721b60f8eea452bc7d911f4c10bda79145116a16348b93c1fca2fe41,2026-02-09 13:05:14,malwarebazaar,0.9000
sha256,0b556d96edc749151971889b9a442e8d2112d6aebf62a774323944ea8faef177,2026-02-09 13:42:55,malwarebazaar,0.9000
sha256,a2909324ee9763d9c6b48ed73d2bb082d622eebd35d22641da2894d9cf94cea9,2026-02-09 14:48:26,malwarebazaar,0.9000
sha256,4f851818cf7895330d21b89728efcf7e056b7d5695796eec602e0d9ced761c46,2026-02-09 17:25:54,malwarebazaar,0.9000
sha256,6eac23c5b3c0017b9205ab1630cc6099690fae32e31ed1dda30bb62877428115,2026-02-09 17:26:03,malwarebazaar,0.9000
sha256,9764d62f1d304e1330a9cd7f9f6b97c71df852e9329ada40dc05d9ae4d749864,2026-02-09 17:26:44,malwarebazaar,0.9000
sha256,1652147663a81b888e0f11b7d2093548588629f18c124633611e6a02ca562775,2026-02-09 20:56:03,malwarebazaar,0.9000
sha256,45b6fbd68cb8c8991460337e5782c41f77ff0ebf84f7eebc36b1601e4de425de,2026-02-09 20:58:59,malwarebazaar,0.9000
sha256,486786f628734fcde180598771c220dc0fb889650cf6a7be20a82bd7b79673cd,2026-02-09 21:03:07,malwarebazaar,0.9000
sha256,1fcdad46b4e356758fb0df92c4ce2e6223237f43a9f0d3097098e0d578aa85b4,2026-02-09 21:05:14,malwarebazaar,0.9000
sha256,b1e244358b49decdf85bf7c31cf5f37f3f11a3dfb668e4059676f267d74fa0f3,2026-02-09 22:30:22,malwarebazaar,0.9000
sha256,0a63ad9e5a0a1451d8e87b9d15e1df76dc8d9024bfe9a77e96dca233d79405dc,2026-02-10 09:00:11,malwarebazaar,0.9000
sha256,be16ae0a2656d0e363c9094cf0ed3f2732b7c398c941c5d4a05944db59974d70,2026-02-10 10:02:11,malwarebazaar,0.9000
sha256,a9b670ff357cbb942a795c8524999072cd9466486b9c28b5b0d809b01547293b,2026-02-10 16:59:54,malwarebazaar,0.9000
sha256,b55ed683d48639ae08887b60950e2e06606e6df3f5bc0873698a52ccfff067ba,2026-02-10 20:01:54,malwarebazaar,0.9000
sha256,93da39b18e13ac51a63ae33e9dae9e3352b05afcf7e374087221a30c7ab1b0eb,2026-02-10 20:02:23,malwarebazaar,0.9000
sha256,9ba1f0045b53aee9e6a44dcaf914d639713378f76006db5a0fe8e2de194a6f21,2026-02-10 20:21:23,malwarebazaar,0.9000
sha256,70115960f384f237162bd6a7533441b322afeb16a2364ecc6bc36b54945d8f2e,2026-02-10 20:21:49,malwarebazaar,0.9000
sha256,552bf80c1c147d39832de1d766ed24039b5f2996ccab03d1114763efe33dfbc3,2026-02-10 20:22:01,malwarebazaar,0.9000
sha256,24717cde9fd77e7688501252d9615f94376e30a006f734bed82e04f384094069,2026-02-11 08:08:58,malwarebazaar,0.9000
sha256,0821ab66a63ff2fe4d38a825b7ff3c3104a89eeb88df640d3a705b95b634bf53,2026-02-11 18:30:10,malwarebazaar,0.9000
sha256,82727a7e702054de0c7b2c51a06d4d8109255382af56850a1b49f7337d353be1,2026-02-11 21:47:08,malwarebazaar,0.9000
sha256,7dcd5eb98eb2e6dc887ff0f6a65ebd2261533b69b86122849e305cebd27e67ec,2026-02-11 21:47:15,malwarebazaar,0.9000
sha256,6bd13eb3a9f3fe5eb5a309bd2fa8462f6f9d30ab408229e3b3a928d8393be9f2,2026-02-11 21:50:52,malwarebazaar,0.9000
sha256,6ac7d044c280196e619571271b51b3a37280a347405f6362ad239cb62eabf4c0,2026-02-12 04:55:07,malwarebazaar,0.9000
sha256,25c8a578ba1572be7dae728d13ceb4937d0ba0108160801d5fc0f95f5b806edd,2026-02-12 07:00:21,malwarebazaar,0.9000
sha256,7076a44c8d80ecd4bc34950a1b99607d3a6013a6b6770ffcb1d10595416ceb7a,2026-02-12 14:07:03,malwarebazaar,0.9000
sha256,ab2fd42fc874f71b7bfc9db59b056eb937a2422c79b6e3c4524cd8c1ef76cf04,2026-02-12 17:42:13,malwarebazaar,0.9000
sha256,21262bfa0505c909dd87d3572c10fcbd18212089cd503b6f9bdc4a37a17352dd,2026-02-12 18:49:26,malwarebazaar,0.9000
sha256,86097885c004c4d92d99768559813bc4549dd55dc793dc1710e7753783b364bd,2026-02-12 18:49:27,malwarebazaar,0.9000
sha256,6d7e1e9d797fa68a5928d1d9b392166f8206d3965107777b67bcbe4c555147ea,2026-02-12 18:49:35,malwarebazaar,0.9000
sha256,7cf91d9ab60d9c5caed19d3b54753fde579dc91941ecbc26a86f94a1c1733130,2026-02-12 18:59:40,malwarebazaar,0.9000
sha256,c36d3088eec5254ed35d6bc166096e4f99024c60dd8bbdc7dc042a61bb5e6299,2026-02-12 18:59:42,malwarebazaar,0.9000
sha256,f4e4e69b0de9946d4350ab543269629d308b148e652343ff14ef1a1b1d2d5008,2026-02-12 22:22:27,malwarebazaar,0.9000
sha256,bf9ebf995e7ddb5222f0aadd2dade006ac376fc8e26555fba5dbcd0403edd1f8,2026-02-12 22:29:04,malwarebazaar,0.9000
sha256,1ae0ea0b093ec70869d063af5cef9255c6857e3b43e7f910bc2174cf05ee2ac3,2026-02-13 08:42:35,malwarebazaar,0.9000
sha256,121c058c756297ff8e8dd3f69587c590ebbfe6858e896a8730f711f9f742d10f,2026-02-13 09:30:09,malwarebazaar,0.9000
sha256,77940063fcd0f276c574ea55967eb0834939e8d201922be88ffc53309351a3d1,2026-02-13 14:16:55,malwarebazaar,0.9000
sha256,a99b033ba05647d37a7e1e9de591fb6cb27495cd0368a1b165fbf8fde3785e2f,2026-02-16 08:40:59,malwarebazaar,0.9000
sha256,91baa6693a7101a106695f9eac9ecbbf6d6da66fd9a64f619ef3b18b268140a6,2026-02-16 08:46:03,malwarebazaar,0.9000
sha256,091eac6bfa8b68a4cbb348f9798f62e8d9c3badc9df21f93160036e63e9b9fc9,2026-02-16 08:46:13,malwarebazaar,0.9000
sha256,1c2a0c68a471d8c04321cb5d4f463fd02f8fea18a9546d019a0c75669054bc62,2026-02-16 08:52:17,malwarebazaar,0.9000
sha256,671102b105ea2bdb18c6b37c83667789416ee3d69c943dd2116bc1a1c4488136,2026-02-16 09:35:26,malwarebazaar,0.9000
sha256,7eddf8f597228d0aea5c00898b24c7f056da37b0231a58a35d49444968b2496f,2026-02-16 13:41:10,malwarebazaar,0.9000
sha256,106b52fa0bcaac202b565895010d83109071bb0bc2f4fe367ac0d89a3771636f,2026-02-16 13:41:17,malwarebazaar,0.9000
sha256,24631e1f66b98a31e903302751a66fda5732928dc0c7a01f864915408e9e3a55,2026-02-16 18:40:38,malwarebazaar,0.9000
sha256,21c4eeb21c8467489098c06e56b468460f8146ad7ca188d71887f1ec15650d34,2026-02-16 18:43:26,malwarebazaar,0.9000
sha256,2fbf396a4749a11641362337dfb0a7f4f78a3b8b51dc3f3cc2242aedf59c63c6,2026-02-16 21:21:18,malwarebazaar,0.9000
sha256,3ed1a8c4ec7d25272e0640c39c924848ffbc57856cde779a9a6af6e6058b57af,2026-02-17 07:07:48,malwarebazaar,0.9000
sha256,13ea932a7f860bdb654fcd61e7768b9dbe289799746ea015d3c54a5ff26f32a3,2026-02-17 07:19:03,malwarebazaar,0.9000
sha256,987aaa5140989d2218d729d0df052a19f81435cc6a2e92946d928b84ab1fa5a6,2026-02-17 09:15:18,malwarebazaar,0.9000
sha256,b5b7f9a0b6c8a87c525c80218a564dec93bb70a3549e686bd4e050ae5e152b00,2026-02-17 13:00:11,malwarebazaar,0.9000
sha256,0ed5d860252188e9a0d03424029339e214c69bfbc256b705ea212f3bf0a2c9bb,2026-02-17 13:38:20,malwarebazaar,0.9000
sha256,6a66c3c74abfca0765da7eb318c6e24774b82315c487003628cfe61e380edda7,2026-02-17 15:00:11,malwarebazaar,0.9000
sha256,7b2132f424a6ba38309962734cf1a07e3c47ebcde4f3a305f84d9a5933c10b3b,2026-02-17 15:14:26,malwarebazaar,0.9000
sha256,82521f120291f02708e3787da16dbcecde8d8c93f81fae2745bc5d7d0fb0df62,2026-02-17 23:40:09,malwarebazaar,0.9000
sha256,931f6e514fa88fb48fdd51a700d181535b51a1fd5fe9b67b9f5881f108478967,2026-02-18 09:06:40,malwarebazaar,0.9000
sha256,642ffa36afdb63d7598f3fa0fa229a05ff132ddb6167ac796d15e7bdc49ae81b,2026-02-18 09:25:08,malwarebazaar,0.9000
sha256,5e37147155a6832c3f23025e52ed90f1c7b609f72e094aa350ab91fffb919541,2026-02-18 09:25:11,malwarebazaar,0.9000
sha256,4938a476ff27c7aa4ac3658b8ccbefad50245c78de2094fd08a6d619b773f623,2026-02-18 09:27:13,malwarebazaar,0.9000
sha256,e4068a49fdfedaa08a46285c4a49f591a4a4e1eef8990cb9a501c1637a36dd67,2026-02-18 09:27:29,malwarebazaar,0.9000
sha256,668ff7385b435240fb9bee1f7ddb665f68e8a1c4bcf6fb58e013790f5e5ec9d3,2026-02-18 10:00:26,malwarebazaar,0.9000
sha256,69534cc29b420bcc38c0e4db450095a806010e922c04040926ad575c793617f0,2026-02-18 14:01:36,malwarebazaar,0.9000
sha256,415e0c65ed2c39e1d831cf8b07c07bde44bff073b72b05a8fe4a1141850e6947,2026-02-18 14:02:11,malwarebazaar,0.9000
sha256,19d457ea6b26ff39e03a7652aaef9e0e963064bad85bbfb0c230a1b127b02e6b,2026-02-18 14:02:55,malwarebazaar,0.9000
sha256,209465b7bfaa77564efff20fc03d6f602eeefc3bd4bde74dbc8bb0f809783117,2026-02-18 14:08:25,malwarebazaar,0.9000
sha256,8a10b9b93bd811b2e39d1a6401ec12e8fb716e3d9ba313d2133d557e67006699,2026-02-18 18:44:03,malwarebazaar,0.9000
sha256,c71e7135b7b1398ec8e265eb23ccb19d955d7eb93c8fd302f621b1709083d071,2026-02-18 22:16:57,malwarebazaar,0.9000
sha256,14f718e3f15dd384cd37aa53a901288decb9addf7e5852937ed35d610368f1a1,2026-02-19 08:00:12,malwarebazaar,0.9000
sha256,df20937ff3543e699ba6abdbd74e74e276dc8bfab9fb5cad1927292541887f7c,2026-02-19 09:00:14,malwarebazaar,0.9000
sha256,ab8bff235c745c895c80c1cff9bf486c055b3f1865a382e99769e7e470350b55,2026-02-19 09:30:29,malwarebazaar,0.9000
sha256,8525b565eadc2d91f3004c0b0ec7b0d681073fd014a036c40e1c886ae318a304,2026-02-19 09:31:32,malwarebazaar,0.9000
sha256,316ae66100464e3baed671368e5c66d2daa7440085a654d09e17a4c8e0a138c7,2026-02-19 14:44:08,malwarebazaar,0.9000
sha256,c8fae420a0e0ad1f9319d3299955f4ca0a6e4638411084c540bed8103a9278c5,2026-02-19 14:45:09,malwarebazaar,0.9000
sha256,84eaa8ef44fa7e70ee018bca52e1d89ee3d1916b2c8435647bcb6e7508422cf0,2026-02-19 17:06:19,malwarebazaar,0.9000
sha256,73b8f80db93983c804bb8d8b2eb7beb1c11b2adb3564697ac3c5f340f502d578,2026-02-19 17:06:41,malwarebazaar,0.9000
sha256,39e14f014df4ac914bb671ccb031c866d33d1068a603edf85cc0fe278371f917,2026-02-19 17:11:20,malwarebazaar,0.9000
sha256,93abf66a95006e4ddecd527d6522a80ddf010e5ab35126d872c16ee51b8d83ce,2026-02-20 00:53:02,malwarebazaar,0.9000
sha256,467716b30f4ecc76a35adcb98fd35b26589ce67d5e2495fc7b31317c3324fad1,2026-02-20 08:35:06,malwarebazaar,0.9000
sha256,ce3d4a6aca8b7fc6e921fd16c0db7b6eb080cea524fa8df7d7b69104d62e5c23,2026-02-20 20:10:19,malwarebazaar,0.9000
sha256,aa4a158d2d5d185d40c98d9258b7f12065d827cd4712bc0b74870c1c227796dd,2026-02-21 06:34:54,malwarebazaar,0.9000
sha256,40418a5c0b271e9119d21af4be73d4bef5fdf3276b2d6490ebc321fdce56101e,2026-02-21 06:35:13,malwarebazaar,0.9000
sha256,5f4710bfecf96b1c4c9ef95b36543b698b2e89682f1a8524927ed860de826f8b,2026-02-22 05:54:04,malwarebazaar,0.9000
sha256,bb069ae21ea35f433754f782cc0b4d2e8334e2e2ea435c2a5de49b6efe7a371e,2026-02-22 15:50:35,malwarebazaar,0.9000
sha256,9005281634752b821c282d0ccdffd99bf744b0272513fcb1e26013d7f367eff4,2026-02-23 06:49:50,malwarebazaar,0.9000
sha256,4f770110452013962525890e7000384a1110730dad97c16cc5ea849b4ccce5bd,2026-02-23 07:43:26,malwarebazaar,0.9000
sha256,9cf3e35f6616d8b4b3bd5c0fa39db7d078e721dae655704870960e88fe77177a,2026-02-23 08:47:54,malwarebazaar,0.9000
sha256,7a62914abb015a41dcf5f7990e50f9f8277b09b2e0080750b1426ca6331808ec,2026-02-23 08:48:33,malwarebazaar,0.9000
sha256,c7907bec01f73ccdf1d1b725465292e44963c1e8394ef928abfdff35ed3a7da4,2026-02-23 10:31:00,malwarebazaar,0.9000
sha256,aaba2ad53878359b27e7fd66fef7f417dc8289153656ea22a6e7662e8108a50a,2026-02-23 10:31:44,malwarebazaar,0.9000
sha256,1d103f2113420331dff878710bd18e6ef11fcf6cdd0a2e8115107d8285ad23bd,2026-02-23 10:32:44,malwarebazaar,0.9000
sha256,b42f976370eca520184c7ca4d52a9d0e2bda8f112782f0c9be2263219eb7f5e7,2026-02-23 10:33:00,malwarebazaar,0.9000
sha256,be3aa29794cc025d0535db6e80d14ebe46b77509f257d984980f800be543f207,2026-02-23 10:33:17,malwarebazaar,0.9000
sha256,013c19283351dc555032aec2b5946439c1ef81f0f3e5e75bfe30b1f9429316ac,2026-02-23 12:22:21,malwarebazaar,0.9000
sha256,7d9914deb75aade492c0f130e2b113817023a3dd45b40427d8c1c4b5e3fc825d,2026-02-23 12:22:33,malwarebazaar,0.9000
sha256,0ed61e662938f8314c4604036665c8ebc165d296def4bd8fe2f11dd9b0edf6e7,2026-02-23 15:35:58,malwarebazaar,0.9000
sha256,2cbe0104d0a55f21c2f0e895a50df2ffdbdebfe2e020c7b5dead6aaeb233467e,2026-02-23 20:49:42,malwarebazaar,0.9000
sha256,4d962f79d0eee6f983e0c95227d99f5ee456a3dcfe522d43bc2d2b21eb2d54c4,2026-02-24 08:01:20,malwarebazaar,0.9000
sha256,329a4ab657a978174363266355cdbbd9895dfb1749a3c1057b9e42a5aae9860d,2026-02-24 09:53:26,malwarebazaar,0.9000
sha256,b2e5e09d27ec9d65ff24ed150ec70445b3827314c529274e23dcbc20b8cae72c,2026-02-24 09:53:31,malwarebazaar,0.9000
sha256,c61dc628df5c844fcbbf6a0367295fe718292ef0578d360ba67ecd20c49b36a7,2026-02-24 10:40:40,malwarebazaar,0.9000
sha256,473465354ba0fe10bedc5a6de58ca8a42ca8b9230530299578153a96fce724e9,2026-02-24 14:08:25,malwarebazaar,0.9000
sha256,79d7358fd1cdaecc1adf0c054c2394abef95df87ef5191f70778da24310c790e,2026-02-24 14:10:29,malwarebazaar,0.9000
sha256,6f8e3ec4e11770eb4202b1ccae2423040c0703f7e7bbfd8330de0a7712f23498,2026-02-24 14:12:17,malwarebazaar,0.9000
sha256,1ec6c306e2344f350cab5c3e34d7aa17437e35393f8bfeb09c034b8a412a6ba1,2026-02-24 15:36:00,malwarebazaar,0.9000
sha256,8eac663c2da5748fad47104b0fab2e7e9bb9acfb56ce58097df9d0995ea5a9ad,2026-02-24 15:36:39,malwarebazaar,0.9000
sha256,392e1b6ab3702ec39cbe2742f8fed047c723b9a8bea31f33289167f997880009,2026-02-24 15:36:47,malwarebazaar,0.9000
sha256,5a2ec2eba92c9ccbfba162ff3d8b7e09b14f93903d8da795380aa4cb3adf2e17,2026-02-25 11:31:18,malwarebazaar,0.9000
sha256,775404da9923373351a1042703db8bc9a4929f2cb15056caebf7208b2671537e,2026-02-25 12:23:24,malwarebazaar,0.9000
sha256,0bf202c84b88c0c4c814cb41ec501118bd9452527316301181960a7fba8446da,2026-02-25 12:23:31,malwarebazaar,0.9000
sha256,1a617773705434949b2c19d3dc860a2aa57ddf1de6b5e09ed54276f59d787b67,2026-02-25 13:40:39,malwarebazaar,0.9000
sha256,d498e9b664b3f119d3d042aae3ca6ee14107bf8246fdadc44f90dc7fd118af59,2026-02-26 02:11:08,malwarebazaar,0.9000
sha256,4f0c95a1885411100649bf8150c2f189dc0941ac569b801b3765d1ca64b760dc,2026-02-26 05:19:14,malwarebazaar,0.9000
sha256,51000a435bc31ad71e1edda3ff5f7999887300020b80e6817e7cef56e39597a5,2026-02-26 06:23:53,malwarebazaar,0.9000
sha256,b58aea551774e954cc16a637390effa983326946216c4a5a7a2ffa5aa50a5e58,2026-02-26 06:25:35,malwarebazaar,0.9000
sha256,c70ecb9d4c530ca4379ad664e45529d6a795d9e5cd5b2e652d78ddf3523a5121,2026-02-26 09:52:11,malwarebazaar,0.9000
sha256,629f0931cc40f9da077d0e85348051cc479c602896ea3518a6fd8a2815a953b3,2026-02-26 11:29:09,malwarebazaar,0.9000
sha256,28ce5e3dd86803aeec4cdec798fba2f03804e6190e8ebd52584d8340e42c8916,2026-02-26 15:17:42,malwarebazaar,0.9000
sha256,2944010e5dc27c32e209f1aa2f0e9fb2ba05e90acb0beaccf16622b31389a349,2026-02-26 16:19:37,malwarebazaar,0.9000
sha256,8dd48a02c728e70f89b5cf22b61a5f67f7daa2d3cf3585a65bdffa1ab4b3e9f8,2026-02-27 03:06:15,malwarebazaar,0.9000
sha256,34c8bb04d2cc46bb1d88dc701487801546392fbc9c37908fd09d8ca6cb426c4c,2026-02-27 06:48:54,malwarebazaar,0.9000
sha256,9f2f363bcbb2c4830150bc23cb79a2f7000325636b4714ecc2e568eaf48a90f7,2026-02-27 06:49:04,malwarebazaar,0.9000
sha256,b6ac2d0bf7fadc7a61d662f75df4a3f883ad459e6b90c43bd30b811422e0804e,2026-02-27 07:49:32,malwarebazaar,0.9000
sha256,0c5b9b1d9a569a97cf1eee2268d2085076d4ffbdc6ba7f80216354b18a3975d4,2026-02-27 07:49:38,malwarebazaar,0.9000
sha256,cccf83c3141436f65c9c54c82a9a03e7658e250df1cff95380600582e689bf41,2026-02-27 07:53:20,malwarebazaar,0.9000
sha256,11784d1302924de204de6e9bb1192b79a1351753bda84a49b153938185836dfc,2026-02-27 07:53:25,malwarebazaar,0.9000
sha256,843cd39ee3289b222029c3b128414eab31fc3dd7a6d84892c686b8e5b303226d,2026-02-27 16:12:30,malwarebazaar,0.9000
sha256,1bd50faa3a761deff7f9b94efb42cac9ee9b074e5296ec721a089f34af9e972a,2026-02-27 16:13:02,malwarebazaar,0.9000
sha256,497f6567111906fb0822f0a1ff60e8a459f480bbb123cd4d1f310346fe1566a8,2026-02-27 16:13:32,malwarebazaar,0.9000
sha256,5bca3058243219c7f9e60effd55f47a89e796cfdceefc2aa52bfa034a0d3afce,2026-02-27 16:13:56,malwarebazaar,0.9000
sha256,731ae18f35cdcefa9d8ad03ceb602a3655085cc343a6e5bc3ad0ba8108d00837,2026-02-27 16:16:33,malwarebazaar,0.9000
sha256,ddf18913e974e0d83e4f65d4fb9b20e98974bf87cc414af05184fe20bc0f6e87,2026-02-27 16:44:57,malwarebazaar,0.9000
sha256,b7b336ac707a02409eeede986df2753eed36af85ac0b52dfe1d6b564c30a2ae2,2026-02-27 20:37:58,malwarebazaar,0.9000
sha256,58b325dd99d79e625832bc2ba64d90ff7ae33d3bded6cb54ebc1e67d46c0f9ab,2026-02-28 10:09:37,malwarebazaar,0.9000
sha256,670b67c5cbba724c8ed85893bb866f7c4dd3fab133266f4f2c1aa7a3575622bc,2026-02-28 10:22:43,malwarebazaar,0.9000
sha256,457ce298b2b36aba99ce04072e8dd1388c374a8d1fab4234ef009f01cd49a656,2026-02-28 10:25:23,malwarebazaar,0.9000
sha256,97d7f3b893f0797f06e7f14cfb220463b91cdb3b85f28c651ff0983693db9b55,2026-02-28 10:27:01,malwarebazaar,0.9000
sha256,a517b979e26b414939bb4b35fcfa6526994e52acf7fc4b8ad6ec2e0232108442,2026-03-01 17:15:06,malwarebazaar,0.9000
sha256,1667fb0fcbe87d1119010c4624b0f2c78cddd2b5012b143ec7cbd8c83f85bdee,2026-03-02 10:05:07,malwarebazaar,0.9000
sha256,31160a473733c5d174a4e79933a7353f4fb69b51034df7385f232af79e4554df,2026-03-02 10:05:10,malwarebazaar,0.9000
sha256,b982ee3dcfa99661be67b9b5b610398f3dd95538f7d97f754803be16b8117002,2026-03-02 11:00:10,malwarebazaar,0.9000
sha256,377b8acd9b7402d77002d021962bf8ab0ccb668a423df97212bad3d717b0193e,2026-03-02 15:43:50,malwarebazaar,0.9000
sha256,0f1425848b9b390461924a03c4c9bac804cf1f9694ea66469d3222b730a816b5,2026-03-02 20:15:16,malwarebazaar,0.9000
sha256,6a794a8e3184d505573cc23c957b78b11a7eb89317ae2a82bbaa1195c310da0e,2026-03-03 00:38:35,malwarebazaar,0.9000
sha256,3b77ad9aca70f8d722320218c8e6d6422409cda9f51e2b222e351d0125504260,2026-03-03 06:50:18,malwarebazaar,0.9000
sha256,818ce6d4783106f464ea36b948c76de53631164b37e2189f5a689deab76f4494,2026-03-03 06:53:13,malwarebazaar,0.9000
sha256,b6fda8d53d0c5d1a306ff410785e991980389f28c6716190f03f99d868928c5a,2026-03-03 06:55:28,malwarebazaar,0.9000
sha256,b8ca134d9a591243423531d4617faac7792011191aa05e3360a601aa34e0cfeb,2026-03-03 08:30:07,malwarebazaar,0.9000
sha256,a4b51abf49ed79024d44cb91205b233892e69b58b6a60c36c709f0037ee5b36e,2026-03-03 14:19:55,malwarebazaar,0.9000
sha256,19be387664e72c18ee90523d33cb19780d4f8500ed961b721baec81a0af9d37f,2026-03-03 14:37:18,malwarebazaar,0.9000
sha256,08e51e36a95e7aa0b388ccab1aa085836ed86b2ef8c0ccc21f10f700029e31a9,2026-03-03 14:39:48,malwarebazaar,0.9000
sha256,a20c0d8c528213634c00f34a21d192cb91998890eab02db5d60a3f12560730ed,2026-03-03 14:40:36,malwarebazaar,0.9000
sha256,168a8f539999c5aa8be06a620fdc7d0f9dc44ea28fc436218a1bb9fd04d273be,2026-03-03 15:00:20,malwarebazaar,0.9000
sha256,8262a999b922f4db69bbae6222cd1ba9862081306539cd1061e17085010cf89f,2026-03-03 16:05:27,malwarebazaar,0.9000
sha256,3cdead4bcd4e7e030d32ad8ebd960f3a8a1731316c8ec00e544cf4d5812e97d2,2026-03-03 17:02:03,malwarebazaar,0.9000
sha256,824a89791735bd086168a07bb938b79549bd18587c6059ed316b9fb8add7a16d,2026-03-03 17:06:57,malwarebazaar,0.9000
sha256,0f203bf0f3606da0235d8d30515b7296af0bdf672fdf4d8c96058944c5f8737f,2026-03-03 17:07:02,malwarebazaar,0.9000
sha256,cba53b99fb9e5b626353b3dfd4f6f9d7135f1e987901aa5df576353fd9c6b6cf,2026-03-03 17:50:07,malwarebazaar,0.9000
sha256,c16dd95a81fa1744dcfedca5e5bd9b77b1b621af213b1c1c8595f67494d0f5bb,2026-03-03 23:28:05,malwarebazaar,0.9000
sha256,b94e3e55acb1ba83308ad3298f4ecda656e87a6bc045b1fd9241bc394a64f258,2026-03-04 14:03:20,malwarebazaar,0.9000
sha256,7976b72d4f0bcca38ba349dc7329e50721afa3b339b0615b42ccdaf899e062e6,2026-03-04 14:47:22,malwarebazaar,0.9000
sha256,9853d69e9f10a52cb53c00f31aaca63f3998bda39cab3ce54a5a46f48555dd10,2026-03-05 06:54:37,malwarebazaar,0.9000
sha256,b098a1eb7a1b6d9b1c8b5d58b36ea9fcf51dd3cf057069251ab6dba7902d784e,2026-03-05 08:01:51,malwarebazaar,0.9000
sha256,a26f4d8ed44dfacfa3165575643fa3914476ad9ff59da1ac7607b4941f9e7173,2026-03-05 08:02:49,malwarebazaar,0.9000
sha256,330ea0ac29c5a7a686d2aed75bad4c7e53d1b29e7954653cadc887e448026173,2026-03-05 13:30:14,malwarebazaar,0.9000
sha256,5df2f35be04bc465366f6e064f75783a033c35dc49c0f6bcaf91a965587337b8,2026-03-05 19:05:29,malwarebazaar,0.9000
sha256,257d76457e79d08f36b7dc67701ba3dc734f9ec2c71da03212305cb2394ac899,2026-03-05 19:05:37,malwarebazaar,0.9000
sha256,45ea96a958f4f2b2fe495daef883360d989f57c8c9470670fbf4c10ae3e6aff9,2026-03-06 09:00:08,malwarebazaar,0.9000
sha256,14432e750fb9b4c22c3ea6c2c4dda9d5338eebac5c86451d51c77358eabfda51,2026-03-06 10:40:09,malwarebazaar,0.9000
sha256,3b5c621c788afbe5c6d56b18385175bb15cb3a3cc8389160e5ad3bd385389b82,2026-03-06 11:00:21,malwarebazaar,0.9000
sha256,8e59795e6d8d2f4dc5f0b7911b5969f225c8886e374a35d1d9ff04d24f552fd4,2026-03-06 14:35:40,malwarebazaar,0.9000
sha256,4198db90e1806f265dbce14b5f4e78e5814a8de700bd86345b2051c6f1245358,2026-03-06 14:37:58,malwarebazaar,0.9000
sha256,4baba9f76642a51a4acdeb13b211e512aad359aa09017a1d47faa0b2a4d7ef4a,2026-03-06 14:42:11,malwarebazaar,0.9000
sha256,bde50852020ef1304a8d5bd9813b542ac2849b74d6e1c5c6d36c1a14b1e381de,2026-03-06 14:42:59,malwarebazaar,0.9000
sha256,c6b821a7a1f92b532427a9a75664f14178f68e7b40309375f02c3fee06401d38,2026-03-06 14:44:38,malwarebazaar,0.9000
sha256,17134855fb6c5c7d5357c6a3b87a3bff86c43501e3d6cdfc963204559b1e8d21,2026-03-06 14:46:15,malwarebazaar,0.9000
sha256,be797b3dd66a1b437f7bc827fb05a8086c41f7f2604d4af5c59943cb84b2c98b,2026-03-06 14:50:05,malwarebazaar,0.9000
sha256,89b72ebde221120ed45ec704b9d5c14d68bf693e2910658283fdeb91a9219ab3,2026-03-06 14:50:32,malwarebazaar,0.9000
sha256,250c53b26a89388b4d85e6fe3751c900a4def99755b4e4605fa5cbaee1489257,2026-03-06 14:56:14,malwarebazaar,0.9000
sha256,50116fca27249e42e0304690c9c3f41f237a9a80064896aa8caa5f781669fbb8,2026-03-06 14:59:24,malwarebazaar,0.9000
sha256,41065376e44e187979cb05bbbcc102ea7d61b110c49907195e2640ed3500843f,2026-03-06 15:01:26,malwarebazaar,0.9000
sha256,affcb46f74c5f52af012229335c2e1cfb0c6cc3fa859dc5be3a21e00b2464763,2026-03-06 15:01:32,malwarebazaar,0.9000
sha256,106e554628c27e84b06b88652149c5468bca392b0de55322d6c96735e21235c4,2026-03-06 15:01:39,malwarebazaar,0.9000
sha256,b460eb7a68ff9aeb7835e5abbb46985757183568fdbe2b2d0987298f76666699,2026-03-06 15:04:57,malwarebazaar,0.9000
sha256,25a4cad43620bed0d9f072a240efa436a1bde1f2012c7c46cc434afc9bfc562c,2026-03-06 15:07:47,malwarebazaar,0.9000
sha256,b1f9e219e31d134c54f69d55cbc04ea6d8351a795cba900c225b6ee5b427fac6,2026-03-06 15:08:42,malwarebazaar,0.9000
sha256,2cfa6c6e8069781cac1cee634e4fd346c714b7ebe244c92c8ca02d0b240e0f5c,2026-03-06 15:12:08,malwarebazaar,0.9000
sha256,17ab03a6e6ed47d50135268b0b7d59492ac02809edd49ac96efb0faded3aaa47,2026-03-06 15:13:45,malwarebazaar,0.9000
sha256,3693c668323b247512315b36c10efc426c98151cf3707946c03c8eb13d7ac88e,2026-03-06 15:14:36,malwarebazaar,0.9000
sha256,a73a48f955eb19e52426c773cbecb4e47ca4ce5db76018e0bc3f51b10ebeae5a,2026-03-06 15:17:41,malwarebazaar,0.9000
sha256,4915e81ffdd5ee0dde827c847306a3a625210db1cf2c67278484068fb5cd6042,2026-03-06 15:21:08,malwarebazaar,0.9000
sha256,5255291f09289a4bbb320bb8c97f20fff5bc4977fd3316bc906e0b2f2bab0a76,2026-03-06 15:24:22,malwarebazaar,0.9000
sha256,6da676db8e7ca7727cc19b92aa9e4beebbc82e41bb0ebf04e022edbaf090e333,2026-03-06 15:33:33,malwarebazaar,0.9000
sha256,1148fa91ce87cc06cbd373b0bd40eb1de0ede6e438262dda0ca8bea60b9239f8,2026-03-06 15:39:49,malwarebazaar,0.9000
sha256,b91ee6b195867a96f22bbcd98cff92fd2347b720e42281ef06c5d7e27c70250b,2026-03-06 15:41:17,malwarebazaar,0.9000
sha256,b03048807034fcfed783723ee71c08aca2bb247b17c1963bf8dbcf5831efbb3d,2026-03-07 09:49:30,malwarebazaar,0.9000
sha256,ae43c84b6303b2e60cdbd681ac8cf6eb4acf9b9a0155a37299d49bdabd7d0a52,2026-03-07 17:02:26,malwarebazaar,0.9000
sha256,329afa0425a06aefcfeedb09773ef58199f5f07ef43c77bc6de4f249a590bc0e,2026-03-07 17:04:38,malwarebazaar,0.9000
sha256,cb9b4e58dee1d24d5ad6ef6f6503300edb95e2014a37b7eb407e654740200ac6,2026-03-07 17:05:01,malwarebazaar,0.9000
sha256,bff445a3db366091b2dbbfb1c072514a2e0a480b1e3e44a3fb926a080ad23baa,2026-03-08 07:03:32,malwarebazaar,0.9000
sha256,b2c2b1516f59e6a296093b59adff834b4349aedeb05358c7df062edd145a34c0,2026-03-08 07:05:47,malwarebazaar,0.9000
sha256,9340a7e752426fe1ccbcf91f57947be86f0e9f213211ad7d4fa43ff935e19d00,2026-03-08 07:12:45,malwarebazaar,0.9000
sha256,5ed9d055ae40ac3335d78178f101c19faaedae8237b326278b5bbb7f80a6f378,2026-03-08 07:12:47,malwarebazaar,0.9000
sha256,08f4e43fac6f13d0e30b38273d7e2885a76cc5024b91dc2a1bb9ca971d47786e,2026-03-08 07:13:04,malwarebazaar,0.9000
sha256,8c8ebe91852d4be8c2fa98bc65dd0d029833fc8451e2a91689603b8d3a330199,2026-03-08 07:14:33,malwarebazaar,0.9000
sha256,7f5a747b4b6d764111f908bd247fbe2064606e1bdbdbb46b97d3d0c3c70344f7,2026-03-09 07:05:08,malwarebazaar,0.9000
sha256,fcce3b123e2bc56836eab78083e800cdaed7e84e14e3997d6e7090a34761dbcb,2026-03-09 07:46:14,malwarebazaar,0.9000
sha256,976d47936868a8baa50f82d8d3e338c12d227c3ae32193c9ec999a05048ede91,2026-03-09 11:37:27,malwarebazaar,0.9000
sha256,c7fd4c593fc6ccf31d39aee0d13cb287fbeb1c2a5917fb756e5fda0134da12fb,2026-03-09 11:47:19,malwarebazaar,0.9000
sha256,4cde03e51e6a2966aa49e07c0596fbc0703544f0928df0ecb120853cd21671bf,2026-03-09 12:49:01,malwarebazaar,0.9000
sha256,a8b3a9ea280d776d79f038ff5c2b3b095d8e0c1b25df954bce598e0733d8149a,2026-03-09 12:49:49,malwarebazaar,0.9000
sha256,be8ab2be29b415b63a9af46d22fb908622fd066e74fdec943289508a1dc89db6,2026-03-09 13:37:16,malwarebazaar,0.9000
sha256,80e2868c6cd6c3b7e0b4b5584cbcc180b7c7ab049d20b0ab508e2b8be14a8522,2026-03-09 20:25:10,malwarebazaar,0.9000
sha256,2c96593464444832a36744802f9a0104bb702f08dbe5049d069935a803809c8e,2026-03-09 20:55:15,malwarebazaar,0.9000
sha256,43063e72f4684d346da8b8404d32ba8fd8be7565dd77e0a92faf0a50e792ad55,2026-03-10 03:07:03,malwarebazaar,0.9000
sha256,61c61e5c4d5caa801b3d6ee7ba915ce19793274d659fc6e2bb14076fc5fdcb59,2026-03-10 06:45:58,malwarebazaar,0.9000
sha256,7b0d1275328c6d19b44c89746d0dd459723c2bb7b28d93a23139ca00cf40ba56,2026-03-10 09:47:19,malwarebazaar,0.9000
sha256,9180484968eb47d73853596ec91f4e1d495c0dc7ed1800baa38ce88528b42b5d,2026-03-10 10:04:16,malwarebazaar,0.9000
sha256,84e26c86f51eb57df53130ef7dcdd79a8eaa4763168521fda74aa08669122e81,2026-03-10 15:12:11,malwarebazaar,0.9000
sha256,1dd20400a7bb38e2bc807c8bbe15fb719b3466be957bbd9b71f620f876916287,2026-03-11 06:58:06,malwarebazaar,0.9000
sha256,19515995ceaefc174b541d157c1d62a366b062c3bfec7adca2b66555222a0dac,2026-03-11 08:01:01,malwarebazaar,0.9000
sha256,8d3f8d779214180dbb96f21428064783885225f7afd8dc1d4328c0576c16c4a0,2026-03-11 08:01:11,malwarebazaar,0.9000
sha256,093ede1caec2dfbe8eacaeec091fad7f27b5c206503ca0b645f3c79167121094,2026-03-11 08:06:24,malwarebazaar,0.9000
sha256,96f1b2bdd15ead0983a4e8a82828cb69a504f47c32ce1688466565a1487af4bd,2026-03-11 08:18:41,malwarebazaar,0.9000
sha256,a5e8581ffa0b54efbb78db8401641213521a319a46b0570f4079a73b345fd1de,2026-03-11 08:32:34,malwarebazaar,0.9000
sha256,1d0ea54f75d592d7fe26d4fa350f66569e2deb31e98cb2be9be8ad25c3f12b9d,2026-03-11 08:33:27,malwarebazaar,0.9000
sha256,70734cd5302b7101ac987a36e54df5e692b1d01241bc0e27aa89b27ba1c1325c,2026-03-11 12:12:16,malwarebazaar,0.9000
sha256,b61aa2f1079bff7a5a7d3ad6da5c914309319b050b1a88b9a1c702e2d26026c4,2026-03-11 12:12:47,malwarebazaar,0.9000
sha256,395bd33b1a3210c0210221a058f26e28b82b5952ef773177ae1da670707b02d3,2026-03-11 13:31:15,malwarebazaar,0.9000
sha256,acb23a2e393a86215da784a99b3f6c9122a76fd19c6ad9cf9eb2faf86daeb6a6,2026-03-11 15:38:16,malwarebazaar,0.9000
sha256,5f4e835359118e714da9b05fe532b9ea1b8f11e64c66bb7b0a4cb3fdea28ecbe,2026-03-11 15:45:27,malwarebazaar,0.9000
sha256,9ee870e25a34a8d70055cfe0a77ffa408e303dc51480ccf57b3f33db8d41527d,2026-03-11 17:32:11,malwarebazaar,0.9000
sha256,27fa259ad516be5efa3b22cb01651365f6912e04b4f79d00fcb3ad4cf505a705,2026-03-11 17:32:21,malwarebazaar,0.9000
sha256,412953324b82b071252b3f583ac9fcb932f16ec50f12bf09c8a1e1b550a5e891,2026-03-11 17:32:53,malwarebazaar,0.9000
sha256,6aa18520f34349f6dedf94181ad75b901f1ce2e3da1814d079a1a0618f5ec3b9,2026-03-11 17:33:30,malwarebazaar,0.9000
sha256,7b7bc72a8a947916d4d51faa6ba3a041c3f26df6aa4b8939ba466400f171779b,2026-03-11 20:33:25,malwarebazaar,0.9000
sha256,25f9e3f474b1a015cd410af97f32780ded388bb2cc4476c7f879f4d4309fa1ec,2026-03-12 04:42:16,malwarebazaar,0.9000
sha256,bc1c7bdb7589ef7870bbd4857c5916aab284305661aaa99a0354c9d6ad581033,2026-03-12 07:05:35,malwarebazaar,0.9000
sha256,b12d3b244a95063b5f4a6b369788c1504bd68053e58989ef1f269093387ff420,2026-03-12 10:09:25,malwarebazaar,0.9000
sha256,4fb8b2fa2c8f4c234c2c82997a37bc48b65ba346efbbdb3f48c9d8e0f846ae07,2026-03-12 10:41:17,malwarebazaar,0.9000
sha256,15b1b34eaeee9443647ea07147e09b497c0d5082de8b0b5eca417909e27bb0a9,2026-03-12 12:46:22,malwarebazaar,0.9000
sha256,36865b07f6cbdb39fcd554db54b7df7d7023520449366af899a353192e8add0b,2026-03-12 12:46:43,malwarebazaar,0.9000
sha256,561e3780b6c1d17074806312b5f77378d8a9ac8088cc44389fb8a7f1b73850eb,2026-03-12 12:48:55,malwarebazaar,0.9000
sha256,2df7db89f4434eb0faf1f43e1797179bc44b6a941a1000ea8182cb35686c22c5,2026-03-12 12:51:57,malwarebazaar,0.9000
sha256,8fe4e7bbdca8bc5c938beb411961bb01ef9ffb36d972bef7da04c33565b467cc,2026-03-12 12:54:44,malwarebazaar,0.9000
sha256,9a9cd60f80414c625cf3294b98481957db92f8b2a78e612d1284ac0c91870cb3,2026-03-12 15:23:46,malwarebazaar,0.9000
sha256,782ac2164a0d23b4e60c03c5f9722d52c7271b0a5531aa2b108463cf92507a67,2026-03-12 17:28:47,malwarebazaar,0.9000
sha256,4b368deb9cb5e2b1ee4d5301a339a8520462b2d98747ea719894455536523243,2026-03-12 19:54:32,malwarebazaar,0.9000
sha256,8ca2c9617bdb41c99880091d7ed9182213770e81db8b9129559b413fab812426,2026-03-12 20:25:08,malwarebazaar,0.9000
sha256,2d00f9db923b61dca9542aee2298ef87639480b770b1af48c86b156e33388425,2026-03-13 14:27:43,malwarebazaar,0.9000
sha256,4c3d4ecf06d4926f395adc857b333eb49ab7b21ab412512eed50ce7c4e1ba6fb,2026-03-13 20:35:07,malwarebazaar,0.9000
sha256,8e4630490803b2a94b44ccc85605eee1120274b7dc206d1b164d1a44484ce094,2026-03-14 16:46:06,malwarebazaar,0.9000
sha256,2b547b9522e538f571eb9c03bb9d95eaf6d18e4ee9292654b9a8a01b94555ecd,2026-03-14 18:34:42,malwarebazaar,0.9000
sha256,570693a6bd10e98ca7c67510f7da41e11ad6d055179c7a9f9bfdd9cf8a39ac78,2026-03-14 19:04:05,malwarebazaar,0.9000
sha256,b89bc8bad5ac269240d796dab22990a8d730cb295532dff4b92bedf76d58615d,2026-03-14 19:06:07,malwarebazaar,0.9000
sha256,3fe85714960499a2df3580edf0cf07cbbd74acf67ae2bfe23f59f87d26805627,2026-03-14 19:14:46,malwarebazaar,0.9000
sha256,8dcfc3264df4cb34f29f992dbcddb80813f6ca934fc817bab741554c5a347ad7,2026-03-14 19:21:18,malwarebazaar,0.9000
sha256,b30aa1159a660f71f48c58c75e2844e3342108e4e3fbd72487aa0e2662da3d8a,2026-03-14 19:36:17,malwarebazaar,0.9000
sha256,60ca76c8721cac0b8fb9daac721242ae7ae708ca948d096d54c5cc18f31541b1,2026-03-14 19:38:43,malwarebazaar,0.9000
sha256,bae9ebf2286071c5bc562644c8b056767705ee528e9fd52145db6adeec96c33a,2026-03-15 13:21:12,malwarebazaar,0.9000
sha256,0a4d85148ad5851b4db1fcd4337cad89d488151359dbdb98be518bff0e403cbd,2026-03-15 13:55:17,malwarebazaar,0.9000
sha256,99f9f9125484b63c3abd922c0cdbad4ee8b85366f5fcbc2b391379a2295a2701,2026-03-15 15:35:30,malwarebazaar,0.9000
sha256,40d44ba0b24aba1f6610dddb436dcc054d6f67da9c49f70a32c4bda113008c17,2026-03-15 16:24:38,malwarebazaar,0.9000
sha256,4f745300cafa61916be7a4e403c593c3f399a179aa73593d8e5229577b64eee5,2026-03-16 04:03:42,malwarebazaar,0.9000
sha256,30dcf5b00caa20bdcd20aaab0c3ed0bceca35d94a0b5791df113ea2cfeea4d0e,2026-03-16 05:53:21,malwarebazaar,0.9000
sha256,96ab7d863f04da8870f5966a24666f618ebd037dd67e2923dc357e20532149cb,2026-03-16 08:14:46,malwarebazaar,0.9000
sha256,4e680b23c247b8a8e5231879c0ffc701086ea831fbaae35263d39dff28b704dc,2026-03-16 12:30:09,malwarebazaar,0.9000
sha256,87b72675e8a624573c91488e43fd04dc3489d1bc3c614271ab7e0561bee49f68,2026-03-16 12:30:09,malwarebazaar,0.9000
sha256,2ef1e96e9a001dc691326da2223ea8f260cebdc77269f9d92ebcb5abeb9ff6dc,2026-03-16 12:30:20,malwarebazaar,0.9000
sha256,a23faad998ccfd975f0123b836dd65c158f931f1ea3c01e5415c82a148b08f89,2026-03-16 17:27:16,malwarebazaar,0.9000
sha256,535ada9c0c833577ab9489386fad8fc02e9629fe8d038e3dedb3db261868e0ed,2026-03-17 01:33:49,malwarebazaar,0.9000
sha256,c6d18dd01ae4fd2db8adf18c6bf1876e14a6cd190aeefb12e3c2b3bb14843930,2026-03-17 12:50:01,malwarebazaar,0.9000
sha256,0a186ec5124bf16e52ddb923d8aa4e16a54ab1156bd846b512e516619fa19532,2026-03-17 16:12:40,malwarebazaar,0.9000
sha256,888758c6b4596257f64c296b12d3a10218066bf3221f8015d669a00d2d2db056,2026-03-18 09:45:05,malwarebazaar,0.9000
sha256,7a35bb8a98321390a20f21890448b5ce19ff3c14d7a102ae714d911397220360,2026-03-18 09:46:09,malwarebazaar,0.9000
sha256,0119975b2b3d043ba32b6ca3b735b5e7defd0aa0bbcd5a43dad28d1e3003de9e,2026-03-18 10:04:32,malwarebazaar,0.9000
sha256,6ce99f1c6f64c4e7e622285ed1eb35fd8c2dc4615f15a674e829968ac2cdfcc7,2026-03-18 10:22:40,malwarebazaar,0.9000
sha256,3c594b6652de9bcb3f072008dbff1f4c35c56270acb65574f01ded9bed95bbbe,2026-03-18 12:45:27,malwarebazaar,0.9000
sha256,a9cbb1b3305d042e03d3e94b2d9cb93e46a230e150e9843a837749b0217a0d2f,2026-03-18 12:46:46,malwarebazaar,0.9000
sha256,1cf02c7f7f62f22e6a225977f9f72d9e98b60e61409dad09d8beb89c80a33a9c,2026-03-18 12:47:21,malwarebazaar,0.9000
sha256,4bcb31282f269295b1e6cc0ede73829d022c11aa794eab02ea5a6bb54ed17c58,2026-03-18 14:29:35,malwarebazaar,0.9000
sha256,8df44e3d818fcb9bea9235e028409285e24c9f06a7ead678be1aeb82475535f8,2026-03-18 14:34:22,malwarebazaar,0.9000
sha256,300d84eaa7b7498e4ecc1535b0fa7742d72285bd2b5b7f90b9192ad7d9e94f40,2026-03-18 18:56:21,malwarebazaar,0.9000
sha256,2808f2134ab9830def2aea030248c5cc7c353c409ef7fe5c34292ca6eb490039,2026-03-18 20:20:07,malwarebazaar,0.9000
sha256,2828d9017bed60749cdc77ab4661ab2025c7959d1b2505bfcaefbcaadfcd49d4,2026-03-18 21:41:44,malwarebazaar,0.9000
sha256,8b012d3d775bd32f503cb84a6889d786c06623eeb8c840bd8c03073971530f52,2026-03-19 02:46:35,malwarebazaar,0.9000
sha256,81f5426df131002c8112c56d9a6907538de6bee78b0dc97c3ab62efa91aed0ab,2026-03-19 05:25:32,malwarebazaar,0.9000
sha256,7f6738ab82a912c87f59894f9f6bf3a7c69d4ca5d888b4ab8950467bdd327c70,2026-03-19 05:26:12,malwarebazaar,0.9000
sha256,41b1d68e1aa97220d97108313d896893d7204ce935c84eb07aac1213351097e6,2026-03-19 12:00:19,malwarebazaar,0.9000
sha256,8fc99d95e5e736e838b5b3237d5d656c4b8de9a75100e01a834e45dd76917dcd,2026-03-19 13:15:28,malwarebazaar,0.9000
sha256,343c989bcad8842c0a01e23538cca8037aebd48a11fbe973fed68b4f197798e9,2026-03-19 13:17:09,malwarebazaar,0.9000
sha256,687d77fe30bb03ee9ea9b880953e4c2c1c452dca27d3c7953f340c055e299916,2026-03-19 13:57:10,malwarebazaar,0.9000
sha256,3507a2757ff8521aec61165f7cb7a42c8c96f7058bfd4a7b26a81006b67198a3,2026-03-19 18:51:24,malwarebazaar,0.9000
sha256,fdc4416c4836f996afbe02d1f1ee21e8437c8b5e49b3cc01ea2f1255bccf59a1,2026-03-20 03:15:45,malwarebazaar,0.9000
sha256,6a3368fb5ffab1283df539c6f17cb1244b563f5a3ad94d96adcde2dcadab66ae,2026-03-20 07:13:23,malwarebazaar,0.9000
sha256,d165c4d72c0bff469d16f73e1840cb6edcdcfcb2785d136dbd8646db668c236a,2026-03-20 08:56:06,malwarebazaar,0.9000
sha256,3c7f6b27fa9226afffba94d5069801a22ad682a08a580e930c77d0b259929958,2026-03-20 21:43:02,malwarebazaar,0.9000
sha256,06ebfc6b06f389830e352fb57f814b4b80fe12236c0451681b06e9fa4172091f,2026-03-21 09:21:57,malwarebazaar,0.9000
sha256,c802568939fc9ef1bc415bab56245407e0d56756c6d20aaa6987cdccea0b6394,2026-03-21 09:24:21,malwarebazaar,0.9000
sha256,82ad4935906066cb036d76c6a97d240da7db4922118607da5aebf6de59df3aa6,2026-03-21 09:25:48,malwarebazaar,0.9000
sha256,401ce6db92e4eaa12db08edf230bae05e15117ae737b221358827c9af40d7e34,2026-03-21 09:57:12,malwarebazaar,0.9000
sha256,ccac0c0dbe55becd51595d6cdb334bbfde05be85c131515773046c83eb73d354,2026-03-21 09:57:20,malwarebazaar,0.9000
sha256,518f1f214fc69d862820e4b5453e52967a3cb42a08f04830270e1b29bda955b6,2026-03-21 10:47:41,malwarebazaar,0.9000
sha256,0ec73ab9b92b3b1435f57f6b1aefc28f913047f61994ee1e42eee6a70444b998,2026-03-21 10:47:51,malwarebazaar,0.9000
sha256,59acf4ae2a676101f77b8fe254a6c9f488f126bcc879d1b86fec7860a0e539d2,2026-03-21 14:20:31,malwarebazaar,0.9000
sha256,1e3d5fe030122186af6224340deb2440165cf36a932b59ef03d8fc2ca57495b3,2026-03-22 01:45:10,malwarebazaar,0.9000
sha256,38d77ee3b4bc2de460b33d2412981298496a0beb04efc3203ebfedddf5df5aa7,2026-03-23 02:36:01,malwarebazaar,0.9000
sha256,2060843297ed37182ee31e4e94afc86a7821f6493125cdbc6391d28a7f933330,2026-03-23 07:14:57,malwarebazaar,0.9000
sha256,303cb96b7e8f6c0e6f41d4cb1683ee22093a9efb4031f900cabf56b88ff830e9,2026-03-23 07:16:08,malwarebazaar,0.9000
sha256,ed1717a4d27a0eb0c1e1ec157a7a6a8355bfd12649ea02540c6111396c8d4720,2026-03-23 07:16:45,malwarebazaar,0.9000
sha256,c69981d6496ab4c643857853b501bf11f97ad27750588af4e37fadf199acf4ce,2026-03-23 07:17:45,malwarebazaar,0.9000
sha256,b129aebdda7a4faae9ce6359e2f8d02e26c046710d542475fcc9024e9d38f840,2026-03-23 11:42:17,malwarebazaar,0.9000
sha256,1fcd45e99c12157e5b4b9df0a64a51a591eedfe96eb0575d88eb10af23603650,2026-03-23 11:44:21,malwarebazaar,0.9000
sha256,c365a4fa1ce9a63e25b0fd5c5a45ee30ce56a3815909bcc89c6053a1502aea77,2026-03-23 11:46:29,malwarebazaar,0.9000
sha256,e54e5dc4c2ff74bae064224b14beddf4b5199c1f06fb7344ec788735a0e378d1,2026-03-23 11:49:40,malwarebazaar,0.9000
sha256,af2d1f22ac1ea7c37f8c3a945e7aa18a9a3a52b34680fbd1ba3db68dca26d389,2026-03-23 12:51:23,malwarebazaar,0.9000
sha256,3756c250b313520c3f7277343e2f14c2098004699fd9fb4b7ace82c04dec0c20,2026-03-23 13:01:14,malwarebazaar,0.9000
sha256,950dbae7693938581beaa07a588c393927cd315e981936d85fe32d309cc8dac8,2026-03-23 13:06:54,malwarebazaar,0.9000
sha256,c900419b3bbe82ee2575baee02ae117465573706653cda154b8ccadaba663fad,2026-03-23 15:33:02,malwarebazaar,0.9000
sha256,1c698e81e5ed96948457ff4dd29cae521fb6106c191d52f4a7e208c54eae525b,2026-03-24 06:54:01,malwarebazaar,0.9000
sha256,1079c14f69f1dac1d28b8aea2d9700d699058a6b5005f2b0c609d758549bb74b,2026-03-24 09:51:02,malwarebazaar,0.9000
sha256,505b686537a646709ea054f37fe5e53973dd3778ffc66f36b93b75389d3ef42d,2026-03-24 12:35:34,malwarebazaar,0.9000
sha256,4bbec313a4cf2831c3b19b3bf261a3ead4bfeca3bd5ba79cb07960f4032a3db8,2026-03-24 13:29:37,malwarebazaar,0.9000
sha256,281a51a03eb13cc37ba96c5bebf409b3b459ba3c530dcb6ad09443fd5aa6667a,2026-03-24 13:29:43,malwarebazaar,0.9000
sha256,057dd07c9fe02bf1560249258a6bbe88a39f8d02a1a754ff655ad83f99341669,2026-03-24 13:43:40,malwarebazaar,0.9000
sha256,0c720fd7c7f4eb066df35497ae0e43207880cbfd0f6b55f3f05288641dbd860a,2026-03-24 13:50:59,malwarebazaar,0.9000
sha256,987764596bdfbd4c30457522e3abc0ac4dc7a754c7dc40076ee95b1ec532ffb8,2026-03-24 14:12:21,malwarebazaar,0.9000
sha256,a46fe4eedf7348a2f09e85ecb679d0ac591668fd4bec85638b5440e5ad0b65db,2026-03-24 15:32:18,malwarebazaar,0.9000
sha256,0e04f973cfb197781075135134d8cc96f12cf42bf04c3da9abfc0e0a83bd345c,2026-03-24 16:22:25,malwarebazaar,0.9000
sha256,301f45ab43a8e2bb80c54b6f4b5ba7b45b528b0b786a64fe40e8c3b4945baf3f,2026-03-24 16:24:18,malwarebazaar,0.9000
sha256,91bc13f366256976966793fcca5d0d0ae15ccae4322f7ba95cd596576216128b,2026-03-24 17:05:33,malwarebazaar,0.9000
sha256,830f766427911880fb8b8eb56bbffd74fa5ed81a332da2080bb688acfdb26197,2026-03-24 19:30:13,malwarebazaar,0.9000
sha256,293ce7787dac8259ee3212aa8c41b2d6f959a7f6e6bc7eb1dd0b6b32821c80c4,2026-03-24 22:55:10,malwarebazaar,0.9000
sha256,57e24050c502a859421b68b57eb37c74d02078ccf5c1b9636282d48f37aeabbb,2026-03-25 01:01:16,malwarebazaar,0.9000
sha256,97faf349dc914bf3e3b2ef935aa8d8c8098f978f3dd3897a7ef99e6e705938fe,2026-03-25 07:01:42,malwarebazaar,0.9000
sha256,176eb6a210ef31133ce2ec5c41e896f1ac96c33709616bea8e03d28462aa5626,2026-03-25 07:06:55,malwarebazaar,0.9000
sha256,fbd211368caaf8ea51ac8cd8125b0a0bb001587a0870faa180d42bf00ef1e216,2026-03-25 07:08:25,malwarebazaar,0.9000
sha256,2bfc4299b79cffb90c2eae5f647639671db14f358d28acfadc3de0023e8e5560,2026-03-25 07:12:08,malwarebazaar,0.9000
sha256,c83c39593c7732002d4d91121be6fcfe2986a7d0a94d34d8f24455575ad477e5,2026-03-25 08:24:25,malwarebazaar,0.9000
sha256,9cc5419f02b532abc4c33f28b88c98614170039075ddaca52137e81496b3021c,2026-03-25 08:24:37,malwarebazaar,0.9000
sha256,746faa8065aaf8abe217f4ad5f1101e3220a558ca0ca74a188325c27a6b9f641,2026-03-25 08:36:47,malwarebazaar,0.9000
sha256,c295e79531d4c0f0769579836191f56a27f661d028e64cc80ce9fce50a520560,2026-03-25 08:43:17,malwarebazaar,0.9000
sha256,1e6c448a69a5018bc992062b97c761937d69d7e96723993421be2ead6431cc0f,2026-03-25 10:30:08,malwarebazaar,0.9000
sha256,032e7992f0358d0d6cd328040276749dbbe7da195697d2e9b17b40fba9790094,2026-03-25 12:53:42,malwarebazaar,0.9000
sha256,16f71d70e86bffd2cb228bc482e2f4335c56e7d91180c7ce37f74b8f2ff73e25,2026-03-25 12:54:26,malwarebazaar,0.9000
sha256,ab6d800db2a1f40b04910b8ef5913bf2f55948c383850be8a07278689c744fc3,2026-03-25 16:10:53,malwarebazaar,0.9000
sha256,60cf9fc50c032dedfcb010fd9979d08e2ebb1ef074f2c60ae63f9baae7f8f601,2026-03-26 04:26:30,malwarebazaar,0.9000
sha256,c587a9c9e79c08f4ff79f70a9e7a17d64ae6fce4214c06bc092f0a8af95d3367,2026-03-26 06:48:17,malwarebazaar,0.9000
sha256,37b020efab9c0299add56cfb9fdbeec636dd3d3d96884cdeb34469fc624173b6,2026-03-26 07:29:56,malwarebazaar,0.9000
sha256,6f1d4e000f061cc174dad0c936951019bdd5594a0085d7931afcc74ae364a9bd,2026-03-26 08:08:26,malwarebazaar,0.9000
sha256,b05d03db48eb1c5a8ff6c45f479530211c52c402079b5200ed58177f140a1d5f,2026-03-26 08:09:21,malwarebazaar,0.9000
sha256,be38bb3d0febd6cfca7fee8eae103ac9f3cd7396c69312309ae36261766e3e17,2026-03-27 08:10:52,malwarebazaar,0.9000
sha256,60d7ecfa5459d57946bad25c71577ddff454bde012fd802d340830a6a6a4d94f,2026-03-27 16:34:41,malwarebazaar,0.9000
sha256,8886deeb1f13a0c21d14ab2db36d984b7af51c6c9e5608d65aac5ac7aba2da49,2026-03-27 16:35:27,malwarebazaar,0.9000
sha256,30829f3086c52d01a07501ea2ef51c0c94ae8045777e117feb7b41cb0743c421,2026-03-27 16:36:40,malwarebazaar,0.9000
sha256,ac4575174673030dfe2404cde288ac17313f73ccf53731444b2b3ee804ab3f0c,2026-03-27 16:37:04,malwarebazaar,0.9000
sha256,37c46a92769ed3195fa6f75ec7783a170d7e8e98063cfc0307fcb03c17e1f652,2026-03-29 19:00:10,malwarebazaar,0.9000
sha256,5a29d662e1c3f2ebf77086eb10068bf3184434da5cd1de2ca0b921be701bde88,2026-03-29 21:00:10,malwarebazaar,0.9000
sha256,b7488aa0d051049f11afc6978d59086f1998d42af56c38de6dce85085d1658f9,2026-03-29 23:05:27,malwarebazaar,0.9000
sha256,22fc997ac6c6a621ea50f6c15a124432e9a9e0c2f86bb9a9014b513207cacdf0,2026-03-30 06:48:56,malwarebazaar,0.9000
sha256,275bf4063b21fd2c5082b240d8db243e19f3bc1d02652dd3c85e3a59c236994c,2026-03-30 06:53:22,malwarebazaar,0.9000
sha256,a082e8c86a206f9e660c51c356fcf7804b0bac08951a7c55e06f13f5ae3cf1ae,2026-03-30 06:53:55,malwarebazaar,0.9000
sha256,2a18e7d8393d65193e5f02ab329796cae6d97a3af7f1bd146d9cd3829f5e7a6f,2026-03-30 13:10:13,malwarebazaar,0.9000
sha256,5b3089eefab0e043af8894de86022bdc6df2f42f7098dbd530f42c0ec861d5d8,2026-03-30 13:22:15,malwarebazaar,0.9000
sha256,017849e593fb62b78b65843da6af9ec5dbe85623a38b238c60a21ea5866ec600,2026-03-30 13:44:03,malwarebazaar,0.9000
sha256,9efe4963f077696de97b18cff579bc0a7a317d7d533f92b014e47914d09cd3bd,2026-03-30 15:16:06,malwarebazaar,0.9000
sha256,44f23052f2fd19cafef38adb1d146e348a8bd9b61c4ce608ad062440ec364286,2026-03-30 15:16:23,malwarebazaar,0.9000
sha256,434fe31c97eb8cb0b0a917ac582bba2fff11e02544425164fca7cee520d239f9,2026-03-30 15:16:31,malwarebazaar,0.9000
sha256,32cad76bb888bbbf53ee40977f90b612ca41b2af749eacaa3ad3af5d0c2da268,2026-03-30 15:16:40,malwarebazaar,0.9000
sha256,170852ad01f40abf3922f8520fa170a5965038fa28f0b1878c1cbae4b7424f05,2026-03-30 15:16:48,malwarebazaar,0.9000
sha256,ba2a7da1372b50932c011ae4b926c24deda4b6f1d6077e761be1deeea2249ba5,2026-03-31 06:47:16,malwarebazaar,0.9000
sha256,bc330757e04b4288f56c156273bf486b4f94c8665f52c4888db8fe63b9df923e,2026-03-31 07:29:41,malwarebazaar,0.9000
sha256,221367d0998608cbf888f56cc107af6e4307606fb87bb53579dfcad1f0619819,2026-03-31 16:55:04,malwarebazaar,0.9000
sha256,1ab6dc490b9ed586b753cde9d7ad0209b5577b29d929fabaf7ce67bc2eb1ab6e,2026-03-31 17:41:14,malwarebazaar,0.9000
sha256,0a4118fe4308cbb2db46ba76de82d70345b00cd3ec93167056fc572e8d4c4f64,2026-03-31 17:41:24,malwarebazaar,0.9000
sha256,8cda591f526a09954c7a60337daa767be7948367ee52accebc30061be1dc581a,2026-03-31 17:54:49,malwarebazaar,0.9000
sha256,d50e189d3306616047d9b438999ffd2810967341e2bf8251b073f631939dc3c0,2026-04-01 02:50:27,malwarebazaar,0.9000
sha256,a52d7e811609cce5a2aacaf70a63a90f4aebb324f17a224b043069c4f7384ac3,2026-04-01 07:30:25,malwarebazaar,0.9000
sha256,a51941c053e0edcca2368d4c0e08878b04c497e8aaebe5621386fbd10d7122bf,2026-04-01 09:18:02,malwarebazaar,0.9000
sha256,45dec334575199a17f733f0001e315d55e9836fdc9508f8983fbfb2d20e739c1,2026-04-01 09:26:38,malwarebazaar,0.9000
sha256,830e7555a21ef8eaf7c0476595d116806d5351e5e6d1e458f10cf9e7e93d7dd9,2026-04-01 10:36:32,malwarebazaar,0.9000
sha256,30bb939fad6a6fcb35f509012cdd40a9b5b1a600566a270c9627a02a72b96d70,2026-04-01 11:48:28,malwarebazaar,0.9000
sha256,57042f24dd6be7714d9b9dfe7cfb70fbbf717341e85dd1bca82153ff19e4e909,2026-04-01 23:30:13,malwarebazaar,0.9000
sha256,a0f64f3bb700ae9170efc662301196fe5d635dbbc72985164537a87602d6bf16,2026-04-02 02:53:27,malwarebazaar,0.9000
sha256,4bda75eedbe6b367acf6dfad1046847f5dd74968580a2a76e76f51c48d9a4309,2026-04-02 04:12:53,malwarebazaar,0.9000
sha256,01f70dc5175c6daae296b4dbba49897b1fb6e5a294f26b045a6debf7b49faa11,2026-04-02 05:21:35,malwarebazaar,0.9000
sha256,8d7252df516b2151ac14532a7baf6ffc3eb745f33b8f247b593eb0172ec8f971,2026-04-02 16:34:07,malwarebazaar,0.9000
sha256,89d8a5c61f78e93fb13f9aaf424161b02cc7f9508f69d8d2209cca2a5c2ed12e,2026-04-03 17:56:29,malwarebazaar,0.9000
sha256,149bf791a0d8a880ebdd777389bfa7a96570c121749aed03721d3af7d0e9aa28,2026-04-03 19:22:19,malwarebazaar,0.9000
sha256,6f25b64efa6c3595eccd87c8c3a1f5265950b3f64bdcde882338ad9d84712f02,2026-04-05 11:34:41,malwarebazaar,0.9000
sha256,fad38aff8a369937c5cb5029cba603c2322db0ebbc6adc21fcc92f1ac42c0877,2026-04-06 20:40:22,malwarebazaar,0.9000
sha256,daa6591561e413c1fd5d29bfcd15224730a56c96099a7cb05f6efa40da312f2b,2026-04-06 20:40:27,malwarebazaar,0.9000
sha256,32839e5fa6a7e0f95d88153b87b2234f07df06228b9f62517a1b47a737e5d1ed,2026-04-07 08:15:55,malwarebazaar,0.9000
sha256,ec597e6597d208829c1162c2b4079f04d5fe9ebf89fafa63fc97f6ffcd139d2f,2026-04-07 09:14:44,malwarebazaar,0.9000
sha256,020643859d860215d31c7e7201e40a1ff61a11ad5ea23fd1dac85b1f2bdbb3c8,2026-04-07 09:17:47,malwarebazaar,0.9000
sha256,5087e50b304303f10e4d17c94d6fac000038a711017407086c02268b66181040,2026-04-07 10:06:57,malwarebazaar,0.9000
sha256,494b7386dd15192888bf519e0f72d74597f20d03835bf567756096627df6325b,2026-04-08 01:33:21,malwarebazaar,0.9000
sha256,2ff1097ed1f607c9e499441e8ba6bdf8592f831d558b923bd4271bd6d1840abf,2026-04-08 06:07:38,malwarebazaar,0.9000
sha256,2d80dc323c5aed21b40ee8f54a1d9c8ab6897799da8859cc8fcfa61d8674e120,2026-04-08 06:40:57,malwarebazaar,0.9000
sha256,58dad36605825cfee52c608af3e1243d9375189967479a7bfdb98ba682d55a51,2026-04-08 21:00:27,malwarebazaar,0.9000
sha256,5bd356b14a0647170924904f7c0411d62ca79733594fe6f7d8277dd68c1ca217,2026-04-09 07:12:53,malwarebazaar,0.9000
sha256,7ce2e5d6bcea978ad3f2914525bbfb47a2d54eec4dc8a61d0e357d34c68850ed,2026-04-09 07:12:57,malwarebazaar,0.9000
sha256,278f4030a23f3482e099f08701890f9d0dbf21612fb8493ab663bbf911efe982,2026-04-09 07:15:21,malwarebazaar,0.9000
sha256,765e69564a235c9eac6d724c685066b120cfbdd22ccf40543b3f663427003e4a,2026-04-09 10:04:43,malwarebazaar,0.9000
sha256,5995619538451240522fb723981483537c1d8d0b4bd6601bc1574c0bfa4acd18,2026-04-09 14:19:37,malwarebazaar,0.9000
sha256,6b3303190ab4b02f024f4e5378cf1bada900ed3b9a89796d467b76e425a7358e,2026-04-09 22:30:11,malwarebazaar,0.9000
sha256,94714281345e7a8502f05edc3f192bb7889702a5cb2b31adcbae49e5d59c7b8b,2026-04-10 04:20:17,malwarebazaar,0.9000
sha256,09f1b9609beb0339a6111e53354f2b1b160022e908771b8f03a67c214def996e,2026-04-10 12:24:34,malwarebazaar,0.9000
sha256,59651977a6d83923377d664eb430237a58a2e58d52cf4619f7741bec6bc1a503,2026-04-11 08:00:57,malwarebazaar,0.9000
sha256,a9fff657717fc3bcfb1033ee50bc3d13e2dda381e90440f01b2f15b988ec0613,2026-04-13 07:40:00,malwarebazaar,0.9000
sha256,7fc74aa31dd8efffc1ea7bf27af20fbd76f30ee09f7b821e8b0d761f4ae641c3,2026-04-13 07:42:00,malwarebazaar,0.9000
sha256,06908382bc3ed4c8eb132355220413b5db3d9e61fa25d89e3de96c5d0fd9c410,2026-04-13 12:39:00,malwarebazaar,0.9000
sha256,47dd6cfb102a1b35af96e3b0608125f3389f748f35608701d76f2a1392b3ea15,2026-04-13 12:39:04,malwarebazaar,0.9000
sha256,683ec0acbf8bde9238b5def149f656a580c5f221eaa83b8704c836f8eead7d04,2026-04-13 12:39:07,malwarebazaar,0.9000
sha256,2ca8575a0980f59b14a4584040ecc7e782c39f03bc0aab98a2dbff47d3248ec7,2026-04-13 13:05:08,malwarebazaar,0.9000
sha256,36efbc313122f82b029788f5c0055eb59aef2be2682078257ac27d572cefcfb7,2026-04-13 13:10:32,malwarebazaar,0.9000
sha256,5b967d1bf886ea8bc900e66b55a8707e96ebee8bdb9720d55680209ffb9240ec,2026-04-13 13:53:51,malwarebazaar,0.9000
sha256,40abc182a584480c59ca25a0a115f441c0c82ccf8e87f195143301027c32000d,2026-04-13 14:56:16,malwarebazaar,0.9000
sha256,fdd5178424df3b5abdfdee000b8fb4f8d0d376d92e875a29c3aaae4a8c82d0bc,2026-04-13 20:35:25,malwarebazaar,0.9000
sha256,2a66517cedacb808725403d02b88dbdd47067f29fd2ae957b90ca22460bf0f23,2026-04-13 23:12:45,malwarebazaar,0.9000
sha256,458006548ab9c613545ee5732262593ed09b01d3b9cff93dfe10ecb38923a469,2026-04-13 23:22:21,malwarebazaar,0.9000
sha256,2b0f5546b026f1b961571048572b0b9ec5adb52442746c96e9bf787a2bb7ec5d,2026-04-14 06:17:56,malwarebazaar,0.9000
sha256,ba358abb563715ca425f9fce0b861227256c857284509a7989191f35e484239b,2026-04-14 06:25:25,malwarebazaar,0.9000
sha256,73557dc8233fcda24372d21242f53d9219cc3a608df731653e2145f8dbf6d11b,2026-04-14 06:25:30,malwarebazaar,0.9000
sha256,78ce16d28d23b47057cb1f978f00cbd75833d90d9fbab9e5c0c2f102854844a4,2026-04-14 07:15:51,malwarebazaar,0.9000
sha256,b52868a2066e8432cce67c35fdfa3acc675ad0537e15973155cf4b04f2066e85,2026-04-14 07:54:25,malwarebazaar,0.9000
sha256,0eaa4f2b818c69f113d4b98d4840c827c76a407fed4653c5f9b8114c7d815261,2026-04-14 08:01:51,malwarebazaar,0.9000
sha256,c8e7131b8bbbfa3693d17161e00b5d4a0ad9091ffbc1b9917f4d239ba7f314ac,2026-04-14 09:06:36,malwarebazaar,0.9000
sha256,71378f155d0372c15911756feaf6b61c3ab0725bbc67155967caeddad949ba84,2026-04-14 09:22:34,malwarebazaar,0.9000
sha256,589451cb37604823b4e83b230fa89c2cb991657b322aaa761011e1b39d67f1ac,2026-04-14 12:43:29,malwarebazaar,0.9000
sha256,2af86dcc149f8d47bd2873c929d6b9cf03af542e03b4d14e1043fe9bac91e073,2026-04-14 21:34:21,malwarebazaar,0.9000
sha256,40bfdb62bcd0ad5f2c09f33df6ce43f61e2da683ae7ae86cd479c8d567612780,2026-04-15 01:21:18,malwarebazaar,0.9000
sha256,ace4105ecee76b1e9157c9680b0b7a35c17548f872b1d474bd57e352739756f8,2026-04-15 01:21:25,malwarebazaar,0.9000
sha256,74164a66eb155d2ef2e03a806a6247ac47c1b5a2cb4c69576f36f00397dd57bd,2026-04-15 03:31:17,malwarebazaar,0.9000
sha256,c948d21b800bee0f1793b843d03607b5dc297dce916b004dc6b9862cd3c62fa8,2026-04-15 07:52:11,malwarebazaar,0.9000
sha256,a7b3f28b7609eac91df3e7d1fb9cebd2cba826a0d8caaa660b17241548cc61f0,2026-04-15 09:59:48,malwarebazaar,0.9000
sha256,6aec1b91b8f387fafbb986d5eb0ca896deeb3453f2a58584e53a34e5987b3f63,2026-04-15 10:00:06,malwarebazaar,0.9000
sha256,b1565fd6ea44f78467ddc9e30a9456d7579596a375f5609540f5e8529b9a407e,2026-04-15 10:01:51,malwarebazaar,0.9000
sha256,bda7416cdceea1a0fedd3ad8f9f96d6a91e60bd5217869fc8f06d8533a6752fd,2026-04-15 11:19:21,malwarebazaar,0.9000
sha256,b4e80f7bb2c6048f0918b039aa8ad5d54d27d0771cf844c30b60e1ca797f2dc0,2026-04-15 13:12:22,malwarebazaar,0.9000
sha256,77909608655f3081e0a5003e967326a4b57f7f1285e659c58d3aeab9b6778a64,2026-04-15 13:12:36,malwarebazaar,0.9000
sha256,bf70216afcd00c6f444061bbf8674f7e87166e7e78864621442f178903cca262,2026-04-15 13:20:19,malwarebazaar,0.9000
sha256,9ed326af6d4654726024516910d0b04f395db2216dc6c998adaa2db2639f0fde,2026-04-15 13:21:06,malwarebazaar,0.9000
sha256,49143d53152b124ca1e1dc3c80d93ac71273d076b8c05721655a693ff31a0849,2026-04-15 13:21:20,malwarebazaar,0.9000
sha256,a9162085e46a67728e0f4a05a1adaeb4221ccffb0954b1ec80e976250307450a,2026-04-15 13:22:23,malwarebazaar,0.9000
sha256,98472b134ae427132d830061d85ad2251cdc9c8901ae84fb435d75ed383c0763,2026-04-15 15:02:26,malwarebazaar,0.9000
sha256,242fa6fe46dba02d3638c2a4907fd19d6de540daf9a3c690603eb316ce1f0d02,2026-04-15 20:41:17,malwarebazaar,0.9000
sha256,5646873f89e3468c306385ef3d65b7daf63aeee4128553c3224c75cb0e6902ca,2026-04-15 22:00:16,malwarebazaar,0.9000
sha256,37fb059d66f036d9fcbde38eae1f577e5c214713ed0f2c2ff42f893c3b16e035,2026-04-15 22:00:17,malwarebazaar,0.9000
process_event,proc-sigma-benign-001,2026-04-15T01:00:00+00:00,sigma,0.2500
ip,203.0.113.18,2026-04-15T05:12:00+00:00,snort,0.1800
ip,203.0.113.61,2026-04-15T07:42:00+00:00,snort,0.2400
sha256,file-yara-benign-001,2026-04-15T08:10:00+00:00,yara,0.1800
process_event,proc-sigma-fp-004,2026-04-15T09:40:00+00:00,sigma,0.6000
sha256,file-yara-lbenign-002,2026-04-15T10:23:00+00:00,yara,0.2000
sha256,file-yara-fp-006,2026-04-15T11:02:00+00:00,yara,0.2400
sha256,file-yara-susp-003,2026-04-15T14:10:00+00:00,yara,0.6800
process_event,proc-sigma-susp-002,2026-04-15T15:35:00+00:00,sigma,0.6000
sha256,file-yara-lmal-004,2026-04-15T16:44:00+00:00,yara,0.8200
ip,198.51.100.44,2026-04-15T17:02:00+00:00,snort,0.6800
ip,198.51.100.44,2026-04-15T17:02:10+00:00,snort,0.6800
ip,198.51.100.99,2026-04-15T18:41:00+00:00,snort,0.6800
sha256,file-yara-mal-005,2026-04-15T19:03:00+00:00,yara,0.9200
process_event,proc-sigma-mal-003,2026-04-15T19:03:10+00:00,sigma,0.9200
ip,198.51.100.88,2026-04-15T19:03:42+00:00,snort,0.9200
ip,203.0.113.99,2026-04-15T19:22:00+00:00,snort,0.4200
sha256,file-yara-inev-007,2026-04-15T22:40:00+00:00,yara,0.4200
process_event,proc-sigma-inev-005,2026-04-15T23:11:00+00:00,sigma,0.2500
ip,192.0.2.53,2026-04-15T23:40:00+00:00,snort,0.4200
sha256,8e0350a63f2f0f98fae0774b7662f68cbbc73b3b00b08fe442faea3abf783a97,2026-04-16 01:51:20,malwarebazaar,0.9000
sha256,b87b2c09523ee7c17e8e6fbf53fc69b95b69cee9a8081b969e6eeadfb107c4ad,2026-04-16 02:23:54,malwarebazaar,0.9000
sha256,c3900a803dc86d1a56154be75e2d00b686a531cc123603311c185a2b297890b4,2026-04-16 02:24:11,malwarebazaar,0.9000
sha256,f66e675a6fd9b3b5d49c57fc4f7d07450c6ed7f7bd6ec985fdce5df7bd127cd4,2026-04-16 03:36:00,malwarebazaar,0.9000
sha256,ade9874ddc5fb64c27f3eecddeeabdddb4b62e341e1ec06f09fea29ac9e6baa5,2026-04-16 05:30:15,malwarebazaar,0.9000
sha256,f8bd9d3a4fbb5cdf6cd3779a4a8236946d7664c5cd037a34a08bb86a1aaac0be,2026-04-16 06:35:25,malwarebazaar,0.9000
sha256,8e818ed739a3ccb48ba3ea5ddce462b523e1245c9bcbb65ec2e02f1e41e57fa0,2026-04-16 06:43:34,malwarebazaar,0.9000
sha256,63fd57f5460f8e17045e41aed1b601f6fc6962f0de897b1d8a5f71d24dfd77e1,2026-04-16 06:46:08,malwarebazaar,0.9000
sha256,56670255c3df056f69f9d629402b2192337e8c8c6adb187e499605b5f7bef015,2026-04-16 07:58:18,malwarebazaar,0.9000
sha256,4a2bc726a75790e94e3854cd7f8b1f3a4f03c3d7e9f38569f3d8de02fbcb2c6b,2026-04-16 09:06:52,malwarebazaar,0.9000
sha256,4bfd0b95c3baf8b621e009aec5b92344e4e236ebc12b34fad891d0a1996668c6,2026-04-16 10:16:14,malwarebazaar,0.9000
sha256,a6af3a5ddaa2826d9d2415742afd12dc451647d7709b80b5c778125ba5c493a2,2026-04-16 10:25:16,malwarebazaar,0.9000
sha256,aa9a26dbe5fcfab9b87fe4433d35381bb381b219a499a8c427ed9e7762025359,2026-04-16 12:27:53,malwarebazaar,0.9000
sha256,6ad0f9685ddaf9f39d9543f83be82874e050455e0fc6f3d20481cf595e23f02d,2026-04-16 12:42:35,malwarebazaar,0.9000
sha256,0a0a53f19bafccc07381a2f7c3aaaa0b1c4af392bd6f63e35c7a7e592575eea0,2026-04-16 14:07:40,malwarebazaar,0.9000
sha256,7ac6aca27080b1a7a5c212363ef2ab61e5a34ef7f14ff2a83648bd1c77200011,2026-04-16 15:22:27,malwarebazaar,0.9000
sha256,4d7217646ca9888117eca11d773171776f077765b515a0320ce6168e1131c085,2026-04-16 23:19:25,malwarebazaar,0.9000
process_event,proc-alert-001,2026-04-16T07:50:00+00:00,sigma,0.8200
sha256,91fb5aaa9aba6094258f1a25ace0e1cdb4b2ef22520938ebedb400629e747392,2026-04-17 08:13:07,malwarebazaar,0.9000
sha256,ca12df158c7e0c07e1ce8ea3c083833469b6c60096238a30429c147fa3b55be2,2026-04-17 13:19:55,malwarebazaar,0.9000
sha256,2907d74d4bb3ce573ed471b7ddd96f2c49c9dc2b7c7485940651cd9fc1542080,2026-04-17 13:20:11,malwarebazaar,0.9000
sha256,1b74c34fb731f53604a0e2331bcc425a172b4760c9e2d6b21a4acf0f2511f9c3,2026-04-17 13:59:11,malwarebazaar,0.9000
sha256,2a843168b37124afc8a8daf552f5f8f5677776f82d85bc1828cffc15035018ce,2026-04-17 13:59:16,malwarebazaar,0.9000
sha256,8357d5620f2991fa16ae60944e9080a064fa2eed089839b754f8ac7dff0c8bd9,2026-04-17 13:59:55,malwarebazaar,0.9000
sha256,698e43542e1d562ec451d4a9b7f05e45256492d33bde848e3804df428e14cd2c,2026-04-17 14:13:54,malwarebazaar,0.9000
sha256,6a07a43a6bbc5bdd4ac435aa08feb6254ac020c6c708adbdd3c526fca24d5171,2026-04-17 14:25:29,malwarebazaar,0.9000
sha256,e49412097e84021f9079b43e61f6d46b8a1737d8bda33d43398d1f366a4d7839,2026-04-17 17:26:56,malwarebazaar,0.9000
sha256,718b193c2a43f30228d63416eb68c21019069368905bc6638a3f68504a0e1228,2026-04-17 18:35:15,malwarebazaar,0.9000
domain,latestfashiontrends.in.net,2026-04-19 10:01:12 UTC,threatfox,0.8200
domain,ransomware.it.com,2026-04-19 10:01:16 UTC,threatfox,0.8200
url,https://preenactable.com,2026-04-19 11:04:02 UTC,threatfox,0.8200
url,https://71idu6.6vxere.cc/D18vwHp8is014fv5vtsp82asu/sldpivslkuewa,2026-04-19 11:04:18 UTC,threatfox,0.9200
ip,91.92.241.160:443,2026-04-19 11:04:19 UTC,threatfox,0.8200
url,https://eawuf2lw.6przmf.cc/D3i1oHyede03ia15gcx88an5e/jdfxvvmdbctk,2026-04-19 11:04:19 UTC,threatfox,0.9200
ip,158.94.210.248:443,2026-04-19 11:04:22 UTC,threatfox,0.8200
url,https://i-like-boys.com/tree.vbs,2026-04-19 11:04:25 UTC,threatfox,0.9200
ip,94.232.46.16:8081,2026-04-19 11:04:26 UTC,threatfox,0.9200
ip,185.228.83.217:8443,2026-04-19 11:04:27 UTC,threatfox,0.9200
url,http://94.232.46.16:8081/login,2026-04-19 11:04:27 UTC,threatfox,0.9200
ip,185.211.100.50:5000,2026-04-19 11:04:29 UTC,threatfox,0.9200
url,http://185.228.83.217:8443/login,2026-04-19 11:04:29 UTC,threatfox,0.9200
ip,27.71.186.244:8889,2026-04-19 11:04:30 UTC,threatfox,0.9200
url,http://185.211.100.50:5000/login,2026-04-19 11:04:30 UTC,threatfox,0.9200
ip,218.244.142.4:8888,2026-04-19 11:04:31 UTC,threatfox,0.9200
ip,152.136.159.25:9999,2026-04-19 11:09:55 UTC,threatfox,0.9200
ip,124.71.25.92:8443,2026-04-19 11:10:00 UTC,threatfox,0.9200
ip,20.166.18.164:443,2026-04-19 11:10:19 UTC,threatfox,0.9200
ip,101.201.247.234:80,2026-04-19 11:10:35 UTC,threatfox,0.9200
ip,162.55.174.169:80,2026-04-19 11:12:41 UTC,threatfox,0.9200
ip,49.233.70.247:443,2026-04-19 11:12:42 UTC,threatfox,0.9200
ip,45.227.253.121:8080,2026-04-19 11:12:47 UTC,threatfox,0.9200
domain,bematacibol.ru,2026-04-19 13:02:47 UTC,threatfox,0.9200
domain,cdn1.wakecoin.xyz,2026-04-19 14:43:12 UTC,threatfox,0.8200
ip,118.25.183.203:80,2026-04-19 14:46:35 UTC,threatfox,0.8200
ip,149.88.86.94:8880,2026-04-19 14:47:49 UTC,threatfox,0.8200
url,https://adobeevoiv.duckdns.org/download.php,2026-04-19 15:48:51 UTC,threatfox,0.9200
url,https://adobeevoiv.duckdns.org/,2026-04-19 15:48:54 UTC,threatfox,0.9200
ip,170.75.168.148:443,2026-04-19 15:48:56 UTC,threatfox,0.8200
ip,170.75.175.19:443,2026-04-19 15:48:56 UTC,threatfox,0.8200
ip,42.224.96.49:50050,2026-04-19 15:48:58 UTC,threatfox,0.9200
ip,82.156.90.136:9180,2026-04-19 15:48:58 UTC,threatfox,0.9200
ip,38.127.138.77:139,2026-04-19 15:48:59 UTC,threatfox,0.9200
ip,45.59.117.67:9000,2026-04-19 15:48:59 UTC,threatfox,0.9200
ip,150.241.81.137:9000,2026-04-19 15:49:00 UTC,threatfox,0.9200
ip,38.124.86.76:139,2026-04-19 15:49:00 UTC,threatfox,0.9200
ip,138.226.236.215:8080,2026-04-19 15:49:02 UTC,threatfox,0.9200
ip,176.65.139.59:3778,2026-04-19 15:49:02 UTC,threatfox,0.8200
url,https://cake.presentlike.life/DivineX.zip,2026-04-19 15:49:02 UTC,threatfox,0.8200
ip,130.12.180.135:3000,2026-04-19 15:57:47 UTC,threatfox,0.8200
ip,178.16.54.109:3000,2026-04-19 15:57:47 UTC,threatfox,0.8200
ip,193.24.123.23:3000,2026-04-19 15:57:47 UTC,threatfox,0.8200
ip,2.56.179.16:3000,2026-04-19 15:57:47 UTC,threatfox,0.8200
domain,crystalxrat.net,2026-04-19 15:59:53 UTC,threatfox,0.9200
url,http://213.5.130.87,2026-04-19 18:25:29 UTC,threatfox,0.9200
sha256,7fed823191f3c1381f63d43e74dee66f451c6cc6bcb1cf753996e13aaec7921d,2026-04-20 04:28:10,malwarebazaar,0.9000
domain,somethingtapangelcominginourlifeforbless.duckdns.org,2026-04-20 04:35:41 UTC,threatfox,0.8200
ip,104.21.43.40:443,2026-04-20 05:15:07 UTC,threatfox,0.9200
ip,172.67.144.104:443,2026-04-20 05:15:19 UTC,threatfox,0.9200
ip,172.67.218.225:443,2026-04-20 05:15:28 UTC,threatfox,0.9200
ip,104.21.55.33:443,2026-04-20 05:15:36 UTC,threatfox,0.9200
ip,172.67.220.51:443,2026-04-20 05:15:44 UTC,threatfox,0.9200
ip,57.158.24.51:443,2026-04-20 05:16:21 UTC,threatfox,0.9200
ip,134.122.203.197:443,2026-04-20 05:16:32 UTC,threatfox,0.9200
ip,202.95.8.221:443,2026-04-20 05:16:45 UTC,threatfox,0.9200
ip,108.187.4.141:557,2026-04-20 05:16:54 UTC,threatfox,0.9200
domain,8s8s.it.com,2026-04-20 05:20:46 UTC,threatfox,0.8200
domain,alppconectt.sa.com,2026-04-20 05:20:52 UTC,threatfox,0.8200
domain,progressivetechworld.in.net,2026-04-20 05:20:58 UTC,threatfox,0.8200
domain,roservicescenter.in.net,2026-04-20 05:21:03 UTC,threatfox,0.8200
domain,sc88.earth,2026-04-20 05:21:08 UTC,threatfox,0.8200
ip,108.187.4.141:558,2026-04-20 05:21:50 UTC,threatfox,0.8200
url,https://3dty0o.6c8v35.cc/DwatoH1fih0rpng5xaf68vzeg/dvmoeiohmnbxvkpqj,2026-04-20 06:10:22 UTC,threatfox,0.9200
url,https://bbbge.imjckeee.com/ffapk/2bl6eu,2026-04-20 06:10:22 UTC,threatfox,0.9200
url,https://4e7.6vxere.cc/DitmyHwkoq0cauv5qx8l8kike/vjeuyfynrts,2026-04-20 06:10:24 UTC,threatfox,0.9200
url,https://h34l.627x9a.cc/Dyno6Hwdnx0fdz15y4d283x5c/wyaitrrgxlrddrgw,2026-04-20 06:10:26 UTC,threatfox,0.9200
url,https://nq82x0a.69mcg8.cc/Daid9H57z60z6lm5ajkp83cjq/swknnpwogege,2026-04-20 06:10:26 UTC,threatfox,0.9200
url,https://8h0o58b.6i2inr.cc/DhjvzHaff60clgv5viop8dryi/xjlsmekcqgdrni,2026-04-20 06:10:28 UTC,threatfox,0.9200
url,https://ub0io4.6hayo1.cc/DzovgHmxyw03d1j5d3498wov7/vhadqagyqndxv,2026-04-20 06:10:28 UTC,threatfox,0.9200
url,https://daxiwbq.6np5ya.cc/Dfyj3He9i30dnf65fkc68ism3/pxycsirihirh,2026-04-20 06:10:29 UTC,threatfox,0.9200
url,https://8g7ggpsha.6i8htz.cc/Dy186Hlvhp021jk5krre8jqf3/esynmlvsoxsbq,2026-04-20 06:10:30 UTC,threatfox,0.9200
url,https://xuu4nhf.6ifhpj.cc/DfhawHfirf0gun75s2ix8t7me/nmochieyhcgdoweg,2026-04-20 06:10:30 UTC,threatfox,0.9200
url,https://7axdz.6xkmet.cc/DzkyiHs58r0ok8f5wod58ppaw/dojjndefphyampydabp,2026-04-20 06:10:31 UTC,threatfox,0.9200
url,https://ihsh.6w9ryj.cc/Dtv7xHxz420gwla55xrv879jp/uchuiivtytrwsvnva,2026-04-20 06:10:32 UTC,threatfox,0.9200
url,https://rlii7whf.6ifhpj.cc/DrhksHggnu0o1xk54djf8qek8/wcqdmexhavnic,2026-04-20 06:10:32 UTC,threatfox,0.9200
url,https://bwib.6cvjua.cc/Due43Hs6z50r5su5jf1t88e9b/vtlqavffvirkh,2026-04-20 06:10:33 UTC,threatfox,0.9200
url,https://rqharrrm.6np5ya.cc/DvbkeHjsj307qwg5odb48qjzp/cenmhueskkouuux,2026-04-20 06:10:33 UTC,threatfox,0.9200
url,https://i6k.6p2s8s.cc/D4nh6Hzxug0uvec5u4py8kit6/ehenfxlyvhuj,2026-04-20 06:10:34 UTC,threatfox,0.9200
url,https://3jkqc5j.69mcg8.cc/D2l9tH2y6e0udga5q19m89thu/gfnqvlbndlmbmhjcex,2026-04-20 06:10:35 UTC,threatfox,0.9200
url,https://70csneb2.6bqbxr.cc/Da7u8Halrm0emvf5p2rb8vpj4/fjvoqwttejoxdgjksbd,2026-04-20 06:10:35 UTC,threatfox,0.9200
ip,80.96.113.253:8001,2026-04-20 06:10:36 UTC,threatfox,0.9200
url,https://gzcawbchv.6i8htz.cc/Dyag6H52kn0jiyd56rm38jh3w/fphpxarswycspg,2026-04-20 06:10:36 UTC,threatfox,0.9200
url,https://j7m5m4k.627x9a.cc/DjripHf63d095on5i3rb8vr3p/xfxmyhapjjabpnvd,2026-04-20 06:10:36 UTC,threatfox,0.9200
url,https://4qztty.66uc4x.cc/D6bfqH2bso0o71854a2v8hsyd/fpeixmdqwpipvcrhkha,2026-04-20 06:10:37 UTC,threatfox,0.9200
url,https://htijv.66uc4x.cc/D6omfH97p50pldw5lf158ug81/dbqobfyasmyhnpfbvm,2026-04-20 06:10:37 UTC,threatfox,0.9200
url,https://pdmh48ixc.6oxj9t.cc/D49wjHdt530afog5sebu8chz7/uuaeljxnxqxd,2026-04-20 06:10:37 UTC,threatfox,0.9200
url,https://6p1anuri2.6xkmet.cc/DklzrHrb2m043ko5d87o85dt6/ldtkqtglibsfudt,2026-04-20 06:10:38 UTC,threatfox,0.9200
sha256,aa444e210c232d199beb9807d9027f46158f3bd9f54a741e1985fd730060375e,2026-04-20 06:24:10,malwarebazaar,0.9000
sha256,7ea3c3e235eab6d1fc2b4d2e3db909337b874a2a341b868f2f132c5661eaf528,2026-04-20 06:24:50,malwarebazaar,0.9000
ip,172.245.4.229:2404,2026-04-20 06:27:09 UTC,threatfox,0.8200
domain,spadedevelopment.info,2026-04-20 06:30:08 UTC,threatfox,0.9200
domain,claud-new-tools591.pages.dev,2026-04-20 06:32:15 UTC,threatfox,0.9200
url,https://claud-new-tools591.pages.dev,2026-04-20 06:32:35 UTC,threatfox,0.9200
domain,cdn-102.undraftedsuction.cfd,2026-04-20 06:35:52 UTC,threatfox,0.9200
domain,arkypc.com,2026-04-20 06:36:15 UTC,threatfox,0.9200
url,https://arkypc.com/curl/c46084d53f2256206cd2695ec998a98418969f278381b1f0cc848f21815ec543,2026-04-20 06:36:38 UTC,threatfox,0.9200
url,https://arkypc.com/n8n/update,2026-04-20 06:37:43 UTC,threatfox,0.9200
ip,176.65.148.141:19286,2026-04-20 06:40:30 UTC,threatfox,0.8200
domain,download.get-version.com,2026-04-20 06:42:41 UTC,threatfox,0.9200
url,https://download.get-version.com/claude,2026-04-20 06:43:01 UTC,threatfox,0.9200
domain,uih9ehfbhdbfqudbfidfcikqhnegf.pages.dev,2026-04-20 06:50:49 UTC,threatfox,0.9200
url,https://uih9ehfbhdbfqudbfidfcikqhnegf.pages.dev,2026-04-20 06:51:06 UTC,threatfox,0.9200
sha256,1d2db76233b09e357be8dd7324f6b7dff6a9f8082e12ba057508c478d6523e01,2026-04-20 07:36:51,malwarebazaar,0.9000
ip,142.171.48.144:4444,2026-04-20 07:46:33 UTC,threatfox,0.9200
url,http://103.217.252.120/pit/wp.php,2026-04-20 09:21:14 UTC,threatfox,0.9200
ip,103.217.252.120:80,2026-04-20 09:21:16 UTC,threatfox,0.8200
ip,103.42.142.59:35250,2026-04-20 10:42:15 UTC,threatfox,0.9200
ip,141.98.80.148:9000,2026-04-20 10:42:15 UTC,threatfox,0.9200
ip,77.83.36.163:9191,2026-04-20 10:42:15 UTC,threatfox,0.9200
ip,39.100.66.238:443,2026-04-20 10:52:11 UTC,threatfox,0.8200
ip,39.100.66.238:80,2026-04-20 10:52:12 UTC,threatfox,0.8200
url,http://20.2.90.98:8888/supershell/login/,2026-04-20 12:03:36 UTC,threatfox,0.9200
sha256,4b29b2c5e1b0ffc1da0102b72da7a98b5cdcc5f452e66c9ea64919a249593acd,2026-04-20 12:26:54,malwarebazaar,0.9000
sha256,0c931150e84d9035b8650b5c69746765e0ac6798c5e06fbe4100f3c1fa4acaf4,2026-04-20 12:26:57,malwarebazaar,0.9000
sha256,a3f9ad64f22eca94d40b53a77665dbe5dcc6439bb6dfc610318517ecc0e9e3fd,2026-04-20 12:29:27,malwarebazaar,0.9000
sha256,6fc705ac1a667537515190a50ad2b2ba6dbcc7aaa80e562c440659e40627abf3,2026-04-20 12:33:19,malwarebazaar,0.9000
sha256,9a824eccc370507893eb49881bc5222b0e76a439b78afabea228a08fb686e6aa,2026-04-20 12:40:06,malwarebazaar,0.9000
domain,jahour7lamo1.duckdns.org,2026-04-20 12:46:05 UTC,threatfox,0.8200
domain,jahour7lamo2.duckdns.org,2026-04-20 12:46:11 UTC,threatfox,0.8200
domain,jahour7lamo3.duckdns.org,2026-04-20 12:46:18 UTC,threatfox,0.8200
domain,jahour7lamo4.duckdns.org,2026-04-20 12:46:24 UTC,threatfox,0.8200
domain,yam.janou8kaburo1.com,2026-04-20 12:46:40 UTC,threatfox,0.8200
ip,91.92.240.109:443,2026-04-20 12:51:42 UTC,threatfox,0.8200
ip,91.92.240.117:443,2026-04-20 12:51:44 UTC,threatfox,0.8200
ip,91.92.240.121:443,2026-04-20 12:51:44 UTC,threatfox,0.8200
ip,91.92.240.127:443,2026-04-20 12:51:44 UTC,threatfox,0.8200
ip,91.92.241.182:443,2026-04-20 12:51:45 UTC,threatfox,0.8200
ip,91.92.241.6:443,2026-04-20 12:51:46 UTC,threatfox,0.8200
sha256,269ef9fd26667dfcae57ae29f559a327de0327e37c2dd5887ed7a453f7a04a07,2026-04-20 14:35:00,malwarebazaar,0.9000
ip,45.225.135.61:3398,2026-04-20 14:40:06 UTC,threatfox,0.8200
ip,64.89.160.73:8443,2026-04-20 14:42:07 UTC,threatfox,0.8200
ip,20.6.131.88:443,2026-04-20 15:05:23 UTC,threatfox,0.9200
sha256,14871ed0de7fb24775a7c51fb6c88c68a02d31a07050612e457b7f2b66a06285,2026-04-20 15:05:46,malwarebazaar,0.9000
domain,bukosakisagreatmanwhohasnotrepliredtoeop.duckdns.org,2026-04-20 15:11:07 UTC,threatfox,0.8200
domain,hyffygfukkjutfttyyertrdtrdftdtrdtdrtrttr.duckdns.org,2026-04-20 15:11:19 UTC,threatfox,0.8200
ip,45.141.148.126:1122,2026-04-20 15:18:04 UTC,threatfox,0.8200
domain,pta4.sa.com,2026-04-20 15:21:21 UTC,threatfox,0.8200
domain,seli.sa.com,2026-04-20 15:21:33 UTC,threatfox,0.8200
ip,192.3.45.7:3121,2026-04-20 15:38:40 UTC,threatfox,0.8200
domain,ip179.ip-51-89-90.eu,2026-04-20 18:55:46 UTC,threatfox,0.8200
ip,128.90.141.158:54984,2026-04-20 18:55:47 UTC,threatfox,0.9200
ip,51.89.90.179:443,2026-04-20 18:55:47 UTC,threatfox,0.8200
ip,69.67.172.210:33601,2026-04-20 22:46:27 UTC,threatfox,0.8200
domain,dpunk.duckdns.org,2026-04-20 22:50:42 UTC,threatfox,0.8200
ip,179.43.176.101:443,2026-04-20 22:51:23 UTC,threatfox,0.8200
ip,23.254.226.86:33603,2026-04-20 22:51:30 UTC,threatfox,0.8200
ip,23.254.226.86:8019,2026-04-20 22:51:34 UTC,threatfox,0.8200
ip,69.67.172.210:33603,2026-04-20 22:51:45 UTC,threatfox,0.8200
domain,technologistics.online,2026-04-20 22:55:56 UTC,threatfox,0.8200
ip,69.67.172.210:8019,2026-04-20 22:56:55 UTC,threatfox,0.8200
domain,cloud.lurstanmailer.com,2026-04-20 23:05:44 UTC,threatfox,0.8200
ip,46.151.182.197:7007,2026-04-20 23:06:47 UTC,threatfox,0.8200
ip,69.67.172.210:33605,2026-04-20 23:17:40 UTC,threatfox,0.8200
artifact,8a3b375091e2f0c833b24f1472a9414f25e19f004aaacaf6d15dd42bb54c4795,2026-04-20T03:19:16.0611007+00:00,yara,0.8200
sha256,09d57b8f45e25f9f161470dc2853ed2a41986721ee7b919a7d33c8286dc30c75,2026-04-21 02:47:36 UTC,malwarebazaar,0.9000
sha256,4c89f868fbf17b932ae775b2c3dd51f7f4cd1b7b72a5b2cd059f82a97f13290b,2026-04-21 03:19:37 UTC,malwarebazaar,0.9000
sha256,04c55a8c15f15b4de910bb025f75210a8917714c88381be8de58506c65086985,2026-04-21 03:32:40 UTC,malwarebazaar,0.9000
sha256,ab30fb5ba0d540145ddfc6770a82b5ca2c75840052494f97b2f7e2445621e0b1,2026-04-21 04:20:26 UTC,malwarebazaar,0.9000
sha256,b8703680ccde02b1cca07d32416df55bba3e971030753dfb5cfbebb4ddb3602e,2026-04-21 04:49:16 UTC,malwarebazaar,0.9000
sha256,a8ea1c9138c365e208dfa812b0597a1f83a650dba47f09c3ae264fd238236d2d,2026-04-21 04:54:31 UTC,malwarebazaar,0.9000
sha256,40ad10af89ecb3fb4d0e9032596d6865a5e1b3a05de8905b6978d3676ad6d041,2026-04-21 05:22:54 UTC,malwarebazaar,0.9000
sha256,0e470852686590b66f18846c93d5d4ee4a12c920270a495b96439406e79c8e40,2026-04-21 05:42:47 UTC,malwarebazaar,0.9000
sha256,e08ff933a5730f0e9209c75582a193ac9a3cf4aec9db9af8c2152205228cec84,2026-04-21 05:55:35 UTC,malwarebazaar,0.9000
sha256,a9c841e14e0b1844ff06ad2cc7f111af2210aec1df50c349251268ac0c70cf36,2026-04-21 06:02:26 UTC,malwarebazaar,0.9000
domain,blzaeagent.com,2026-04-21 06:02:41 UTC,threatfox,0.9200
ip,172.235.163.119:25001,2026-04-21 06:05:34 UTC,threatfox,0.9200
ip,172.235.163.141:25001,2026-04-21 06:05:34 UTC,threatfox,0.9200
ip,172.235.163.157:25001,2026-04-21 06:05:35 UTC,threatfox,0.9200
ip,152.42.142.122:25001,2026-04-21 06:05:36 UTC,threatfox,0.9200
ip,172.235.163.116:25001,2026-04-21 06:05:39 UTC,threatfox,0.9200
ip,172.235.163.136:25001,2026-04-21 06:05:39 UTC,threatfox,0.9200
domain,downex.frostapiv2.com,2026-04-21 06:05:42 UTC,threatfox,0.9200
domain,nxt8q5ekqgcimpwx.frostapiv2.com,2026-04-21 06:05:42 UTC,threatfox,0.9200
domain,frostuploadv2.com,2026-04-21 06:05:43 UTC,threatfox,0.9200
domain,y5jcpyt1f2rgh0ig.frostapiv2.com,2026-04-21 06:05:43 UTC,threatfox,0.9200
domain,prototype3.thefinancialdatabase.com,2026-04-21 06:05:44 UTC,threatfox,0.9200
ip,176.65.139.141:9931,2026-04-21 06:12:36 UTC,threatfox,0.8200
sha256,cfa65056a9accc2678480771e25891733787cf1f0ac46727e2663ca8383e3795,2026-04-21 06:22:53 UTC,malwarebazaar,0.9000
ip,95.211.165.137:2404,2026-04-21 06:23:05 UTC,threatfox,0.8200
sha256,cdf876273c6175f4cdbaacd6ab361ffde60edb2ac3ffa2bcf8e74c5a18f4e462,2026-04-21 06:27:08 UTC,malwarebazaar,0.9000
sha256,b3b8cc9c3584a5613cb386adac2a3107fc8c3d714bf7db3c8c479fe69774e43b,2026-04-21 06:29:30 UTC,malwarebazaar,0.9000
sha256,b6ff9c7b9a93f045a947ebd1246eaf893f3fe8c94a77bd184d1e28ae551ec32a,2026-04-21 06:45:40 UTC,malwarebazaar,0.9000
sha256,36815f60a710bcce0aacfbda8c764ebeae2c7f605ee76bd7ea8cc86814323c74,2026-04-21 06:58:03 UTC,malwarebazaar,0.9000
sha256,be7193c29d39c1715ee5755890ca08b084cb90f898141bb993a603fadc315853,2026-04-21 06:58:10 UTC,malwarebazaar,0.9000
sha256,63e476ac8c537dcf90705d87a267d88ea4c4046fb9f5ac8a63adb1687b563b90,2026-04-21 06:58:13 UTC,malwarebazaar,0.9000
sha256,51ca545ea4c1b659cd713f2e928bffe25922b4b61beaebc85e92da96d96d3fcf,2026-04-21 06:58:17 UTC,malwarebazaar,0.9000
sha256,2f933ed96fab4c6f8fcc022593c482a20004657afd260a4d3b0b127631f395fe,2026-04-21 06:58:20 UTC,malwarebazaar,0.9000
sha256,791a9c988ac217254c34caf8f5d4d37606f0a0c0c7ea2ce95e54a664258b60c9,2026-04-21 06:58:23 UTC,malwarebazaar,0.9000
sha256,2f594939c4eba15b882a5f42753ad500af55c9abbd16b5d003c0ac538133b046,2026-04-21 06:58:27 UTC,malwarebazaar,0.9000
sha256,bb5cef7936de6236a71c68f55bfdde3ba7031564b973fd61bd14520077f6e124,2026-04-21 06:58:30 UTC,malwarebazaar,0.9000
sha256,09e0f144fc215441f6ff4f8ff76c2be3b7f604041801b745284fdc1ddd2e5265,2026-04-21 06:58:34 UTC,malwarebazaar,0.9000
sha256,b684714154f55c587f44c11e2913eec31c04d9f9268b35a41d63de96a7147301,2026-04-21 06:58:39 UTC,malwarebazaar,0.9000
sha256,aaecb33a3539567326ba19ddce135933724844359fd3696fd9197de292fd365b,2026-04-21 06:58:44 UTC,malwarebazaar,0.9000
sha256,bb1f21fc18f8c0dfe436a48d46add84fec220111a57f04f189cc3cb7fcc0ba2f,2026-04-21 06:58:48 UTC,malwarebazaar,0.9000
sha256,6764b46bf6bceb4c1a92c225f3b5b6e189927b41883cada1882b7f7083a007c9,2026-04-21 06:58:52 UTC,malwarebazaar,0.9000
sha256,5e2f8f4983d9ace01d1138af7b8805dc5135fdce05db4cace48e1c78edcd5c39,2026-04-21 06:58:57 UTC,malwarebazaar,0.9000
sha256,8944c1c38f79ceda333e256bc5fc6a02878e0c9a29313f204e6542b63c792a41,2026-04-21 06:59:32 UTC,malwarebazaar,0.9000
sha256,788cd17336cd3fd0d0c2fa10b3775270e4437bbce45fc78923bd72e8f18ee41e,2026-04-21 06:59:39 UTC,malwarebazaar,0.9000
sha256,26c923ffa4f40b3f99f58d4421ad96af2152a22ef2cb2e8d17ecf9ec1993b595,2026-04-21 07:02:02 UTC,malwarebazaar,0.9000
sha256,76cddb38dba8d8b77ceb56f363fdf5ccad4b7edecf45ae71c6492bf5706fcc22,2026-04-21 07:02:49 UTC,malwarebazaar,0.9000
sha256,752d9ac169bc1c64c941a58d233e3bf7111ccf8985908575f9be198543bbfca4,2026-04-21 07:14:19 UTC,malwarebazaar,0.9000
sha256,346627d7d58703c3da5b604372778175219e5f7f8c0998f742ebede838fa79e4,2026-04-21 08:00:16 UTC,malwarebazaar,0.9000
ip,209.99.188.19:8777,2026-04-21 08:07:47 UTC,threatfox,0.8200
sha256,4016c65aa176fb5099eb0e40221e540a052d65e24b7798eda94298e919a4419b,2026-04-21 08:10:43 UTC,malwarebazaar,0.9000
sha256,aba14a64c2427ab54db44a605d5b408d57e713b3a4d26a226b657c3f9fb12928,2026-04-21 08:34:45 UTC,malwarebazaar,0.9000
sha256,48877a3a4c72c1daf3a80e3c034b56a04cec7ce3856887fed73e645e53c76b96,2026-04-21 08:39:08 UTC,malwarebazaar,0.9000
sha256,b2d256a12bbb8f0e3a9fe9dc31c86064451b6438057451827643e7b9d4392791,2026-04-21 08:55:56 UTC,malwarebazaar,0.9000
sha256,c3d07b16bd87be3b5883fea86f1213f565ca2cac69e7be7172b5348d0dfc78a3,2026-04-21 09:03:07 UTC,malwarebazaar,0.9000
sha256,b801a66ae76e41c988b510439359b9406bddb77d1d13d8bae6a4e1ba0a3b3558,2026-04-21 09:09:36 UTC,malwarebazaar,0.9000
sha256,0b6fba80681ba970600ba61090ee389bd6aade34d408a4bc6de9a412781f14a5,2026-04-21 09:10:18 UTC,malwarebazaar,0.9000
sha256,81f89ff8478a91e083cd62f33a449f0e826b61d68d157c4907c757f853a32c2a,2026-04-21 09:14:10 UTC,malwarebazaar,0.9000
sha256,8b562a584f5ada7d76d8071894ee74b7cd2bcc3d9799c01ae0f3c1df6670d15a,2026-04-21 09:16:28 UTC,malwarebazaar,0.9000
sha256,1321e3918a1ce8f9db14582fc6a4caaed26ec3b798026c67c28a6ca3ad235c59,2026-04-21 09:53:00 UTC,malwarebazaar,0.9000
sha256,bf70651adae1db15cd799bfe05ed0686dfb0a3fc7454cd8836ea4dd2543e4b27,2026-04-21 09:58:56 UTC,malwarebazaar,0.9000
sha256,6380418228eeb94248b850f1baa05be12104120dc0e8ef0c50d72891318ab04d,2026-04-21 09:59:14 UTC,malwarebazaar,0.9000
sha256,2b0f9c3d1b8a565237d1f60852931589f1f24c53ca63f44b211baa60005cfd23,2026-04-21 10:37:26 UTC,malwarebazaar,0.9000
sha256,40003c0707a0d639b8e27d01ac0a31b73579d5e7a79077002f8005932b94e836,2026-04-21 10:53:30 UTC,malwarebazaar,0.9000
sha256,83bbbf8a6bf9ea4459e8b1be75a8ca18f3aa6878373c1dbf8202be56ba585e6c,2026-04-21 10:53:38 UTC,malwarebazaar,0.9000
sha256,041901d48e60fd648354b30d6d258541bba80f334d68aa200c3af829f07bec31,2026-04-21 11:05:50 UTC,malwarebazaar,0.9000
ip,103.97.176.69:80,2026-04-21 11:31:32 UTC,threatfox,0.9200
ip,135.136.178.226:80,2026-04-21 11:31:52 UTC,threatfox,0.9200
ip,1.92.125.220:4433,2026-04-21 11:31:59 UTC,threatfox,0.9200
ip,38.47.100.32:801,2026-04-21 11:35:54 UTC,threatfox,0.9200
ip,139.224.67.220:80,2026-04-21 11:36:06 UTC,threatfox,0.9200
sha256,27d397f799ed511deb733e025207ce26c33673abd8bc20625d0d0b756ff1a8b4,2026-04-21 11:39:48 UTC,malwarebazaar,0.9000
sha256,0db9dd9882f27357be88527b19240b86495cf5fef5c9fccfdb8776485b091c08,2026-04-21 11:40:44 UTC,malwarebazaar,0.9000
sha256,bebbd92d12dbc0071acce399db475182067b1dd3000632915851888509a10ad8,2026-04-21 11:41:58 UTC,malwarebazaar,0.9000
sha256,d88968e99100502f4937c257b4b3fa7f4eb83f67f2f5181e8af1a7ea48567556,2026-04-21 11:42:06 UTC,malwarebazaar,0.9000
sha256,4e589736ab51d2e27fe19fc7559178914dbd10d29a9e51da946502d6828d41bb,2026-04-21 11:50:41 UTC,malwarebazaar,0.9000
sha256,6a928dc991d2a39cbf6f3d80b21b18d2bbd7800ed2bbc150a093ae10ec1bd02a,2026-04-21 11:56:27 UTC,malwarebazaar,0.9000
sha256,ec60cb0af86dbd97c464d95e2727477a99177a13f675857ccf870c3b18c09118,2026-04-21 11:57:38 UTC,malwarebazaar,0.9000
sha256,6a586fea7122c3e02dd8c99c93e8162c065e4ce6ba766854cb0bae3a9ba737ae,2026-04-21 11:58:28 UTC,malwarebazaar,0.9000
sha256,b44f3d30c0de554548254cc59dc7c000df92a323ef96c7d5f16e7f54f1ec1154,2026-04-21 11:58:55 UTC,malwarebazaar,0.9000
sha256,16aa1ccfd99b90ee17e5e676b6927e8d3eac06fa2c0cefd0f84e4cb9f6b744a5,2026-04-21 12:11:24 UTC,malwarebazaar,0.9000
url,https://vpa.aasscc.how/,2026-04-21 12:16:46 UTC,threatfox,0.8200
domain,vpa.aasscc.how,2026-04-21 12:16:49 UTC,threatfox,0.8200
sha256,e7aac1cc7c4c0d2100968c0cc8f38b7e4a0a6ed636c975b2f26387ad7e8f1636,2026-04-21 12:28:40 UTC,malwarebazaar,0.9000
sha256,092a5b6301cdb325dd1253554dbdf586f841eb496899677acacce9c5c9bdbc1e,2026-04-21 12:35:18 UTC,malwarebazaar,0.9000
sha256,1e54245582aae4b4adff604459877d65fbbbf10a0e7eb1276976ffa6820f56cf,2026-04-21 12:35:29 UTC,malwarebazaar,0.9000
sha256,6198f5b7f901e64c4a122dd16e45d512521ccd171548deb5a19042b3e6a66087,2026-04-21 12:35:37 UTC,malwarebazaar,0.9000
sha256,9f192e00de4d21fe105e833eb5c4660c136a77cd33c149a29ab935b7d61bb890,2026-04-21 12:35:47 UTC,malwarebazaar,0.9000
sha256,982a6058ef6b813cd42e84d1660d3b9634d7e9dc7b7a62da0f6c95d913466107,2026-04-21 12:36:25 UTC,malwarebazaar,0.9000
sha256,396abb8d354dcea8d20082efb88cafbcc17ba0556d18b4d7539d433081a49433,2026-04-21 12:36:34 UTC,malwarebazaar,0.9000
sha256,bb88df278e68caa6f4726e44b36da7dc08353b79f0dbcf072991fbf7c914a977,2026-04-21 12:36:44 UTC,malwarebazaar,0.9000
sha256,90d4deea5051da8724b5d43aff5a64ba62811fdd521202f17704fa51883d201a,2026-04-21 12:36:55 UTC,malwarebazaar,0.9000
sha256,c403a21fb518bcad10cf9892530729f49c9cd412a84674c745f6022b25edeace,2026-04-21 12:37:06 UTC,malwarebazaar,0.9000
sha256,d4a9852e1990e5f3b9e20eb3e4111482a6faf229ff94fd566f42db2d49de0622,2026-04-21 12:37:17 UTC,malwarebazaar,0.9000
sha256,08759820cb1ec46a50ce8288ce1e5b83ff5c8af7b3ec0c092e5e4fe6bb54774b,2026-04-21 12:37:32 UTC,malwarebazaar,0.9000
sha256,90b8d82f995f5e8c4d674d843ecb8fe0bf7446784a063f3484d35675733e959e,2026-04-21 12:37:43 UTC,malwarebazaar,0.9000
sha256,e22332ee417dfe6a4d75c54eda01d7151b5a3184209f1365c9d6285be8bc8550,2026-04-21 12:37:54 UTC,malwarebazaar,0.9000
sha256,a189fda777e31808e6f630861e7331096d8dd556be5004efa66ace0dacd2e50f,2026-04-21 12:38:05 UTC,malwarebazaar,0.9000
sha256,2b1ad169f9d8c198f80549c3f2544a0c4f4f43768cc0d5a9b3c5cf5b15dc33da,2026-04-21 12:38:16 UTC,malwarebazaar,0.9000
sha256,1f5abca3590f9ab8f5932d70e907e02b882844652db1cfa0a06baa492443d658,2026-04-21 12:38:36 UTC,malwarebazaar,0.9000
sha256,8f16042fea6091e3503540f7b49d1ff682dce8fe002fedb71c3b189547d082c4,2026-04-21 12:38:49 UTC,malwarebazaar,0.9000
sha256,6ac6d946957be2098d5a09397f5aec036743010bdf4d7eecffbcb08f63f6d3be,2026-04-21 12:39:01 UTC,malwarebazaar,0.9000
sha256,c48984951740e81969cadede474bc3330821987e4c7d7b84102a18c1b9ee9d37,2026-04-21 12:39:14 UTC,malwarebazaar,0.9000
sha256,83d6ea067b62354130a50ab0a98d035ed488d84a4be9149968b4e8a4ee4ac5c5,2026-04-21 12:39:31 UTC,malwarebazaar,0.9000
sha256,1a6007307eec998d554df1e2696a2d3e9bbea28a8a0c28768fa72f6ea909b9cd,2026-04-21 12:39:41 UTC,malwarebazaar,0.9000
sha256,f2851b57336b42164ce2acf5cf3a4dc0a60e4948568bfe7bb4f9a9ec7fb27aa0,2026-04-21 12:39:50 UTC,malwarebazaar,0.9000
sha256,d50686e19bdac5b20800e9d13b9e7d0c3d7b1d852aba483f3301c65eab557c07,2026-04-21 12:40:00 UTC,malwarebazaar,0.9000
url,https://discord.com/api/webhooks/1494678333038923857/niEi62QmjZP4mcY2ilWiGgG9iKqEuOwwv4OODyjms7ZSzqt3wr16UbgtSkMLpwFLWBFY,2026-04-21 12:54:56 UTC,threatfox,0.8200
ip,188.166.98.120:25001,2026-04-21 12:54:57 UTC,threatfox,0.9200
ip,64.225.72.155:25001,2026-04-21 12:54:58 UTC,threatfox,0.9200
ip,64.225.77.25:25001,2026-04-21 12:54:58 UTC,threatfox,0.9200
ip,95.216.39.54:8080,2026-04-21 12:54:59 UTC,threatfox,0.9200
ip,154.41.194.79:139,2026-04-21 12:55:00 UTC,threatfox,0.9200
ip,156.226.174.212:1312,2026-04-21 12:55:00 UTC,threatfox,0.8200
ip,104.143.39.243:443,2026-04-21 12:55:01 UTC,threatfox,0.9200
ip,151.59.151.53:8080,2026-04-21 12:55:01 UTC,threatfox,0.9200
ip,107.174.186.78:4445,2026-04-21 12:55:02 UTC,threatfox,0.9200
sha256,04b51788f706f2307163282ced895fbd689cf7a4d7386606161f9274126d5198,2026-04-21 13:15:33 UTC,malwarebazaar,0.9000
sha256,a4ca575207a3457bf0aee272ca372adabca987f5d093889f23f6daeabf42f0e6,2026-04-21 13:22:28 UTC,malwarebazaar,0.9000
sha256,cef451428106ef1258471dc76f5eefb212edab465d01b18f16afb040a421d0d3,2026-04-21 13:54:16 UTC,malwarebazaar,0.9000
sha256,115ce69b837e48342bd33072673c1bd2c28a7840a99f90785dad932f3b1518c6,2026-04-21 13:55:53 UTC,malwarebazaar,0.9000
sha256,1ca676cf77bf3d8d1f69b16016a3f722d501072c5d4111ddd8e0c96dc6a23608,2026-04-21 14:26:42 UTC,malwarebazaar,0.9000
sha256,c9c97de140cfc61e40413a04b915a6ac87f86503b5baae73c5708767dc23d5eb,2026-04-21 14:27:38 UTC,malwarebazaar,0.9000
sha256,e732340292d87dedb465dec61f47bc9241d7dee320c51e184c0d921ac2f30739,2026-04-21 14:27:44 UTC,malwarebazaar,0.9000
sha256,50db96d4a084d4da31cf7fde801b1f086d488cbbb831bbb780edc55eaae95347,2026-04-21 14:27:53 UTC,malwarebazaar,0.9000
sha256,66cc3503b7b649002f659c029df861b735e030f5495d5d499c7220533515e9b7,2026-04-21 14:28:02 UTC,malwarebazaar,0.9000
domain,ws.227api.com,2026-04-21 14:46:21 UTC,threatfox,0.8200
domain,ws1.227api.com,2026-04-21 14:46:24 UTC,threatfox,0.8200
ip,43.225.158.58:53,2026-04-21 14:54:03 UTC,threatfox,0.8200
sha256,2a088e4f8d69b23ec7c554c753b1554c8bc7a86023eab3710b3e34c8e75ca8dc,2026-04-21 14:57:09 UTC,malwarebazaar,0.9000
sha256,a2e9ec8e6fd15f8e1879a501544361ddb39ca718591463136a768cacc056416d,2026-04-21 14:58:25 UTC,malwarebazaar,0.9000
sha256,a378d9ddfbcb133d15e59e6a7066c624b90152c38439aab5885319fc679d64db,2026-04-21 14:58:36 UTC,malwarebazaar,0.9000
sha256,8fb80973de986d4adc2fe50ede022c38791eef8d4ee9d32208745d8fca136f96,2026-04-21 14:59:06 UTC,malwarebazaar,0.9000
ip,172.67.137.172:443,2026-04-21 15:00:13 UTC,threatfox,0.9200
sha256,15887b4ba9168d51b22e75cf00a801787578e9d3d62064bd19bb8aed0afa3b90,2026-04-21 15:00:23 UTC,malwarebazaar,0.9000
ip,104.21.56.230:443,2026-04-21 15:00:34 UTC,threatfox,0.9200
sha256,1476b66b2534df2e8202d45493622117d147bbf891a13787b2f5277d78d93e5f,2026-04-21 15:00:46 UTC,malwarebazaar,0.9000
sha256,6e0b19f617dc4d2bec0b9255e2bedede3191ab532849f671b381213d4ef388f3,2026-04-21 15:00:56 UTC,malwarebazaar,0.9000
ip,13.215.55.10:443,2026-04-21 15:01:07 UTC,threatfox,0.9200
ip,3.0.87.152:443,2026-04-21 15:01:19 UTC,threatfox,0.9200
ip,52.76.87.167:443,2026-04-21 15:01:49 UTC,threatfox,0.9200
ip,13.228.206.57:443,2026-04-21 15:01:57 UTC,threatfox,0.9200
sha256,abee9e2c579bed2a9169e1c0b0cfcf910a941ba7a3e556a7cbb9716a90616cbd,2026-04-21 15:02:04 UTC,malwarebazaar,0.9000
ip,54.254.87.155:443,2026-04-21 15:02:12 UTC,threatfox,0.9200
sha256,2788fb910102febe17d62a3d5b95d631b88bf69c934787cabc83e83db35b7a38,2026-04-21 15:02:18 UTC,malwarebazaar,0.9000
ip,172.67.190.90:443,2026-04-21 15:02:22 UTC,threatfox,0.9200
ip,104.21.57.118:443,2026-04-21 15:02:33 UTC,threatfox,0.9200
ip,209.50.250.24:43794,2026-04-21 15:02:55 UTC,threatfox,0.9200
sha256,eec9f3f49fe6d50c633c2cec1d18f4cb3d31d71e7c851fd52d83843c6e2bcd0f,2026-04-21 15:03:01 UTC,malwarebazaar,0.9000
ip,181.71.188.50:60100,2026-04-21 15:03:09 UTC,threatfox,0.9200
sha256,543379e43bf62ccb4e702b46a5d37edc93ffe7fbc3c9a01efeb7ceee0ac96127,2026-04-21 15:03:16 UTC,malwarebazaar,0.9000
url,http://5.223.67.66/b10825594dbe4e26.php,2026-04-21 15:03:23 UTC,threatfox,0.9200
sha256,dd39ea7f1b04393f672dff7ec34678c708949f6dfa388591c92bfee1f1696f88,2026-04-21 15:03:28 UTC,malwarebazaar,0.9000
ip,103.215.77.17:4488,2026-04-21 15:03:35 UTC,threatfox,0.9200
sha256,bfe726695213b853ec993a050a4706b83d7a11178c43da6735075b28456ff631,2026-04-21 15:03:38 UTC,malwarebazaar,0.9000
sha256,d47aac6bf3946c1fd7b88106af11dfd32c7af3d9a72089e40ffef6555c9182ba,2026-04-21 15:03:41 UTC,malwarebazaar,0.9000
ip,39.102.72.5:8888,2026-04-21 15:03:47 UTC,threatfox,0.9200
sha256,f6bceb65a8c1240aa3c049b6b58a14e72fa1c672816e54415b6494d0140ff658,2026-04-21 15:03:54 UTC,malwarebazaar,0.9000
ip,151.242.152.131:4408,2026-04-21 15:04:01 UTC,threatfox,0.9200
sha256,4cf32bd41a17e51520ddd0b0aea06e9792ceb9c3dcb039f166324e6c73c7a65c,2026-04-21 15:04:09 UTC,malwarebazaar,0.9000
sha256,d1153f654601bc77fd5839d463e0088ca38e28ebfddf556ebe511e0fb3dbf6f7,2026-04-21 15:04:22 UTC,malwarebazaar,0.9000
ip,104.21.10.163:8080,2026-04-21 15:06:36 UTC,threatfox,0.9200
sha256,0a326c130fb55d6f158b793d4c1373aac4c5280bcd9d57f97d10ff7c4d2bd3c7,2026-04-21 15:06:43 UTC,malwarebazaar,0.9000
domain,ndi.uk.com,2026-04-21 15:08:31 UTC,threatfox,0.8200
domain,tmtgro.in.net,2026-04-21 15:10:15 UTC,threatfox,0.8200
sha256,cb5dc229dc9bc577e385634b61cefccb9fc6779cd63eb332ca5f48bd381d8169,2026-04-21 15:10:32 UTC,malwarebazaar,0.9000
url,http://navisyub.beget.tech/L1nc0In.php,2026-04-21 15:13:12 UTC,threatfox,0.9200
sha256,938743ca619fae52348a4908e7b112c0c8ec9bc9e4cbc2018fff85a7abc709b8,2026-04-21 15:13:22 UTC,malwarebazaar,0.9000
domain,estatuscuointeligencia.ydns.eu,2026-04-21 15:18:16 UTC,threatfox,0.8200
domain,gbsuu.jp.net,2026-04-21 15:18:25 UTC,threatfox,0.8200
domain,pipal.in.net,2026-04-21 15:19:33 UTC,threatfox,0.8200
sha256,c3b39e888177ee55ac58fcffb7360273f448307e954acfe56dc8a66c6e39acc1,2026-04-21 15:19:47 UTC,malwarebazaar,0.9000
sha256,d6ca3760b43fdc9c099b9cb71777718927784a9a26df512a53cbd8810317a490,2026-04-21 15:36:58 UTC,malwarebazaar,0.9000
sha256,639253caa407233e9947509a4d1be95d05855c2262c35a50eda5aa6adcc5a61b,2026-04-21 15:58:36 UTC,malwarebazaar,0.9000
ip,176.65.139.141:5555,2026-04-21 16:12:48 UTC,threatfox,0.8200
sha256,b735eae82bf30011c9f674e3e4698ad5c77481eccaf40436adbb36b49091acd7,2026-04-21 16:27:40 UTC,malwarebazaar,0.9000
sha256,89c067ac857aa6ccc6e3ea1db06429e12acf9110bba7795c735451f3b99ed7a8,2026-04-21 16:56:39 UTC,malwarebazaar,0.9000
sha256,82cc7c21e9924c91a37aff292909ef6b142c1b6734eca5b0ea4d12078490fd72,2026-04-21 16:58:26 UTC,malwarebazaar,0.9000
sha256,ec5dd2f5bf64457c8bf9516c1cd4bb55d733f536ac10cea63630b705dbbca734,2026-04-21 16:58:41 UTC,malwarebazaar,0.9000
sha256,7548fc98358d15eaaa8cf8e29824af49d5d440ae991fed24ee8810002bf17cbc,2026-04-21 17:01:00 UTC,malwarebazaar,0.9000
sha256,99e1e256c872e4db55d3f4d9604a1d4d2e7b4fe89ec4874c40cc84ee8ead088f,2026-04-21 17:19:30 UTC,malwarebazaar,0.9000
sha256,981083069928ba9c9ab6f5c00e08e39bce07449ef7415f58e962939edabdecd7,2026-04-21 18:05:54 UTC,malwarebazaar,0.9000
domain,webms.it.com,2026-04-21 18:21:23 UTC,threatfox,0.8200
sha256,7d1abbdb866dff61ad7cb8c0ba58812b026d29b19a3045bd968bffd72b7e7328,2026-04-21 18:43:51 UTC,malwarebazaar,0.9000
sha256,c023166a028773efc229e5d4a052fd768d356f7674bc57de91169b9c47bcae55,2026-04-21 18:44:30 UTC,malwarebazaar,0.9000
sha256,26afa0db1b0b97811f1011eeb6e1ed5185ae44f83d4f2fad6776fbf0d3264d9c,2026-04-21 18:45:55 UTC,malwarebazaar,0.9000
sha256,eafc56e985f24b31dc2f0d09c15497e25feca4e1e792d315648810d4e0fb7b55,2026-04-21 19:05:39 UTC,malwarebazaar,0.9000
sha256,c1efda68f23064c8767cf98b480189ada512ede14e7f22bf4d57752e3e6e85bf,2026-04-21 19:06:14 UTC,malwarebazaar,0.9000
sha256,935ef0b7c8d49856976cd4dc69b1d6c398f3147b59d9f6d04f5adf436ac5bbd9,2026-04-21 19:06:25 UTC,malwarebazaar,0.9000
sha256,9c371a6e57055ead473161576b242a9b71e0d209119cdbcff7814dca2ca894c8,2026-04-21 19:07:11 UTC,malwarebazaar,0.9000
sha256,bfaf3900078db99c433f5d6e1d58989ae2c7c5a81aabeebc4668a87a89790466,2026-04-21 19:07:16 UTC,malwarebazaar,0.9000
ip,156.247.40.40:1527,2026-04-21 19:18:47 UTC,threatfox,0.8200
ip,192.252.176.120:1527,2026-04-21 19:18:47 UTC,threatfox,0.8200
ip,38.45.126.242:1527,2026-04-21 19:18:47 UTC,threatfox,0.8200
ip,38.91.113.58:1527,2026-04-21 19:18:47 UTC,threatfox,0.8200
ip,38.91.113.59:1527,2026-04-21 19:18:47 UTC,threatfox,0.8200
ip,56.155.111.29:5188,2026-04-21 19:18:47 UTC,threatfox,0.8200
domain,mynewraw.duckdns.org,2026-04-21 19:23:55 UTC,threatfox,0.8200
sha256,861f22e2f945f4d6a066922c1fc34d422e9c25947e10e5ec074d96f9aba68070,2026-04-21 19:27:05 UTC,malwarebazaar,0.9000
sha256,34b7d8e96a8156c53299589e69aa8b4e353ac9554f7ea109b3c652e805f74f97,2026-04-21 19:27:33 UTC,malwarebazaar,0.9000
sha256,41562ba705fcb2d52e4c04b27a0aab15df7a83aadd832a5c9cf6e7588ffdc521,2026-04-21 20:04:38 UTC,malwarebazaar,0.9000
sha256,018c129e0c9fb1bfdf842c297e63c7ed0b473fc876d617c3403499d3141216d4,2026-04-21 20:04:54 UTC,malwarebazaar,0.9000
sha256,2893bbe03a0914e86900e23713ad503519bb35da5813d19020404e963c78580a,2026-04-21 20:05:02 UTC,malwarebazaar,0.9000
sha256,10d756841e065dbf33b50cab5fc564a11c824e160ffb30baca0c9eecbb50495e,2026-04-21 20:05:31 UTC,malwarebazaar,0.9000
sha256,bd887ba4455ec773b92e8010871e4c4a9c4bc8e8a31d1b76926ec71f26b2dbd7,2026-04-21 20:05:43 UTC,malwarebazaar,0.9000
sha256,d16252758dcfc75597ab6f15222959c6e50d39d276123f0f21b5d47894396547,2026-04-21 20:05:55 UTC,malwarebazaar,0.9000
sha256,d9359ec9f08e56bec76bd3e188cc7bfbc5d34668a6b0b0ee279dd996e8986d73,2026-04-21 20:06:06 UTC,malwarebazaar,0.9000
sha256,bfa92b47c570dbd16ed61c58e0f098d923fc51e46817306f41a70d8af332ba7b,2026-04-21 20:06:18 UTC,malwarebazaar,0.9000
sha256,a34dc7033335278acde43d8af08be05b3c0321b2319fca17a801034742dec4ee,2026-04-21 20:06:30 UTC,malwarebazaar,0.9000
sha256,56cacbaf7ec4b3b3ec7d66d7da3aa0be41a1211720a27c3ec136031c8686ec79,2026-04-21 20:06:43 UTC,malwarebazaar,0.9000
sha256,a077c47cc41b86e2bb6869351a2babc947ab05ae45be55636fd856da007aa009,2026-04-21 20:06:56 UTC,malwarebazaar,0.9000
sha256,441fc6422c94aa00f4967d6e2a9325eda974d3825b552d5bee9cea05106fd319,2026-04-21 20:07:12 UTC,malwarebazaar,0.9000
sha256,489b4596db8c328548ad0ba45becf28026b8f6f823775c929baf9ff8722f46ea,2026-04-21 20:07:27 UTC,malwarebazaar,0.9000
sha256,ee9fd1e00c9e20e55ca2192d76985b7a28bfbd6a482e15d72eedfe0aae2788f5,2026-04-21 20:11:28 UTC,malwarebazaar,0.9000
sha256,a5a289667820ecabcaea29cc308eb0d6623226da001b93fda8ab112c4712bf1e,2026-04-21 20:11:40 UTC,malwarebazaar,0.9000
sha256,8d906c78c2187241ed9999e273ad31b2dbeceb19853c67912a951267ea0464e4,2026-04-21 20:17:58 UTC,malwarebazaar,0.9000
sha256,390d4139fda592af4e6553a4f1344d8dfbe6eb5adc243cc12e82e8053cd47ab1,2026-04-21 20:29:39 UTC,malwarebazaar,0.9000
sha256,cd12071a4e39313ed81a386235286ea95a3ce8551087a8058f231995ea217f54,2026-04-21 20:30:35 UTC,malwarebazaar,0.9000
sha256,00ad2d7a4e9bec38ac628326a53c196c7f8d396588a1235d9d5c3921c6d9ecfe,2026-04-21 20:47:53 UTC,malwarebazaar,0.9000
sha256,4240e0476d0e56b79230db1cd3244a3366db86a4111f1db97f36b16aa8e79810,2026-04-21 20:49:07 UTC,malwarebazaar,0.9000
sha256,385df6b70271107d434da7f106add743d90e4a2847a4d40f0e35ae3d69937013,2026-04-21 20:56:19 UTC,malwarebazaar,0.9000
sha256,ff2db25dd562045e84272f4bdc7e53154c43bd13ffdd4801e7cb309072e67044,2026-04-21 21:06:46 UTC,malwarebazaar,0.9000
sha256,c36037a7c200df52585e8d49cd275689e84ec89a7cc5a58b1ce1c0f9e4a366d5,2026-04-21 21:13:21 UTC,malwarebazaar,0.9000
sha256,10074a5e704b836b16d980098bad7388f4f1979cb81972df3faa3481ecad88c5,2026-04-21 21:17:42 UTC,malwarebazaar,0.9000
sha256,b4314c55c2b5cf84b3cedade40e79979382ec134426039d0187867b51a1a891e,2026-04-21 21:17:48 UTC,malwarebazaar,0.9000
sha256,a2e10404778932f67daf1fceba3367bb7d9b9ebb120d019f98ad570f4825a76f,2026-04-21 21:17:53 UTC,malwarebazaar,0.9000
sha256,40ab56ff8c9cbcb06f85444c39b44bff6b3eecdb5ecfe5a75d46ed2374fa6da5,2026-04-21 21:17:59 UTC,malwarebazaar,0.9000
sha256,9f9d9888106c0e98b2914ec4ca274c2dd54ff321f8148abed1d9dc7b18cf07cf,2026-04-21 21:18:05 UTC,malwarebazaar,0.9000
sha256,70f7a057900d5285b58fa6dccef784e07db91b44fc676d82e7ede99e79e1caf7,2026-04-21 21:18:11 UTC,malwarebazaar,0.9000
sha256,9436991caf6979fdcf5b37ab9300fd39fda95b19960c1dc3f9c0dddec6321624,2026-04-21 21:18:18 UTC,malwarebazaar,0.9000
sha256,aaaacb507bfa697f8cf6565091bf4b9900f47182bfe688c387fd27ee45bb5dd3,2026-04-21 21:18:20 UTC,malwarebazaar,0.9000
sha256,a6e64017a27686771e2f8115fce3f6461fc9eb13ee1da0d50cbc3adf14fc2b00,2026-04-21 21:18:25 UTC,malwarebazaar,0.9000
sha256,653f4ad9c250db1b2dbfe38eb60c1326c2cfcc262fe72dd38ba81c0819c0a85a,2026-04-21 21:18:28 UTC,malwarebazaar,0.9000
sha256,025b1e0b3aa59cc650e8fe94fa83fce437234779aff0ce1e69f17b4a442eae34,2026-04-21 21:18:31 UTC,malwarebazaar,0.9000
sha256,ab39b080f81872452ba03d8857f48a6330876c0cd673bd7f9063ad806d8665df,2026-04-21 21:18:34 UTC,malwarebazaar,0.9000
sha256,8d9b41cc92aac0fb1d3ff6bf1aa58b28d436e82aa9100e10f8c0d925d744841f,2026-04-21 21:18:37 UTC,malwarebazaar,0.9000
sha256,1d54d370e145facc9ae7b457909cce7c9cf558e56083c19aa7294d72a9ac311b,2026-04-21 21:18:44 UTC,malwarebazaar,0.9000
sha256,9a1241a79e889b38b7a00c89e3e23894a07dbe6c1a5d3bb85109025207f279b2,2026-04-21 21:18:51 UTC,malwarebazaar,0.9000
sha256,0b9b6144e9a92924ca083af3f23dd41077f160c5b32f7a27952b3d9cdb744a6b,2026-04-21 21:18:58 UTC,malwarebazaar,0.9000
sha256,1d032ee58df836c1a769ec51c86a57904c1e68a86e7ee479c92c3826998353c6,2026-04-21 21:19:05 UTC,malwarebazaar,0.9000
sha256,3dd4a2d6f414da3cabd1193f94e5fc9109840236cc3fcd8c6857f244234f9dbd,2026-04-21 21:19:38 UTC,malwarebazaar,0.9000
sha256,afb62a1a445c34aeccaa488680b0a60505b2f77d21a0506dcdd0e636bd107c8d,2026-04-21 21:19:44 UTC,malwarebazaar,0.9000
sha256,80edb2c1c9c4f089fd33cad78f5a661b2c1ef751647ac7e3f20621f3cf0448c3,2026-04-21 21:19:49 UTC,malwarebazaar,0.9000
sha256,a349dc00c1061a8090457c6b27465a92639054fceb3b6c96db6f82ce7b2b577f,2026-04-21 21:19:55 UTC,malwarebazaar,0.9000
sha256,1f776690b5528c229fd0dcd991dc8a0a66a4421cd7afa83dd7ea6eb685322dd6,2026-04-21 21:20:00 UTC,malwarebazaar,0.9000
sha256,a6c7b6f8867bbae47688662cdd8fa0ff708e3845f277421539c89dd38e41149c,2026-04-21 21:20:17 UTC,malwarebazaar,0.9000
ip,176.65.134.30:19286,2026-04-21 21:26:51 UTC,threatfox,0.9200
sha256,7f61c5fd2e9e4388d2e80ab9acd3495bb9f19c0bcd5be2581b65ff86132e8eee,2026-04-21 21:43:55 UTC,malwarebazaar,0.9000
sha256,e9196b1a7313c41b2acd6eb03f7424aada3d6229c5cb91c0b9856fee0cf24c1b,2026-04-21 21:44:06 UTC,malwarebazaar,0.9000
sha256,d4dc96500a5f30db330e643488bb3d852a7b58425f67c2301c08a9b4e481a62e,2026-04-21 21:44:12 UTC,malwarebazaar,0.9000
sha256,bb91e0710543b0de44efde7eeaca0584bd1476eddaf93833610b3375d149be6c,2026-04-21 21:44:16 UTC,malwarebazaar,0.9000
sha256,89a0bf47fd151b84836447d0606e627d2d73dda96ff9bc7852dec39536b78d1f,2026-04-21 21:44:21 UTC,malwarebazaar,0.9000
sha256,83389c8dbaab6ff268d13282cb19e7b28788f9d1c15226f915c1341e05b66552,2026-04-21 21:44:28 UTC,malwarebazaar,0.9000
sha256,6a05a588fdd3306c512a19b62808205a32f018d894fdc1b826816b0c54f6fd30,2026-04-21 21:44:38 UTC,malwarebazaar,0.9000
sha256,88a6ccb524afdfc7f8f615e8b90edfc2820fccb129ab5172930880c21aa4259e,2026-04-21 21:44:43 UTC,malwarebazaar,0.9000
sha256,b26e38152913fe46ced5daf1f14825a9464915c0fbf1a4f91ae8964078abad85,2026-04-21 21:44:47 UTC,malwarebazaar,0.9000
sha256,c81ef4d33c833956048aa2eaa74dd4c32e6ed729914b83480d43b8e11942e776,2026-04-21 21:44:52 UTC,malwarebazaar,0.9000
sha256,30adc0c04f1ae53154acad8f09cb4182e55aed1539e9f08ee875122bb96eb503,2026-04-21 21:44:57 UTC,malwarebazaar,0.9000
sha256,2b526373f453242404ac5781e69784292b5d37ee5f136d5ab740224fc8567910,2026-04-21 21:53:06 UTC,malwarebazaar,0.9000
sha256,778ca9816558ae85045ad676fd016bb7e0d586ff4b05a80472006c81180b0d4d,2026-04-21 21:53:37 UTC,malwarebazaar,0.9000
sha256,995b11fcf3b13fdaf004c73dfc135207f75abbd5bd34258fd5aaf356be848077,2026-04-21 21:54:18 UTC,malwarebazaar,0.9000
sha256,0ac8ef75974a1e69c74855aea131206598a060feab1790282b8ca1c431058fe0,2026-04-21 21:56:37 UTC,malwarebazaar,0.9000
ip,45.157.233.139:25565,2026-04-21 22:08:49 UTC,threatfox,0.8200
sha256,4db60c88de6ae375433dc71b8fde1ff323ff5bc5425903a77324a321ac85029c,2026-04-21 22:30:16 UTC,malwarebazaar,0.9000
sha256,1f718cbbd49a4acdb460945eb74a04fe48173802dd4ad1b05873dc63a0839b0a,2026-04-21 22:35:16 UTC,malwarebazaar,0.9000
sha256,0aaf7ad7e875cf3a4596df0a24678bb024cb960c4ca9a26fe5fd6ed76e287beb,2026-04-21 22:36:57 UTC,malwarebazaar,0.9000
sha256,37ca608bfebb8673911723cac3366c7fdf3ac6fe4595622a334baa51e6782fad,2026-04-21 22:37:48 UTC,malwarebazaar,0.9000
ip,209.54.101.159:3000,2026-04-21 22:38:32 UTC,threatfox,0.8200
sha256,8bbf0d368ac691acc6c185edcadf658e332120f218fc421dcc140fa29cd24e80,2026-04-21 22:42:54 UTC,malwarebazaar,0.9000
sha256,13af144a88b47447440f8bdb778e52c7798e048dd5a6a92b073835001eb3dbb2,2026-04-21 22:42:59 UTC,malwarebazaar,0.9000
sha256,404407084230856208e5d1ab6ce7bdcd36addc5b05759fe4edc65238a01823f9,2026-04-21 22:43:05 UTC,malwarebazaar,0.9000
sha256,2e6ff09733af439cf1b67b91d5919942527efe946729e36c096413a44c37d024,2026-04-21 22:43:10 UTC,malwarebazaar,0.9000
sha256,ab50882f051add575c083b5ec856f0493166676a0161c9c85bc6ef85102c3331,2026-04-21 22:43:16 UTC,malwarebazaar,0.9000
sha256,89fc5cf1b3e6535db5ec0b251c2ae1b6c5acd45f63f1fa18178da1ec78185ab8,2026-04-21 22:53:10 UTC,malwarebazaar,0.9000
sha256,0b84eb02038088181afabfd21487aa9010a300eeae2aa3324a07fe28e690e9c2,2026-04-21 23:13:18 UTC,malwarebazaar,0.9000
url,https://sig.ducard.com.br/,2026-04-21 23:14:09 UTC,threatfox,0.8200
domain,sig.ducard.com.br,2026-04-21 23:14:12 UTC,threatfox,0.8200
url,https://sig.ceramic.love/,2026-04-21 23:14:16 UTC,threatfox,0.8200
domain,sig.ceramic.love,2026-04-21 23:14:18 UTC,threatfox,0.8200
sha256,c954d7adf3d1239db32efe6eb42c4d64a79e8885ff0a4b91cacb7f913478ea18,2026-04-21 23:22:55 UTC,malwarebazaar,0.9000
sha256,5f3db8567269f88bdb43212a014644a90c4ac68a842f5d565a1c208890991cad,2026-04-21 23:32:21 UTC,malwarebazaar,0.9000
sha256,adeead6703411111de6d1fa66cda2ee7676f6f5f6cac1a3553263f58c1a486ee,2026-04-21 23:42:23 UTC,malwarebazaar,0.9000
sha256,217db70a30b60d6f855d9347251889c5c18ef895057619fb8480a31882c53ebe,2026-04-21 23:50:42 UTC,malwarebazaar,0.9000
artifact,8b108b9125902548602589e77b191b105563a96c758b56e9103c21190a23ad26,2026-04-21T21:17:33.6319095+00:00,sigma,0.3000
artifact,e2ddcd104616eb2feac866e91bbc529b90487ef17e23e25f5ab994c703ad77df,2026-04-21T21:17:34.1331485+00:00,sigma,0.3000
sha256,51909b551ba69dec9235fb6617dd94bd8669fad20402c4a662c3f821ffce649f,2026-04-22 00:10:35 UTC,malwarebazaar,0.9000
sha256,e3ec22f3ec568e83c4396a5458b26708756c8d28593896b7052572081fab7d32,2026-04-22 00:10:47 UTC,malwarebazaar,0.9000
sha256,4563e7a90bba5e2f24a30a189956aa8fa553312391347a926239eb05d631d9b6,2026-04-22 01:09:05 UTC,malwarebazaar,0.9000
sha256,5a0e1a308637891990ac4d6b5560db8aa8044b1ff885061eda9e0fbac6b26bbd,2026-04-22 01:09:14 UTC,malwarebazaar,0.9000
sha256,ac2dfd4519b1b8a229335e4d6f27a39400cc9e55d387958f58d17cbe2167dc11,2026-04-22 01:19:51 UTC,malwarebazaar,0.9000
sha256,9942ab7aad916e61c96690e6164a4450e7b77a4380b5d52c4117079aa52eec1e,2026-04-22 01:20:18 UTC,malwarebazaar,0.9000
sha256,71dc50661bf3116897205bac0c7243f866b3b96d6cf226cb54f253e2aadb516c,2026-04-22 01:20:37 UTC,malwarebazaar,0.9000
sha256,4b5931e2e1c61bdcfd19e151d12e3f2270891603a67f203c360c7c15402f5f2c,2026-04-22 01:20:55 UTC,malwarebazaar,0.9000
sha256,1cc1bbe10193b91e4801e62e17662258d798d5942f21a098bac9ed32bfe31841,2026-04-22 01:21:10 UTC,malwarebazaar,0.9000
sha256,4e3a83b32bfb612a260f56d721464ef4aec86c8ea76495a2ff0bef8c1338837d,2026-04-22 01:21:25 UTC,malwarebazaar,0.9000
sha256,a3d320f31a54a6e28b1f51d05a46c10da4b5048bc986f997deff5b4068afe1ed,2026-04-22 01:21:35 UTC,malwarebazaar,0.9000
sha256,670386391b42fbc7f0bab031ea26d94cab792dcae9c9d832e4d764639abe802a,2026-04-22 01:21:43 UTC,malwarebazaar,0.9000
sha256,4f60cc8c698224ffed7001fb03744693ff4de6c1d1e90a8d44b9408636aa99b1,2026-04-22 01:37:25 UTC,malwarebazaar,0.9000
sha256,48eaf0d452acf3682dab0f151dd4ab95d6eeb6123378da2a9852e0f6e979393a,2026-04-22 01:37:31 UTC,malwarebazaar,0.9000
sha256,1d08419e6618429b0d375278d23531aa9a71f5358a96e768dde04c018a6a30f8,2026-04-22 01:37:51 UTC,malwarebazaar,0.9000
sha256,5de45d209e4920a2d700f8848cdbd4221953b1d802d489ce4396c0da156036be,2026-04-22 01:37:58 UTC,malwarebazaar,0.9000
sha256,53b083aaaecde5e17a02217c6234705985c29c7f2ed2079f0021390fe9fe3a01,2026-04-22 01:38:06 UTC,malwarebazaar,0.9000
sha256,121c4c8c0ae58e61e988bcce2c42b769ed3d2c440a1546e4642dcec8e75b5a74,2026-04-22 01:38:12 UTC,malwarebazaar,0.9000
sha256,bb0becde56d9412563a2bfe4fa7cd4dfe15c5124055f70f55c54116ded37ebc4,2026-04-22 01:38:18 UTC,malwarebazaar,0.9000
sha256,88a9202da70c255a5bbe28eac3607c6a39ae6b3a657a5e6b200871fc82ee7681,2026-04-22 01:38:25 UTC,malwarebazaar,0.9000
sha256,3568b7340b25495b586a467143c2a2358f5e802b0d1cfb950030ccffcf301eec,2026-04-22 02:53:26 UTC,malwarebazaar,0.9000
sha256,0bc0133a8ac281452011f7b9b36a6ab61bba67b288b1ef98fb5fb51ab9faa093,2026-04-22 02:53:32 UTC,malwarebazaar,0.9000
sha256,a06999d7ae2e1a9fe0f0e99181e0758b5c1b486a351afc164799f6e1dd9351ba,2026-04-22 02:53:38 UTC,malwarebazaar,0.9000
sha256,0e3382a7937d78421802120f14d6c712b8cf452d7e2fe18d30cfe6cbced8373a,2026-04-22 02:53:43 UTC,malwarebazaar,0.9000
sha256,c9aa8359dc6b56de305504b55b100d35747a1ce68f971ea3fd42600d02b07e24,2026-04-22 02:53:48 UTC,malwarebazaar,0.9000
sha256,41c953d92959ab56f3f2e248b41b8b7272e9aba4dbe868f221808d6c3fc9a25a,2026-04-22 02:53:55 UTC,malwarebazaar,0.9000
sha256,3724c804231366ed429dd3c6ecf8cb51955a35fe0bae41d3c1dabc5b58f95186,2026-04-22 02:54:04 UTC,malwarebazaar,0.9000
sha256,924767f2a315cefb9a044e4b0a17f3d4905f3cd34e531ebf50d99be79547338c,2026-04-22 02:54:10 UTC,malwarebazaar,0.9000
sha256,495630dca6cc2b16f4e01c5dc5e9af3189ca3cf405b5f1ef1a52d061fae43d05,2026-04-22 02:54:17 UTC,malwarebazaar,0.9000
sha256,510291a735a43bd73c73a172e183b2888a83a0ff69c6c16b19f37a9109d1c074,2026-04-22 03:12:05 UTC,malwarebazaar,0.9000
sha256,eaa6fc0957da85282da01af471314a842f103b810006c224e2fb514ed0589660,2026-04-22 03:12:49 UTC,malwarebazaar,0.9000
sha256,e20627e035d0d1c7e9d4547a2a687866b7d62102a2b96aef935d3f0dec8e4adb,2026-04-22 03:12:59 UTC,malwarebazaar,0.9000
sha256,98ba0d26044bd6c4239c1d17e678bc1159ed8fa5b9b08b06a7c452f602abbce8,2026-04-22 03:13:10 UTC,malwarebazaar,0.9000
sha256,a714669b639da80a786bcc68ba53abe1d9ce4444a2655c4665420ec4067deedc,2026-04-22 03:15:08 UTC,malwarebazaar,0.9000
sha256,f1e0bdef360ad4d385fecbb10b3bf5f6bdb6902bbe263ebd9bc5427ca8a2d4ac,2026-04-22 03:15:14 UTC,malwarebazaar,0.9000
sha256,617e4691db28e5936ca1134a296dbaae18a1ed0b2cea7f0cdd61e9a4830a5c91,2026-04-22 03:18:30 UTC,malwarebazaar,0.9000
sha256,d60ba18b366e3e12e584dd2b47ff2db3f242715d9748fa739e1616715a7492a6,2026-04-22 03:20:29 UTC,malwarebazaar,0.9000
sha256,30cd1dbd2a000503fd734ef2f4656ea46cd1ec0867ac8ec4b75378e88319c3b0,2026-04-22 03:35:48 UTC,malwarebazaar,0.9000
sha256,b5574f8f533af6789ecaf9a164aee99dd1bc506b0fcd3a71aa26dfaeef6d1df8,2026-04-22 03:37:10 UTC,malwarebazaar,0.9000
url,http://42.238.162.76:57129/i,2026-04-22 03:49:10 UTC,urlhaus,0.8600
url,http://61.163.158.31:59140/bin.sh,2026-04-22 03:50:21 UTC,urlhaus,0.8600
url,http://124.135.177.57:54617/bin.sh,2026-04-22 03:50:22 UTC,urlhaus,0.8600
sha256,78c300d4b4d86d0e0163e8c48b0b58cbbe55ebddab0b1221d0a171c27feb6165,2026-04-22 03:50:33 UTC,malwarebazaar,0.9000
url,http://183.214.149.164:49911/bin.sh,2026-04-22 03:54:19 UTC,urlhaus,0.8600
url,http://76.49.31.147:52348/i,2026-04-22 04:12:07 UTC,urlhaus,0.8600
sha256,f11763bc06f64b367517ef79f1bf1d60711d80d3eb38dfb6c2084a75867e2edd,2026-04-22 04:17:10 UTC,malwarebazaar,0.9000
url,http://42.230.197.215:56830/bin.sh,2026-04-22 04:17:18 UTC,urlhaus,0.8600
sha256,a3e5b1075ae19a8cfda04bbd4ff6035d3282ae1a32a818b5fe40052e293cd1fe,2026-04-22 04:18:14 UTC,malwarebazaar,0.9000
url,http://124.135.177.57:54617/i,2026-04-22 04:23:17 UTC,urlhaus,0.8600
url,http://61.53.151.206:60681/i,2026-04-22 04:26:23 UTC,urlhaus,0.8600
url,http://42.230.197.215:56830/i,2026-04-22 04:37:19 UTC,urlhaus,0.8600
url,https://github.com/StudentReflect/roblox-da-hood-script/releases/download/new/RobloxDaHood-1.5.3-win64.rar,2026-04-22 04:38:11 UTC,urlhaus,0.8600
url,https://github.com/Daimyoclorespect/roblox-bubblegum-simulator-script/releases/download/new/RobloxBGS-1.2.0-win64.rar,2026-04-22 04:38:13 UTC,urlhaus,0.8600
sha256,00f5a50925c01840f0555aa65bd96d77026d7b2c93d9694b26eab0f47f05b46a,2026-04-22 05:04:41 UTC,malwarebazaar,0.9000
url,http://178.16.54.109/wallet.exe,2026-04-22 05:11:06 UTC,urlhaus,0.8600
url,http://125.163.91.246:60240/i,2026-04-22 05:17:17 UTC,urlhaus,0.8600
url,http://39.78.95.168:37586/bin.sh,2026-04-22 05:18:26 UTC,urlhaus,0.8600
url,http://119.115.148.145:34631/i,2026-04-22 05:29:22 UTC,urlhaus,0.8600
sha256,98f4c865369c0e2a308c0d00df96bda6e9939c5ce907490af2e01efd9e661eff,2026-04-22 05:33:09 UTC,malwarebazaar,0.9000
url,http://27.201.140.48:57513/bin.sh,2026-04-22 05:33:15 UTC,urlhaus,0.8600
url,http://39.78.95.168:37586/i,2026-04-22 05:44:21 UTC,urlhaus,0.8600
url,http://88.232.53.145:56344/bin.sh,2026-04-22 05:56:10 UTC,urlhaus,0.8600
url,http://123.12.221.23:44606/i,2026-04-22 05:57:08 UTC,urlhaus,0.8600
url,http://175.174.105.183:38376/bin.sh,2026-04-22 06:07:08 UTC,urlhaus,0.8600
sha256,c23f8dd49136a471a5d6632272ecc09041efec0503716f8a3e513a4e8e9eee26,2026-04-22 06:22:12 UTC,malwarebazaar,0.9000
sha256,4804a8800007a70241a5e5b2e9f548d2cf56aa64800324a16818616950880945,2026-04-22 06:22:20 UTC,malwarebazaar,0.9000
sha256,c916f289ff9a05d74d72f28582ff03690d415fe64a4195b4f47195fe286c6d2d,2026-04-22 06:25:58 UTC,malwarebazaar,0.9000
url,https://mastojh.cyou,2026-04-22 06:26:11 UTC,threatfox,0.8200
url,http://115.55.234.46:44742/i,2026-04-22 06:26:18 UTC,urlhaus,0.8600
sha256,350c7cdc9d10c12ae1c490890975e387421616170f710ebbf9fa6d29fbf4b7dc,2026-04-22 06:27:30 UTC,malwarebazaar,0.9000
url,https://brorgma.cyou,2026-04-22 06:31:27 UTC,threatfox,0.8200
url,http://175.174.105.183:38376/i,2026-04-22 06:32:07 UTC,urlhaus,0.8600
sha256,b5208e91338567d9c4d2011b40ce6763c0385f0f783f79ca5d992662958715c1,2026-04-22 06:33:25 UTC,malwarebazaar,0.9000
sha256,b818e801557ada6c7dc5416acbfa8360c9f240a20a94fb58a29c2754d07218e7,2026-04-22 06:34:05 UTC,malwarebazaar,0.9000
sha256,25054755292895d7d738467d0a700a5a6514524bab6934c9dd4dd28fd761a10e,2026-04-22 06:36:28 UTC,malwarebazaar,0.9000
sha256,96adde04d7845d0bfecccab55b8892383304c0ad9b531aa08deaad632ecbad01,2026-04-22 06:36:53 UTC,malwarebazaar,0.9000
url,http://112.247.238.59:52497/bin.sh,2026-04-22 06:53:38 UTC,urlhaus,0.8600
url,http://115.63.42.14:41959/bin.sh,2026-04-22 06:57:23 UTC,urlhaus,0.8600
url,http://114.239.210.205:46801/bin.sh,2026-04-22 06:58:25 UTC,urlhaus,0.8600
url,https://185.56.45.69/,2026-04-22 06:58:57 UTC,threatfox,0.9200
url,https://74.0.48.181/,2026-04-22 06:58:57 UTC,threatfox,0.9200
ip,185.56.45.69:443,2026-04-22 06:59:28 UTC,threatfox,0.9200
ip,74.0.48.181:443,2026-04-22 06:59:28 UTC,threatfox,0.9200
url,http://113.238.100.240:36487/i,2026-04-22 07:02:23 UTC,urlhaus,0.8600
url,http://42.233.161.3:58696/i,2026-04-22 07:02:23 UTC,urlhaus,0.8600
sha256,e4856f65f0024e68034394f3419a235602e56348b88bf73dcb5a53a20684d35b,2026-04-22 07:06:06 UTC,malwarebazaar,0.9000
sha256,d3ad3af0b8d43b575caacb2790a31c6c34407d3c08e58b5c8faf55e792d4fdb3,2026-04-22 07:06:38 UTC,malwarebazaar,0.9000
url,http://144.48.123.149:58125/bin.sh,2026-04-22 07:11:14 UTC,urlhaus,0.8600
url,http://59.60.77.123:52740/bin.sh,2026-04-22 07:12:09 UTC,urlhaus,0.8600
ip,100.52.249.75:443,2026-04-22 07:16:03 UTC,threatfox,0.9200
url,http://222.138.215.123:38651/bin.sh,2026-04-22 07:16:10 UTC,urlhaus,0.8600
ip,192.3.98.166:1234,2026-04-22 07:16:22 UTC,threatfox,0.9200
ip,31.57.201.126:2222,2026-04-22 07:16:31 UTC,threatfox,0.9200
domain,post-prod.familywealthmagazine.com,2026-04-22 07:16:40 UTC,threatfox,0.9200
ip,194.87.161.238:8080,2026-04-22 07:16:45 UTC,threatfox,0.9200
ip,46.101.191.5:22,2026-04-22 07:16:45 UTC,threatfox,0.9200
ip,3.226.119.211:443,2026-04-22 07:16:46 UTC,threatfox,0.9200
ip,35.212.234.225:443,2026-04-22 07:16:47 UTC,threatfox,0.9200
domain,dailyhomireciple.com,2026-04-22 07:17:26 UTC,threatfox,0.9200
domain,trindastal.com,2026-04-22 07:17:26 UTC,threatfox,0.9200
url,http://indexsearchfindresult.com/ae228216-ad43-473f-94dd-b2c8616a2123/ck-dce6bcbb1a728ea8d871de6d169a2057.cloudflare,2026-04-22 07:18:13 UTC,urlhaus,0.8600
url,http://182.117.79.201:56200/i,2026-04-22 07:24:29 UTC,urlhaus,0.8600
url,http://64.89.160.11/APLexport,2026-04-22 07:31:07 UTC,urlhaus,0.8600
url,http://64.89.160.11/APPLEexport,2026-04-22 07:32:06 UTC,urlhaus,0.8600
url,http://64.89.160.11/GooglePasskeyGOOD,2026-04-22 07:32:06 UTC,urlhaus,0.8600
url,http://64.89.160.11/googleDataExport,2026-04-22 07:32:06 UTC,urlhaus,0.8600
url,http://64.89.160.11/GGLDataExport,2026-04-22 07:33:06 UTC,urlhaus,0.8600
url,http://59.60.77.123:52740/i,2026-04-22 07:37:07 UTC,urlhaus,0.8600
url,http://42.227.204.113:37317/bin.sh,2026-04-22 07:37:08 UTC,urlhaus,0.8600
url,http://64.89.160.11/gPasskey,2026-04-22 07:41:06 UTC,urlhaus,0.8600
url,http://46.151.182.76/Cayuhi,2026-04-22 07:44:05 UTC,urlhaus,0.8600
url,http://196.189.111.43:56567/bin.sh,2026-04-22 07:45:24 UTC,urlhaus,0.8600
url,http://222.138.215.123:38651/i,2026-04-22 07:45:24 UTC,urlhaus,0.8600
url,http://123.189.134.198:40571/i,2026-04-22 07:46:20 UTC,urlhaus,0.8600
url,http://117.26.110.50:38787/bin.sh,2026-04-22 07:53:17 UTC,urlhaus,0.8600
url,http://115.63.42.14:41959/i,2026-04-22 07:54:23 UTC,urlhaus,0.8600
url,http://46.151.182.40/win64.vbs,2026-04-22 07:57:06 UTC,urlhaus,0.8600
url,http://182.123.180.160:44836/bin.sh,2026-04-22 07:57:07 UTC,urlhaus,0.8600
url,http://46.151.182.40/config.txt,2026-04-22 07:57:09 UTC,urlhaus,0.8600
url,https://realfact3.kymle9rax.in.net/05fe317c-0981-4de2-bc8a-930d369db441/ck-3d80df5d12cdfe6450a782fc87bf66b444.google,2026-04-22 07:57:11 UTC,urlhaus,0.8600
url,http://46.151.182.40/win32.vbs,2026-04-22 07:58:07 UTC,urlhaus,0.8600
url,http://42.225.199.152:60277/bin.sh,2026-04-22 07:59:39 UTC,urlhaus,0.8600
sha256,2ea0d31c3c95a87eb483e6444e1a3d8a9fefcbad95ce3375370ff4b6dccc87d8,2026-04-22 08:01:55 UTC,malwarebazaar,0.9000
url,http://42.227.204.113:37317/i,2026-04-22 08:02:07 UTC,urlhaus,0.8600
url,http://46.151.182.40/r/oueia.txt,2026-04-22 08:02:07 UTC,urlhaus,0.8600
sha256,71e6413ff026ba5493191144b5e8a947084751e4cfa537891bfba927ba54ba9e,2026-04-22 08:02:43 UTC,malwarebazaar,0.9000
sha256,bab0dcfda381ca364b3b2d943e975c700cfca7e5a32ee8294e88c5e846ce758c,2026-04-22 08:07:11 UTC,malwarebazaar,0.9000
url,http://42.227.7.222:42489/i,2026-04-22 08:09:20 UTC,urlhaus,0.8600
url,http://182.123.180.160:44836/i,2026-04-22 08:12:21 UTC,urlhaus,0.8600
url,http://193.163.187.71:52330/i,2026-04-22 08:17:10 UTC,urlhaus,0.8600
url,http://113.58.211.33:33623/i,2026-04-22 08:17:11 UTC,urlhaus,0.8600
url,http://175.154.118.223:55863/bin.sh,2026-04-22 08:17:11 UTC,urlhaus,0.8600
url,http://182.127.6.252:43592/i,2026-04-22 08:17:11 UTC,urlhaus,0.8600
url,http://27.215.210.81:52053/bin.sh,2026-04-22 08:17:11 UTC,urlhaus,0.8600
url,http://182.125.60.152:37787/bin.sh,2026-04-22 08:17:12 UTC,urlhaus,0.8600
url,http://221.227.255.138:42303/bin.sh,2026-04-22 08:17:12 UTC,urlhaus,0.8600
url,http://36.70.76.126:52201/i,2026-04-22 08:17:12 UTC,urlhaus,0.8600
url,http://61.176.197.182:41054/i,2026-04-22 08:17:12 UTC,urlhaus,0.8600
url,http://61.53.72.30:42608/bin.sh,2026-04-22 08:17:12 UTC,urlhaus,0.8600
url,http://61.53.72.30:42608/i,2026-04-22 08:17:12 UTC,urlhaus,0.8600
url,http://85.12.204.206:45975/bin.sh,2026-04-22 08:18:08 UTC,urlhaus,0.8600
url,http://109.236.46.199:44955/bin.sh,2026-04-22 08:18:09 UTC,urlhaus,0.8600
url,http://117.254.120.77:49757/i,2026-04-22 08:18:10 UTC,urlhaus,0.8600
url,http://221.227.255.138:42303/i,2026-04-22 08:18:10 UTC,urlhaus,0.8600
url,http://36.88.136.194:46719/i,2026-04-22 08:18:10 UTC,urlhaus,0.8600
url,http://39.79.136.154:58951/i,2026-04-22 08:18:10 UTC,urlhaus,0.8600
url,http://42.235.102.253:44314/bin.sh,2026-04-22 08:18:10 UTC,urlhaus,0.8600
url,http://42.239.226.200:33077/bin.sh,2026-04-22 08:18:10 UTC,urlhaus,0.8600
url,http://45.177.32.104:45637/bin.sh,2026-04-22 08:18:10 UTC,urlhaus,0.8600
url,http://115.53.192.148:50854/bin.sh,2026-04-22 08:18:11 UTC,urlhaus,0.8600
url,http://218.59.82.22:41069/i,2026-04-22 08:18:11 UTC,urlhaus,0.8600
url,http://193.163.187.71:52330/bin.sh,2026-04-22 08:19:06 UTC,urlhaus,0.8600
url,http://113.58.211.33:33623/bin.sh,2026-04-22 08:19:09 UTC,urlhaus,0.8600
url,http://171.37.151.8:41472/i,2026-04-22 08:19:09 UTC,urlhaus,0.8600
url,http://221.15.5.58:47466/i,2026-04-22 08:19:09 UTC,urlhaus,0.8600
url,http://222.140.180.110:56570/i,2026-04-22 08:19:09 UTC,urlhaus,0.8600
url,http://27.216.120.230:43757/bin.sh,2026-04-22 08:19:09 UTC,urlhaus,0.8600
url,http://42.230.25.185:59989/bin.sh,2026-04-22 08:19:09 UTC,urlhaus,0.8600
url,http://42.230.25.185:59989/i,2026-04-22 08:19:09 UTC,urlhaus,0.8600
url,http://27.37.127.166:52992/bin.sh,2026-04-22 08:19:15 UTC,urlhaus,0.8600
url,http://219.155.220.130:58982/i,2026-04-22 08:20:11 UTC,urlhaus,0.8600
url,http://42.235.102.253:44314/i,2026-04-22 08:20:11 UTC,urlhaus,0.8600
url,http://61.176.197.182:41054/bin.sh,2026-04-22 08:20:11 UTC,urlhaus,0.8600
url,http://117.245.139.161:54495/i,2026-04-22 08:20:12 UTC,urlhaus,0.8600
url,http://120.37.212.103:56557/i,2026-04-22 08:20:12 UTC,urlhaus,0.8600
url,http://42.52.26.29:33208/i,2026-04-22 08:20:12 UTC,urlhaus,0.8600
url,http://45.177.32.104:45637/i,2026-04-22 08:20:12 UTC,urlhaus,0.8600
url,http://47.215.185.216:53633/i,2026-04-22 08:20:12 UTC,urlhaus,0.8600
url,http://58.47.120.129:34202/i,2026-04-22 08:20:12 UTC,urlhaus,0.8600
url,http://123.191.47.203:49872/bin.sh,2026-04-22 08:20:13 UTC,urlhaus,0.8600
url,http://120.37.212.103:56557/bin.sh,2026-04-22 08:20:14 UTC,urlhaus,0.8600
url,http://178.238.27.138:57400/i,2026-04-22 08:21:08 UTC,urlhaus,0.8600
url,http://91.147.100.200:44721/i,2026-04-22 08:21:09 UTC,urlhaus,0.8600
url,http://110.37.44.158:56889/bin.sh,2026-04-22 08:21:10 UTC,urlhaus,0.8600
url,http://123.191.47.203:49872/i,2026-04-22 08:21:10 UTC,urlhaus,0.8600
url,http://175.167.108.139:46557/bin.sh,2026-04-22 08:21:10 UTC,urlhaus,0.8600
url,http://175.167.108.139:46557/i,2026-04-22 08:21:10 UTC,urlhaus,0.8600
url,http://182.127.6.252:43592/bin.sh,2026-04-22 08:21:10 UTC,urlhaus,0.8600
url,http://219.157.215.220:56289/i,2026-04-22 08:21:10 UTC,urlhaus,0.8600
url,http://222.138.149.73:55985/bin.sh,2026-04-22 08:21:10 UTC,urlhaus,0.8600
url,http://222.138.149.73:55985/i,2026-04-22 08:21:10 UTC,urlhaus,0.8600
url,http://39.79.136.154:58951/bin.sh,2026-04-22 08:21:10 UTC,urlhaus,0.8600
url,http://42.177.200.236:41439/bin.sh,2026-04-22 08:21:10 UTC,urlhaus,0.8600
url,http://42.52.26.29:33208/bin.sh,2026-04-22 08:21:10 UTC,urlhaus,0.8600
url,http://58.47.120.129:34202/bin.sh,2026-04-22 08:21:10 UTC,urlhaus,0.8600
url,http://58.253.129.91:8518/bin.sh,2026-04-22 08:21:11 UTC,urlhaus,0.8600
url,http://58.253.129.91:8518/i,2026-04-22 08:21:15 UTC,urlhaus,0.8600
url,http://85.12.204.206:45975/i,2026-04-22 08:22:07 UTC,urlhaus,0.8600
url,http://42.228.216.214:41123/i,2026-04-22 08:22:08 UTC,urlhaus,0.8600
url,http://182.124.175.204:50581/i,2026-04-22 08:22:09 UTC,urlhaus,0.8600
url,http://85.140.44.96:44369/bin.sh,2026-04-22 08:22:14 UTC,urlhaus,0.8600
sha256,4d632fc779db3041cfa5061eb43f357bc7253a3eecbb3640238e5be8d03bbb94,2026-04-22 08:23:25 UTC,malwarebazaar,0.9000
url,http://42.225.199.152:60277/i,2026-04-22 08:24:18 UTC,urlhaus,0.8600
sha256,950b740b364c7a827be3ca82b77533e419097ac56a5937ad637b3d6177e6f9d9,2026-04-22 08:30:04 UTC,malwarebazaar,0.9000
url,http://119.117.177.135:50524/bin.sh,2026-04-22 08:32:08 UTC,urlhaus,0.8600
url,https://ms.com-audio.cloud/files/,2026-04-22 08:32:24 UTC,threatfox,0.9200
url,http://118.107.44.253:8080/2.exe,2026-04-22 08:34:15 UTC,urlhaus,0.8600
url,http://118.107.44.253:8080/Isass.exe,2026-04-22 08:34:18 UTC,urlhaus,0.8600
url,http://118.107.44.253:8080/1.exe,2026-04-22 08:34:23 UTC,urlhaus,0.8600
url,http://222.127.68.197:38431/bin.sh,2026-04-22 08:35:22 UTC,urlhaus,0.8600
domain,hongkongplazaworks.top,2026-04-22 08:35:59 UTC,threatfox,0.9200
url,http://118.107.44.213:8080/1.exe,2026-04-22 08:36:17 UTC,urlhaus,0.8600
url,http://118.107.44.213:8080/2.exe,2026-04-22 08:36:17 UTC,urlhaus,0.8600
url,http://118.107.44.213:8080/Isass.exe,2026-04-22 08:36:17 UTC,urlhaus,0.8600
url,http://118.107.44.190:8080/1.exe,2026-04-22 08:37:14 UTC,urlhaus,0.8600
url,http://118.107.44.190:8080/Isass.exe,2026-04-22 08:37:19 UTC,urlhaus,0.8600
url,http://196.189.111.43:56567/i,2026-04-22 08:37:19 UTC,urlhaus,0.8600
url,http://118.107.44.190:8080/2.exe,2026-04-22 08:37:23 UTC,urlhaus,0.8600
url,http://42.6.65.240:60301/bin.sh,2026-04-22 08:42:26 UTC,urlhaus,0.8600
url,http://144.91.86.92/luxzzxzzx/luxzz.arm7,2026-04-22 08:50:08 UTC,urlhaus,0.8600
url,http://208.84.100.209/wget.sh,2026-04-22 08:50:08 UTC,urlhaus,0.8600
sha256,7e8535101461b828c2d12888ab01fe2ead504d19c2e14c141ef029346bfe86d5,2026-04-22 08:50:18 UTC,malwarebazaar,0.9000
url,http://38.76.199.154:8888/payload.exe,2026-04-22 08:54:09 UTC,urlhaus,0.8600
url,http://38.76.199.154:8888/payload_exe,2026-04-22 08:54:09 UTC,urlhaus,0.8600
url,http://38.76.199.154:8888/pro_stager.exe,2026-04-22 08:54:10 UTC,urlhaus,0.8600
url,http://125.113.148.179:39635/bin.sh,2026-04-22 08:54:16 UTC,urlhaus,0.8600
sha256,0f70443956f8340ec3a31ca44c34619a2ea1db1b07b68c06c5f4e72ae8581df8,2026-04-22 08:54:34 UTC,malwarebazaar,0.9000
sha256,cfae28c8312280a942ef00a22d443411454ad166a48369ca3fa2dc49e1fd68f1,2026-04-22 08:56:42 UTC,malwarebazaar,0.9000
url,http://125.41.220.17:52150/i,2026-04-22 08:57:25 UTC,urlhaus,0.8600
sha256,0b2998c06a58ece81ec8303ab81f7ae61fd74a1d7639e09e9742a1cb90528580,2026-04-22 08:57:52 UTC,malwarebazaar,0.9000
sha256,7defbf222c8557ebf4d767efbb0a1682ae17127e282299ed2464f9b767cc4a55,2026-04-22 08:58:16 UTC,malwarebazaar,0.9000
sha256,c377615f57f295e64a8240af54e6c607e1061028e8e0e5cce6642344d5483012,2026-04-22 08:58:23 UTC,malwarebazaar,0.9000
sha256,468fcaec13b79d9fd66df987af117b6c7ff3a9a68ebc2886b9a4768f0ce752ec,2026-04-22 08:58:31 UTC,malwarebazaar,0.9000
sha256,7ef770d5ca72990e97b8c1d1d69b635b61675fd1430a2e298212d8d98b965e44,2026-04-22 08:58:39 UTC,malwarebazaar,0.9000
sha256,5da6ccdc950192e6d9de035b162c3641e5af86e5a01ad5acc89ff8075ce23fb5,2026-04-22 08:58:40 UTC,malwarebazaar,0.9000
sha256,b3b725c32a315322fad97f696ff64cd40212213e397e643737a2819cad4236ce,2026-04-22 08:58:45 UTC,malwarebazaar,0.9000
sha256,2e42d976a86c2f79bda5f19fcf8335c3c29f5c7e712299bce36d429a4a2c6243,2026-04-22 08:58:46 UTC,malwarebazaar,0.9000
sha256,021fd03b7656c09426ca8876dcfa06cc99aebfb1f8da163a98d20cb64e785b93,2026-04-22 08:58:50 UTC,malwarebazaar,0.9000
sha256,88220667d4473761f6dd8cbb470995ac610616c11c45aad5541833142d547adc,2026-04-22 08:58:53 UTC,malwarebazaar,0.9000
sha256,0519f09668666a6b312a20be13e9ebb66001b9cd83a4e1ad94b2ee9fc45c8a23,2026-04-22 08:58:56 UTC,malwarebazaar,0.9000
sha256,a5036e7785aa6bd235b1f17a5cf9b28b9943a2d7ca7d3b86935abecae4e5dce4,2026-04-22 08:59:01 UTC,malwarebazaar,0.9000
sha256,79bd145c01a073e5a7a1bb1ccad1c73ec5f0c75756110269d67a2a54ece1ef26,2026-04-22 08:59:10 UTC,malwarebazaar,0.9000
sha256,6d77ca7d7cf62c759890a816a831d1a5abe6c1e0efd2f57f0fb498278ff808ba,2026-04-22 08:59:21 UTC,malwarebazaar,0.9000
sha256,9d40833837f795b6ad954c30e899a31c375b19fa3b6df3091ef0256792946f7a,2026-04-22 08:59:46 UTC,malwarebazaar,0.9000
sha256,b804571b075790c88a7f7be5008f429385ec87f0cc38b8b43d5014e6f67cf233,2026-04-22 08:59:57 UTC,malwarebazaar,0.9000
url,http://144.91.86.92/luxzzxzzx/debug,2026-04-22 09:00:12 UTC,urlhaus,0.8600
url,http://144.91.86.92/luxzzxzzx/luxzz.arc,2026-04-22 09:00:12 UTC,urlhaus,0.8600
url,http://144.91.86.92/luxzzxzzx/luxzz.arm,2026-04-22 09:00:12 UTC,urlhaus,0.8600
url,http://144.91.86.92/luxzzxzzx/luxzz.arm6,2026-04-22 09:00:12 UTC,urlhaus,0.8600
url,http://144.91.86.92/luxzzxzzx/luxzz.i686,2026-04-22 09:00:12 UTC,urlhaus,0.8600
url,http://144.91.86.92/luxzzxzzx/luxzz.m68k,2026-04-22 09:00:12 UTC,urlhaus,0.8600
url,http://144.91.86.92/luxzzxzzx/luxzz.mips,2026-04-22 09:00:12 UTC,urlhaus,0.8600
url,http://144.91.86.92/luxzzxzzx/luxzz.mpsl,2026-04-22 09:00:12 UTC,urlhaus,0.8600
url,http://144.91.86.92/luxzzxzzx/luxzz.ppc,2026-04-22 09:00:12 UTC,urlhaus,0.8600
url,http://144.91.86.92/luxzzxzzx/luxzz.sh4,2026-04-22 09:00:12 UTC,urlhaus,0.8600
url,http://144.91.86.92/luxzzxzzx/luxzz.spc,2026-04-22 09:00:12 UTC,urlhaus,0.8600
url,http://144.91.86.92/luxzzxzzx/luxzz.x86,2026-04-22 09:00:12 UTC,urlhaus,0.8600
url,http://144.91.86.92/luxzzxzzx/luxzz.aarch64,2026-04-22 09:00:13 UTC,urlhaus,0.8600
url,http://144.91.86.92/luxzzxzzx/luxzz.arm5,2026-04-22 09:00:13 UTC,urlhaus,0.8600
url,http://144.91.86.92/luxzzxzzx/luxzz.x86_64,2026-04-22 09:00:13 UTC,urlhaus,0.8600
url,http://115.57.205.52:48665/bin.sh,2026-04-22 09:07:12 UTC,urlhaus,0.8600
url,http://abrupt.inlethollow.store/,2026-04-22 09:25:05 UTC,threatfox,0.9200
domain,abrupt.inlethollow.store,2026-04-22 09:25:09 UTC,threatfox,0.9200
url,https://t.me/ozifndoz,2026-04-22 09:25:39 UTC,threatfox,0.9200
domain,disciplinenahidwin.st,2026-04-22 09:35:33 UTC,threatfox,0.9200
ip,176.65.139.8:5444,2026-04-22 09:35:35 UTC,threatfox,0.8200
url,http://115.57.205.52:48665/i,2026-04-22 09:38:12 UTC,urlhaus,0.8600
url,http://208.84.100.209/amd64,2026-04-22 09:40:15 UTC,urlhaus,0.8600
url,http://208.84.100.209/bee,2026-04-22 09:41:05 UTC,urlhaus,0.8600
url,http://208.84.100.209/bins/amd64,2026-04-22 09:41:07 UTC,urlhaus,0.8600
url,http://208.84.100.209/bins/arm,2026-04-22 09:41:07 UTC,urlhaus,0.8600
url,http://208.84.100.209/bins/arm5,2026-04-22 09:41:07 UTC,urlhaus,0.8600
sha256,5e9f35aca869a797a7f6c5964818fd0453720b1d0e064425012b19bc5df583f7,2026-04-22 09:42:08 UTC,malwarebazaar,0.9000
sha256,4c2df1810cdb3aa407dbae07ed14213628b303d7bf487418e51924c3760b47eb,2026-04-22 09:42:17 UTC,malwarebazaar,0.9000
url,http://208.84.100.209/bins/mips,2026-04-22 09:42:17 UTC,urlhaus,0.8600
url,http://208.84.100.209/bins/mipsel,2026-04-22 09:42:17 UTC,urlhaus,0.8600
url,http://208.84.100.209/bins/ppc,2026-04-22 09:42:17 UTC,urlhaus,0.8600
url,http://208.84.100.209/bins/wget.sh,2026-04-22 09:42:17 UTC,urlhaus,0.8600
url,http://208.84.100.209/bins/x86,2026-04-22 09:42:17 UTC,urlhaus,0.8600
url,http://208.84.100.209/bins/c.sh,2026-04-22 09:42:18 UTC,urlhaus,0.8600
url,http://208.84.100.209/bins/arm7,2026-04-22 09:42:23 UTC,urlhaus,0.8600
url,http://208.84.100.209/bins/i686,2026-04-22 09:42:23 UTC,urlhaus,0.8600
url,http://208.84.100.209/bins/m68k,2026-04-22 09:42:23 UTC,urlhaus,0.8600
url,http://208.84.100.209/bins/sh4,2026-04-22 09:42:23 UTC,urlhaus,0.8600
sha256,666b711826306621053a5b6bc58edb46adf79a178315d5fd492b076699274549,2026-04-22 09:42:43 UTC,malwarebazaar,0.9000
sha256,df0f35be133fe0c0eaf730004749681beaca144ddfa7da624495fd4abd0d07c4,2026-04-22 09:43:04 UTC,malwarebazaar,0.9000
url,http://208.84.100.209/bins/w.sh,2026-04-22 09:43:18 UTC,urlhaus,0.8600
sha256,07182e54689bd12a3216f7718bcf1697ff590cbcbfa356b6fca487447cfd99d6,2026-04-22 09:43:27 UTC,malwarebazaar,0.9000
sha256,ab7f10170e78a21139787ee9118d91d66de7cba42415ae7979ac90d2d553c368,2026-04-22 09:43:33 UTC,malwarebazaar,0.9000
url,http://119.117.177.135:50524/i,2026-04-22 09:44:07 UTC,urlhaus,0.8600
sha256,08249bcf25470f56e93a76e7e203ceaa797e215e86c091a279bf1ffc7ff04376,2026-04-22 09:44:20 UTC,malwarebazaar,0.9000
url,http://208.84.100.209/c,2026-04-22 09:45:07 UTC,urlhaus,0.8600
url,http://208.84.100.209/cn,2026-04-22 09:45:07 UTC,urlhaus,0.8600
url,http://208.84.100.209/dvr,2026-04-22 09:45:07 UTC,urlhaus,0.8600
url,http://208.84.100.209/g,2026-04-22 09:45:07 UTC,urlhaus,0.8600
url,http://208.84.100.209/c.sh,2026-04-22 09:45:22 UTC,urlhaus,0.8600
url,http://208.84.100.209/bins/mpsl,2026-04-22 09:45:23 UTC,urlhaus,0.8600
url,http://208.84.100.209/curl.sh,2026-04-22 09:45:23 UTC,urlhaus,0.8600
url,http://208.84.100.209/d.sh,2026-04-22 09:45:23 UTC,urlhaus,0.8600
url,http://208.84.100.209/dvr.sh,2026-04-22 09:45:23 UTC,urlhaus,0.8600
url,http://182.126.246.196:39727/bin.sh,2026-04-22 09:46:24 UTC,urlhaus,0.8600
url,http://61.52.60.224:56777/bin.sh,2026-04-22 09:49:13 UTC,urlhaus,0.8600
sha256,5a725048391e5d055281247ba0fd598f7143ac1d2b7fab5719736d92c9114346,2026-04-22 09:49:16 UTC,malwarebazaar,0.9000
url,http://208.84.100.209/p.sh,2026-04-22 09:50:08 UTC,urlhaus,0.8600
url,http://208.84.100.209/ssh.sh,2026-04-22 09:50:08 UTC,urlhaus,0.8600
url,http://208.84.100.209/t,2026-04-22 09:50:08 UTC,urlhaus,0.8600
url,http://208.84.100.209/tftp.sh,2026-04-22 09:50:08 UTC,urlhaus,0.8600
url,http://208.84.100.209/tp,2026-04-22 09:50:08 UTC,urlhaus,0.8600
url,http://208.84.100.209/w.sh,2026-04-22 09:50:08 UTC,urlhaus,0.8600
url,http://115.55.234.46:44742/bin.sh,2026-04-22 09:56:08 UTC,urlhaus,0.8600
url,http://42.227.176.118:47589/bin.sh,2026-04-22 10:02:18 UTC,urlhaus,0.8600
url,http://42.230.45.27:50023/bin.sh,2026-04-22 10:06:12 UTC,urlhaus,0.8600
url,http://39.74.33.31:34402/i,2026-04-22 10:10:20 UTC,urlhaus,0.8600
url,http://115.50.229.245:36416/bin.sh,2026-04-22 10:11:15 UTC,urlhaus,0.8600
url,http://115.50.229.245:36416/i,2026-04-22 10:12:20 UTC,urlhaus,0.8600
url,http://drift.ovoidjoust.site,2026-04-22 10:17:36 UTC,threatfox,0.8200
domain,drift.ovoidjoust.site,2026-04-22 10:17:40 UTC,threatfox,0.8200
url,http://182.126.246.196:39727/i,2026-04-22 10:21:12 UTC,urlhaus,0.8600
url,http://72.255.30.244:45296/bin.sh,2026-04-22 10:22:07 UTC,urlhaus,0.8600
url,http://42.230.45.27:50023/i,2026-04-22 10:28:17 UTC,urlhaus,0.8600
ip,172.81.181.58:443,2026-04-22 10:36:06 UTC,threatfox,0.8200
ip,80.96.59.233:80,2026-04-22 10:36:06 UTC,threatfox,0.9200
ip,178.16.55.25:80,2026-04-22 10:36:07 UTC,threatfox,0.8200
ip,202.95.8.98:443,2026-04-22 10:36:07 UTC,threatfox,0.9200
ip,144.31.159.168:9000,2026-04-22 10:36:08 UTC,threatfox,0.9200
ip,188.137.228.103:9000,2026-04-22 10:36:08 UTC,threatfox,0.9200
ip,82.156.62.131:5555,2026-04-22 10:36:10 UTC,threatfox,0.9200
url,http://182.121.229.22:34588/bin.sh,2026-04-22 10:37:08 UTC,urlhaus,0.8600
url,http://183.188.116.140:48861/bin.sh,2026-04-22 10:37:08 UTC,urlhaus,0.8600
url,http://183.188.116.140:48861/i,2026-04-22 10:37:08 UTC,urlhaus,0.8600
url,http://123.129.131.83:54709/bin.sh,2026-04-22 10:37:14 UTC,urlhaus,0.8600
domain,enmity.discloud.app,2026-04-22 10:40:26 UTC,threatfox,0.9200
domain,futuregroupstar.lat,2026-04-22 10:40:26 UTC,threatfox,0.9200
url,http://72.255.30.244:45296/i,2026-04-22 10:47:07 UTC,urlhaus,0.8600
url,http://27.215.80.206:50826/bin.sh,2026-04-22 10:52:22 UTC,urlhaus,0.8600
url,http://42.227.176.118:47589/i,2026-04-22 10:56:21 UTC,urlhaus,0.8600
url,http://125.113.148.179:39635/i,2026-04-22 10:57:29 UTC,urlhaus,0.8600
url,http://182.121.229.22:34588/i,2026-04-22 11:02:08 UTC,urlhaus,0.8600
domain,sss.2bd.net,2026-04-22 11:09:52 UTC,threatfox,0.9200
domain,totallycooldevs.2bd.net,2026-04-22 11:09:52 UTC,threatfox,0.9200
url,http://27.207.216.119:55802/i,2026-04-22 11:14:15 UTC,urlhaus,0.8600
url,http://wrath.bottlevacuum.shop,2026-04-22 11:17:09 UTC,threatfox,0.8200
domain,wrath.bottlevacuum.shop,2026-04-22 11:17:13 UTC,threatfox,0.8200
url,http://27.215.80.206:50826/i,2026-04-22 11:17:23 UTC,urlhaus,0.8600
domain,bluecg.lol,2026-04-22 11:26:39 UTC,threatfox,0.9200
url,http://45.32.150.251/g/G5siNiDTBkWodwfsMxkn1g%3D%3D,2026-04-22 11:26:40 UTC,threatfox,0.9200
url,http://217.69.3.51/darwin-universal/1%2FtD%2F6d9ykFdWb6axInO%2Bg%3D%3D?wallet=ledger,2026-04-22 11:26:42 UTC,threatfox,0.9200
url,http://217.69.3.51/darwin-universal/1%2FtD%2F6d9ykFdWb6axInO%2Bg%3D%3D?wallet=trezor,2026-04-22 11:26:42 UTC,threatfox,0.9200
url,http://217.69.3.51/g/lzgWdJKan%2FG2wWN78uuGzg%3D%3D,2026-04-22 11:26:42 UTC,threatfox,0.9200
url,http://45.32.150.251/darwin-universal/Lm8NJsV%2BCj5VQM2fKlZmng%3D%3D?wallet=trezor,2026-04-22 11:26:43 UTC,threatfox,0.9200
url,http://45.32.150.251/darwin-universal/Lm8NJsV%2BCj5VQM2fKlZmng%3D%3D?wallet=ledger,2026-04-22 11:26:44 UTC,threatfox,0.9200
url,http://45.32.150.251/darwin-universal/jxtVf%2FFuCZJpmxpd7Kf4eA%3D%3D?wallet=ledger,2026-04-22 11:26:44 UTC,threatfox,0.9200
url,http://45.32.150.251/darwin-universal/jxtVf%2FFuCZJpmxpd7Kf4eA%3D%3D?wallet=trezor,2026-04-22 11:26:44 UTC,threatfox,0.9200
url,http://217.69.2.135/darwin-universal/olPDwN6o4fVo56us9X3T%2Fw%3D%3D?wallet=trezor,2026-04-22 11:26:45 UTC,threatfox,0.9200
url,http://217.69.2.135/darwin-universal/olPDwN6o4fVo56us9X3T%2Fw%3D%3D?wallet=ledger,2026-04-22 11:26:46 UTC,threatfox,0.9200
url,http://45.32.150.251/get_arhive_npm/RO8nMC3fFOvjr3hxw3Q6QQ%3D%3D,2026-04-22 11:26:47 UTC,threatfox,0.9200
url,http://217.69.3.51/get_arhive_npm/7j0r9Ddsx6iIfveCYMyduQ%3D%3D,2026-04-22 11:26:48 UTC,threatfox,0.9200
url,http://45.32.150.251/get_arhive_npm/TF3wpi1E5Y1y%2B6LY7%2FZj5g%3D%3D,2026-04-22 11:26:48 UTC,threatfox,0.9200
url,http://217.69.2.135/get_arhive_npm/vpqzcu4AQPB45ixRc6EgCA%3D%3D,2026-04-22 11:26:49 UTC,threatfox,0.9200
url,http://217.69.3.51/lzgWdJKan%2FG2wWN78uuGzg%3D%3D,2026-04-22 11:26:49 UTC,threatfox,0.9200
url,http://217.69.2.135/3pkV2PhdSee7rIYT7tUUvg%3D%3D,2026-04-22 11:26:50 UTC,threatfox,0.9200
url,http://45.32.150.251/G5siNiDTBkWodwfsMxkn1g%3D%3D,2026-04-22 11:26:50 UTC,threatfox,0.9200
sha256,445dda23134321b39d104c032b3d5c1fe60ff7436cf6c5320906abb05d7141fd,2026-04-22 11:31:36 UTC,malwarebazaar,0.9000
url,https://github.com/mudtidai1/adrmpt/releases/download/Chi%CC%81nhphu%CC%8955/Chinhph.55.apk,2026-04-22 11:38:09 UTC,urlhaus,0.8600
sha256,992befbe4fb11188363057c9414267b1d4876b3115d6cfddafbddb95e0044358,2026-04-22 11:51:12 UTC,malwarebazaar,0.9000
url,http://39.73.164.149:34367/bin.sh,2026-04-22 11:53:21 UTC,urlhaus,0.8600
url,http://39.73.164.149:34367/i,2026-04-22 11:57:19 UTC,urlhaus,0.8600
url,http://182.120.99.246:51379/bin.sh,2026-04-22 11:59:13 UTC,urlhaus,0.8600
url,http://61.52.60.224:56777/i,2026-04-22 12:00:17 UTC,urlhaus,0.8600
url,http://42.87.229.177:41488/i,2026-04-22 12:02:07 UTC,urlhaus,0.8600
url,http://203.101.181.9:46434/bin.sh,2026-04-22 12:11:20 UTC,urlhaus,0.8600
sha256,c9e211618d4338948a464596c1a43b672da0bed15216f902d28f6c33c8edae4b,2026-04-22 12:12:11 UTC,malwarebazaar,0.9000
url,http://124.235.249.74:59110/i,2026-04-22 12:12:20 UTC,urlhaus,0.8600
url,http://123.129.131.83:54709/i,2026-04-22 12:16:18 UTC,urlhaus,0.8600
ip,38.76.199.154:4444,2026-04-22 12:18:30 UTC,threatfox,0.8200
ip,176.65.139.115:6999,2026-04-22 12:21:34 UTC,threatfox,0.8200
domain,msc.ducard.com.br,2026-04-22 12:30:53 UTC,threatfox,0.9200
url,https://msc.ducard.com.br/,2026-04-22 12:30:57 UTC,threatfox,0.9200
sha256,0102ad7582030c74bd584fdb409ea73260df147dcf45117bead522f4036bf95c,2026-04-22 12:33:52 UTC,malwarebazaar,0.9000
domain,msc.ceramic.love,2026-04-22 12:34:19 UTC,threatfox,0.9200
url,https://msc.ceramic.love/,2026-04-22 12:34:23 UTC,threatfox,0.9200
url,https://wrath.bottlevacuum.shop/,2026-04-22 12:34:31 UTC,threatfox,0.9200
sha256,ce1285f6f87bfc3c2a7f51f1f9f4829d94fed5504f9b892f7e2a62b6b4acf4bc,2026-04-22 12:37:40 UTC,malwarebazaar,0.9000
url,http://203.101.181.9:46434/i,2026-04-22 12:42:17 UTC,urlhaus,0.8600
url,http://175.107.16.92:33109/bin.sh,2026-04-22 12:44:17 UTC,urlhaus,0.8600
ip,192.3.45.9:2404,2026-04-22 12:46:44 UTC,threatfox,0.8200
url,http://36.70.76.126:52201/bin.sh,2026-04-22 12:47:19 UTC,urlhaus,0.8600
sha256,ce58f79876dea15a64464368ab684d4172ccba4d947e23734a3bdb7abc6b0a9e,2026-04-22 12:50:19 UTC,malwarebazaar,0.9000
sha256,c6f112beb875598b2aa747fe555f6a99ffc9200857906b20bc12f098435ad050,2026-04-22 12:50:25 UTC,malwarebazaar,0.9000
url,http://222.141.24.255:43912/bin.sh,2026-04-22 12:55:12 UTC,urlhaus,0.8600
url,http://124.94.171.177:55366/i,2026-04-22 13:12:20 UTC,urlhaus,0.8600
url,http://171.37.151.8:41472/bin.sh,2026-04-22 13:27:18 UTC,urlhaus,0.8600
url,http://182.117.79.201:56200/bin.sh,2026-04-22 13:32:19 UTC,urlhaus,0.8600
url,http://27.11.248.133:40811/i,2026-04-22 13:47:14 UTC,urlhaus,0.8600
url,http://182.119.5.213:46179/bin.sh,2026-04-22 14:04:16 UTC,urlhaus,0.8600
url,http://116.138.223.143:40539/bin.sh,2026-04-22 14:05:13 UTC,urlhaus,0.8600
url,http://140.237.36.79:60398/i,2026-04-22 14:05:21 UTC,urlhaus,0.8600
url,http://123.14.32.208:51903/bin.sh,2026-04-22 14:07:08 UTC,urlhaus,0.8600
url,http://123.183.196.87:57863/bin.sh,2026-04-22 14:07:22 UTC,urlhaus,0.8600
url,http://182.119.5.213:46179/i,2026-04-22 14:08:10 UTC,urlhaus,0.8600
url,http://72.29.46.195:43547/bin.sh,2026-04-22 14:12:10 UTC,urlhaus,0.8600
domain,vanillamods.xyz,2026-04-22 14:30:16 UTC,threatfox,0.9200
ip,47.94.162.43:2222,2026-04-22 14:30:19 UTC,threatfox,0.9200
url,http://116.138.223.143:40539/i,2026-04-22 14:35:17 UTC,urlhaus,0.8600
ip,198.46.86.63:1912,2026-04-22 14:35:24 UTC,threatfox,0.9200
sha256,f64ccc637b29a4000090e960789f88470ef02eca8b1e063e4b5611a7f43b3961,2026-04-22 14:35:34 UTC,malwarebazaar,0.9000
ip,192.238.184.143:10801,2026-04-22 14:36:02 UTC,threatfox,0.9200
sha256,69f215a8744582fdd7f1643be8fd8587cd6edb18834de592afffc6344a76f9b3,2026-04-22 14:36:15 UTC,malwarebazaar,0.9000
url,http://105.224.12.254:38275/bin.sh,2026-04-22 14:37:07 UTC,urlhaus,0.8600
url,http://123.183.196.87:57863/i,2026-04-22 14:39:20 UTC,urlhaus,0.8600
domain,c2.woshishabi.cc,2026-04-22 14:43:34 UTC,threatfox,0.8200
url,http://120.28.162.208:33775/bin.sh,2026-04-22 14:49:18 UTC,urlhaus,0.8600
url,http://115.54.183.204:46031/bin.sh,2026-04-22 14:55:18 UTC,urlhaus,0.8600
url,http://112.247.155.211:43595/bin.sh,2026-04-22 15:02:28 UTC,urlhaus,0.8600
sha256,36010c2ff297548a91210e2ed7d48247ecd5f74373db8e7dc5b482174ef60fa0,2026-04-22 15:04:01 UTC,malwarebazaar,0.9000
url,http://123.13.85.134:35382/bin.sh,2026-04-22 15:22:06 UTC,urlhaus,0.8600
url,http://60.211.56.208:58851/bin.sh,2026-04-22 15:23:18 UTC,urlhaus,0.8600
url,http://112.247.155.211:43595/i,2026-04-22 15:25:20 UTC,urlhaus,0.8600
url,http://110.37.78.200:53731/i,2026-04-22 15:34:15 UTC,urlhaus,0.8600
url,http://182.112.234.30:46486/bin.sh,2026-04-22 15:39:19 UTC,urlhaus,0.8600
url,http://116.140.160.76:52416/i,2026-04-22 15:42:06 UTC,urlhaus,0.8600
url,http://60.211.56.208:58851/i,2026-04-22 15:46:15 UTC,urlhaus,0.8600
url,http://217.64.135.181:37899/i,2026-04-22 15:48:21 UTC,urlhaus,0.8600
url,http://113.229.88.231:46035/bin.sh,2026-04-22 15:50:21 UTC,urlhaus,0.8600
sha256,73407056f2dbe3b7e67ac9fee0ce2fa6ccfa6642e9847f0f9a1f405fa3769fdd,2026-04-22 15:55:53 UTC,malwarebazaar,0.9000
sha256,93dcaa659a7c7c783d36b514466f1495d4a0dabd232f09a6d15964b7eab2e4c6,2026-04-22 15:55:57 UTC,malwarebazaar,0.9000
sha256,77ed441fe35a4fca90fd19fc4b2fbefca470ea928f233a5586fa6b0bf6a8285b,2026-04-22 15:56:06 UTC,malwarebazaar,0.9000
sha256,6edd5efb2fdb82a7eeb10b78c0a9fdbe1f8720609123e1a398235bccfe3b10bb,2026-04-22 15:56:43 UTC,malwarebazaar,0.9000
sha256,ac98429bc3b61be71bbb6e864d568ee8078b53b1889532cb1b29d0284bcdd501,2026-04-22 15:56:48 UTC,malwarebazaar,0.9000
sha256,75f3e6d6bd2daab6603b52c06a0d238916c9dc3869800b19cc8dcdaa383f337c,2026-04-22 15:56:52 UTC,malwarebazaar,0.9000
url,http://176.65.139.94/x86_64,2026-04-22 15:59:20 UTC,urlhaus,0.8600
url,http://176.65.139.94/arm,2026-04-22 15:59:21 UTC,urlhaus,0.8600
url,http://176.65.139.94/arm5,2026-04-22 15:59:21 UTC,urlhaus,0.8600
url,http://176.65.139.94/arm6,2026-04-22 15:59:21 UTC,urlhaus,0.8600
url,http://176.65.139.94/arm7,2026-04-22 15:59:21 UTC,urlhaus,0.8600
url,http://176.65.139.94/mips,2026-04-22 15:59:21 UTC,urlhaus,0.8600
url,http://176.65.139.94/mipsel,2026-04-22 15:59:21 UTC,urlhaus,0.8600
domain,bza.ducard.com.br,2026-04-22 16:00:39 UTC,threatfox,0.9200
url,https://bza.ducard.com.br/,2026-04-22 16:00:43 UTC,threatfox,0.9200
domain,bza.flise-mesteren.dk,2026-04-22 16:00:47 UTC,threatfox,0.9200
url,https://bza.flise-mesteren.dk/,2026-04-22 16:00:50 UTC,threatfox,0.9200
url,http://kernalstress.st/arm5,2026-04-22 16:02:07 UTC,urlhaus,0.8600
url,http://kernalstress.st/mips,2026-04-22 16:02:07 UTC,urlhaus,0.8600
url,http://kernalstress.st/mipsel,2026-04-22 16:02:07 UTC,urlhaus,0.8600
url,http://kernalstress.st/x86_64,2026-04-22 16:02:07 UTC,urlhaus,0.8600
url,http://kernalstress.st/arm6,2026-04-22 16:02:08 UTC,urlhaus,0.8600
url,http://kernalstress.st/arm,2026-04-22 16:02:11 UTC,urlhaus,0.8600
url,http://kernalstress.st/arm7,2026-04-22 16:03:06 UTC,urlhaus,0.8600
url,http://115.56.129.141:48483/i,2026-04-22 16:06:08 UTC,urlhaus,0.8600
sha256,4c7d25d925c59540f5a62ff8e36f80e5bc9a06a63d20f8d60f2746081de91e56,2026-04-22 16:06:42 UTC,malwarebazaar,0.9000
sha256,89828007d33066d1b3cae71ade5ca83e86b63aa756ef43de07f62e3080452d98,2026-04-22 16:07:04 UTC,malwarebazaar,0.9000
sha256,85164fea465e06401fe7441a11df99c229f4c37d3fd80050e906532f80df9fd0,2026-04-22 16:07:12 UTC,malwarebazaar,0.9000
sha256,aed006430f23964e3ad5d4d23665da72d838ac160f3909f8b35d6d1937b015fb,2026-04-22 16:07:19 UTC,malwarebazaar,0.9000
sha256,6ca85008b331be70d3da51ea4e2af8ea497b644bc577fab2ade1fbbb3b869dbb,2026-04-22 16:07:26 UTC,malwarebazaar,0.9000
sha256,4cfc6b0aa7599aabbdd960417800d02b7f8cb6289ce28b1aaf34a988232d75e1,2026-04-22 16:07:41 UTC,malwarebazaar,0.9000
sha256,0cc67b0dc8890bb9bb2980f02a1e575009b3d1216e559dde2348dece458c8a13,2026-04-22 16:07:48 UTC,malwarebazaar,0.9000
sha256,b72cec8422a5793ec346297b19c1ea8b3176b5ce345115388d679c5ca5eebdf4,2026-04-22 16:07:55 UTC,malwarebazaar,0.9000
sha256,11101abc98f29e46cd16022395274c302260c69cdafdd9138bf025e24c3493ce,2026-04-22 16:08:05 UTC,malwarebazaar,0.9000
sha256,3330c958ec0b4802df9da7eb7ff8c1b5b0ee6571ae71868b553f52bcf930153d,2026-04-22 16:08:10 UTC,malwarebazaar,0.9000
sha256,38398e5b916b6c1181ae143f78e35c69278b27a9e1746d2fc540528e87a01df1,2026-04-22 16:08:12 UTC,malwarebazaar,0.9000
sha256,916e6a3aa9f29d73a22c73d18fd208f2d5d5a170de5460d629c603ab1d37132c,2026-04-22 16:08:36 UTC,malwarebazaar,0.9000
url,http://176.65.139.20/c.sh,2026-04-22 16:10:10 UTC,urlhaus,0.8600
url,http://176.65.139.20/static/ciubuc_i586,2026-04-22 16:10:10 UTC,urlhaus,0.8600
url,http://176.65.139.20/static/ciubuc_mips,2026-04-22 16:10:11 UTC,urlhaus,0.8600
url,http://176.65.139.20/static/ciubuc_x86,2026-04-22 16:10:12 UTC,urlhaus,0.8600
url,http://176.65.139.20/static/ciubuc_mips64,2026-04-22 16:10:13 UTC,urlhaus,0.8600
url,http://176.65.139.20/static/ciubuc_arm,2026-04-22 16:10:14 UTC,urlhaus,0.8600
url,http://176.65.139.20/static/ciubuc_arm6,2026-04-22 16:10:14 UTC,urlhaus,0.8600
url,http://176.65.139.20/static/ciubuc_i486,2026-04-22 16:10:14 UTC,urlhaus,0.8600
url,http://176.65.139.20/static/ciubuc_i686,2026-04-22 16:10:14 UTC,urlhaus,0.8600
url,http://176.65.139.20/static/ciubuc_mpsl,2026-04-22 16:10:14 UTC,urlhaus,0.8600
url,http://176.65.139.20/static/ciubuc_ppc,2026-04-22 16:10:14 UTC,urlhaus,0.8600
url,http://176.65.139.20/diicot.sh,2026-04-22 16:10:18 UTC,urlhaus,0.8600
url,http://176.65.139.20/static/ciubuc_arm5,2026-04-22 16:10:19 UTC,urlhaus,0.8600
url,http://176.65.139.20/static/ciubuc_m68k,2026-04-22 16:10:19 UTC,urlhaus,0.8600
url,http://176.65.139.20/static/ciubuc_aarch64,2026-04-22 16:10:20 UTC,urlhaus,0.8600
url,http://176.65.139.20/static/ciubuc_arm7,2026-04-22 16:10:20 UTC,urlhaus,0.8600
url,http://176.65.139.20/static/ciubuc_sh4,2026-04-22 16:10:20 UTC,urlhaus,0.8600
url,http://datasurge-bot.online/static/ciubuc_mpsl,2026-04-22 16:13:06 UTC,urlhaus,0.8600
url,http://datasurge-bot.online/static/ciubuc_arm6,2026-04-22 16:13:07 UTC,urlhaus,0.8600
url,http://datasurge-bot.online/static/ciubuc_arm5,2026-04-22 16:13:10 UTC,urlhaus,0.8600
url,http://datasurge-bot.online/static/ciubuc_m68k,2026-04-22 16:13:10 UTC,urlhaus,0.8600
url,http://datasurge-bot.online/static/ciubuc_mips,2026-04-22 16:13:10 UTC,urlhaus,0.8600
url,http://datasurge-bot.online/static/ciubuc_sh4,2026-04-22 16:13:10 UTC,urlhaus,0.8600
url,http://datasurge-bot.online/static/ciubuc_mips64,2026-04-22 16:13:11 UTC,urlhaus,0.8600
url,http://datasurge-bot.online/static/ciubuc_ppc,2026-04-22 16:13:11 UTC,urlhaus,0.8600
url,http://datasurge-bot.online/static/ciubuc_x86,2026-04-22 16:13:11 UTC,urlhaus,0.8600
url,http://datasurge-bot.online/static/ciubuc_arm7,2026-04-22 16:13:12 UTC,urlhaus,0.8600
url,http://datasurge-bot.online/static/ciubuc_i686,2026-04-22 16:13:12 UTC,urlhaus,0.8600
url,http://datasurge-bot.online/static/ciubuc_i486,2026-04-22 16:14:06 UTC,urlhaus,0.8600
url,http://datasurge-bot.online/static/ciubuc_i586,2026-04-22 16:14:06 UTC,urlhaus,0.8600
url,http://datasurge-bot.online/static/ciubuc_aarch64,2026-04-22 16:14:07 UTC,urlhaus,0.8600
url,http://datasurge-bot.online/static/ciubuc_arm,2026-04-22 16:14:09 UTC,urlhaus,0.8600
url,https://smartmasteryhub.com/,2026-04-22 16:15:11 UTC,threatfox,0.8200
url,https://treesforhealth.org/,2026-04-22 16:15:11 UTC,threatfox,0.8200
url,http://datasurge-bot.online/c.sh,2026-04-22 16:19:08 UTC,urlhaus,0.8600
url,http://datasurge-bot.online/diicot.sh,2026-04-22 16:19:09 UTC,urlhaus,0.8600
url,http://27.207.216.119:55802/bin.sh,2026-04-22 16:22:08 UTC,urlhaus,0.8600
sha256,7622a284a69aeedfcd4173e5571d91ae6efe49c6b22ce703ae218ba7dd26a877,2026-04-22 16:23:04 UTC,malwarebazaar,0.9000
sha256,a753a1e79075fef2c8187d54476b21ead408cecc2e68cd89174ff7f342e024d2,2026-04-22 16:23:05 UTC,malwarebazaar,0.9000
sha256,b606999038c82f8e9f517dd1b40e585d7c565dfd5ad5dba95fc0c4b56546c833,2026-04-22 16:23:10 UTC,malwarebazaar,0.9000
sha256,98370a31aa0976e7291d5c5087a8c9770b2927e8c3399bc14a2402d01bc5839d,2026-04-22 16:23:15 UTC,malwarebazaar,0.9000
sha256,16d40bfe0ecd3cb3c2f7f93e1b5578b81be87ec349d065f174d8c9f01d5cb660,2026-04-22 16:23:16 UTC,malwarebazaar,0.9000
sha256,6ed3d010b652e550ac99d4b147503795133ca0f610046ae95f8b3750bec3b2f9,2026-04-22 16:23:20 UTC,malwarebazaar,0.9000
sha256,741712f0d9bcee88173d0111a010e3d36da165c91ab82d01f24138868dcd5fbf,2026-04-22 16:23:21 UTC,malwarebazaar,0.9000
sha256,428ef996926ac99bd697b34482a139117fe8fe113ed6ac16a8254d6cd53a998c,2026-04-22 16:23:26 UTC,malwarebazaar,0.9000
sha256,01105c759ffb07de1dbf522a19ccb51746274fddc66661275ca83772c9c0320d,2026-04-22 16:23:31 UTC,malwarebazaar,0.9000
sha256,9da85a71f77b26fc02997ff08981cd2a497b155b3515f9179edfb6e910e6aa68,2026-04-22 16:23:32 UTC,malwarebazaar,0.9000
url,http://110.37.86.252:37966/bin.sh,2026-04-22 16:27:08 UTC,urlhaus,0.8600
url,http://176.65.139.35/cat.sh,2026-04-22 16:31:12 UTC,urlhaus,0.8600
url,http://176.65.139.35/iran.armv4l,2026-04-22 16:31:12 UTC,urlhaus,0.8600
url,http://176.65.139.35/iran.armv5l,2026-04-22 16:31:12 UTC,urlhaus,0.8600
url,http://176.65.139.35/iran.armv6l,2026-04-22 16:31:12 UTC,urlhaus,0.8600
url,http://176.65.139.35/iran.armv7l,2026-04-22 16:31:12 UTC,urlhaus,0.8600
url,http://176.65.139.35/iran.m68k,2026-04-22 16:31:12 UTC,urlhaus,0.8600
url,http://176.65.139.35/iran.mips,2026-04-22 16:31:12 UTC,urlhaus,0.8600
url,http://176.65.139.35/iran.mipsel,2026-04-22 16:31:12 UTC,urlhaus,0.8600
url,http://176.65.139.35/iran.mipsrouter,2026-04-22 16:31:12 UTC,urlhaus,0.8600
url,http://176.65.139.35/iran.powerpc,2026-04-22 16:31:12 UTC,urlhaus,0.8600
url,http://176.65.139.35/iran.sh4,2026-04-22 16:31:12 UTC,urlhaus,0.8600
url,http://176.65.139.35/iran.sparc,2026-04-22 16:31:12 UTC,urlhaus,0.8600
url,http://176.65.139.35/iran.x86_64,2026-04-22 16:31:12 UTC,urlhaus,0.8600
sha256,1561dbdb28eaccdb8c7829c72ad30752d6c368e2c3ac9967667f360042313528,2026-04-22 16:33:43 UTC,malwarebazaar,0.9000
sha256,2bdfc74b900e086c6bb1278cdb72bd4de6b3aea855937f34bd729d21c9bdf512,2026-04-22 16:33:49 UTC,malwarebazaar,0.9000
url,http://176.65.139.130/mirai.mips,2026-04-22 16:37:09 UTC,urlhaus,0.8600
url,http://176.65.139.130/mirai.arm7,2026-04-22 16:37:17 UTC,urlhaus,0.8600
url,http://176.65.139.131/arm,2026-04-22 16:38:26 UTC,urlhaus,0.8600
url,http://176.65.139.131/arm5,2026-04-22 16:38:26 UTC,urlhaus,0.8600
url,http://176.65.139.131/arm64,2026-04-22 16:38:26 UTC,urlhaus,0.8600
url,http://176.65.139.131/arm7,2026-04-22 16:38:26 UTC,urlhaus,0.8600
url,http://176.65.139.131/mips,2026-04-22 16:38:26 UTC,urlhaus,0.8600
url,http://176.65.139.131/mipsle,2026-04-22 16:38:26 UTC,urlhaus,0.8600
url,http://176.65.139.131/x86,2026-04-22 16:38:26 UTC,urlhaus,0.8600
url,http://176.65.139.131/arm6,2026-04-22 16:39:19 UTC,urlhaus,0.8600
url,http://125.47.86.187:53192/bin.sh,2026-04-22 16:41:12 UTC,urlhaus,0.8600
sha256,1eda520b3107b28579305cc1b00c99a61100f15ffef56a1c04ddad10e83ba117,2026-04-22 16:42:41 UTC,malwarebazaar,0.9000
sha256,bd659035de64932c9ac4461ebec6d2cf00c2d93a3a7e3c7819426f6d4d4352bb,2026-04-22 16:42:42 UTC,malwarebazaar,0.9000
sha256,06c7eb0eaaffbd56fbad19a6ef7d4b31b641a25833ed76e0a91db93167061486,2026-04-22 16:42:46 UTC,malwarebazaar,0.9000
sha256,9b7d8010b3a117f1944b2bae246c150b008c65d3a5d76346a78a18ad6bce3080,2026-04-22 16:42:47 UTC,malwarebazaar,0.9000
sha256,03df9ba296d451df918024114009f9d57ebd205d327f9b650f494c26c2e1a571,2026-04-22 16:42:52 UTC,malwarebazaar,0.9000
sha256,73ee19c193b47f844c000011e7b0f90c6d4cf4519dbdd4ba7ed738903d6825ce,2026-04-22 16:42:53 UTC,malwarebazaar,0.9000
sha256,8341b1ead69a1d5d342a13164d1623d4c30f9d3c39fbb6dea733e6b05699ca7c,2026-04-22 16:42:58 UTC,malwarebazaar,0.9000
sha256,56e95e081dc4b48c119d15409bd3d7258bb302970835191e1856c020c700988c,2026-04-22 16:42:59 UTC,malwarebazaar,0.9000
sha256,c05dca7c231d66f896d6a018c9ae8f2843b70619bb3a3dabf3f735509913638e,2026-04-22 16:43:12 UTC,malwarebazaar,0.9000
sha256,2d087a3663d5c325e9884ace959da019ea2c51509389733a08602de18f41ff0e,2026-04-22 16:43:16 UTC,malwarebazaar,0.9000
sha256,95f6d8d8f2b7a9e2982221a6ce8b1d6ad908b42982f425dfe8feb39a81d34d02,2026-04-22 16:43:18 UTC,malwarebazaar,0.9000
sha256,b41e43021ae1df49045ee9fb03de6255481c475852a2835c338ebe6ddac0d55f,2026-04-22 16:44:00 UTC,malwarebazaar,0.9000
sha256,cebbd68bbe77e5d9ffbf058fa6f37dc38e57a03a87fa10dde2b1915149c92132,2026-04-22 16:44:05 UTC,malwarebazaar,0.9000
sha256,c37cc2036aa58ebe34f8a40a71fc139c0de709addfe9700acb91e25ccda81865,2026-04-22 16:44:14 UTC,malwarebazaar,0.9000
sha256,aa27a0e720e9914054b19edfec0260a9011b9480455e11a75d8da6b9e374d6a6,2026-04-22 16:44:20 UTC,malwarebazaar,0.9000
url,http://182.124.13.223:38421/i,2026-04-22 16:44:21 UTC,urlhaus,0.8600
sha256,cdf8c10b91b8f283da568177da031ae3196960224b2af55401b4140970d87657,2026-04-22 16:44:31 UTC,malwarebazaar,0.9000
sha256,74ed6808411da5d66e7a191ddd6e57a50cbe268f855913b85f7356c7b9ef7f00,2026-04-22 16:44:36 UTC,malwarebazaar,0.9000
sha256,0e71566703ef25d0f54eda02d137176c15e6d639d20a1ce9e0dd1d72ca34262d,2026-04-22 16:44:50 UTC,malwarebazaar,0.9000
url,http://176.65.139.69/hiddenbin/boatnet.mpsl,2026-04-22 16:46:08 UTC,urlhaus,0.8600
url,http://176.65.139.69/hiddenbin/boatnet.arm5,2026-04-22 16:46:16 UTC,urlhaus,0.8600
url,http://176.65.139.69/hiddenbin/boatnet.arm7,2026-04-22 16:46:16 UTC,urlhaus,0.8600
url,http://176.65.139.69/hiddenbin/boatnet.m68k,2026-04-22 16:46:16 UTC,urlhaus,0.8600
url,http://176.65.139.69/hiddenbin/boatnet.mips,2026-04-22 16:46:16 UTC,urlhaus,0.8600
url,http://176.65.139.69/hiddenbin/boatnet.spc,2026-04-22 16:46:16 UTC,urlhaus,0.8600
url,http://176.65.139.69/hiddenbin/boatnet.ppc,2026-04-22 16:46:18 UTC,urlhaus,0.8600
url,http://176.65.139.69/hiddenbin/boatnet.sh4,2026-04-22 16:46:19 UTC,urlhaus,0.8600
url,http://176.65.139.69/bin.sh,2026-04-22 16:46:21 UTC,urlhaus,0.8600
url,http://176.65.139.69/hiddenbin/boatnet.i486,2026-04-22 16:46:21 UTC,urlhaus,0.8600
url,http://176.65.139.69/hiddenbin/boatnet.arm,2026-04-22 16:47:25 UTC,urlhaus,0.8600
url,http://176.65.139.69/hiddenbin/boatnet.arm6,2026-04-22 16:47:25 UTC,urlhaus,0.8600
url,http://176.65.139.69/hiddenbin/boatnet.x86,2026-04-22 16:47:25 UTC,urlhaus,0.8600
url,http://jbrj92scltrbtv7mzejvmovw.duckdns.org/hiddenbin/boatnet.i686,2026-04-22 16:48:07 UTC,urlhaus,0.8600
url,http://jbrj92scltrbtv7mzejvmovw.duckdns.org/hiddenbin/boatnet.spc,2026-04-22 16:48:09 UTC,urlhaus,0.8600
url,http://jbrj92scltrbtv7mzejvmovw.duckdns.org/hiddenbin/boatnet.ppc,2026-04-22 16:48:11 UTC,urlhaus,0.8600
url,http://jbrj92scltrbtv7mzejvmovw.duckdns.org/hiddenbin/boatnet.arm,2026-04-22 16:48:14 UTC,urlhaus,0.8600
url,http://jbrj92scltrbtv7mzejvmovw.duckdns.org/hiddenbin/boatnet.arm5,2026-04-22 16:48:14 UTC,urlhaus,0.8600
url,http://jbrj92scltrbtv7mzejvmovw.duckdns.org/hiddenbin/boatnet.arm6,2026-04-22 16:48:14 UTC,urlhaus,0.8600
url,http://jbrj92scltrbtv7mzejvmovw.duckdns.org/hiddenbin/boatnet.arm7,2026-04-22 16:48:14 UTC,urlhaus,0.8600
url,http://jbrj92scltrbtv7mzejvmovw.duckdns.org/hiddenbin/boatnet.i486,2026-04-22 16:48:14 UTC,urlhaus,0.8600
url,http://jbrj92scltrbtv7mzejvmovw.duckdns.org/hiddenbin/boatnet.m68k,2026-04-22 16:48:14 UTC,urlhaus,0.8600
url,http://jbrj92scltrbtv7mzejvmovw.duckdns.org/hiddenbin/boatnet.mips,2026-04-22 16:48:14 UTC,urlhaus,0.8600
url,http://jbrj92scltrbtv7mzejvmovw.duckdns.org/hiddenbin/boatnet.mpsl,2026-04-22 16:48:14 UTC,urlhaus,0.8600
url,http://jbrj92scltrbtv7mzejvmovw.duckdns.org/hiddenbin/boatnet.sh4,2026-04-22 16:48:14 UTC,urlhaus,0.8600
url,http://jbrj92scltrbtv7mzejvmovw.duckdns.org/hiddenbin/boatnet.x86,2026-04-22 16:48:14 UTC,urlhaus,0.8600
url,http://jbrj92scltrbtv7mzejvmovw.duckdns.org/hiddenbin/boatnet.x86_64,2026-04-22 16:48:15 UTC,urlhaus,0.8600
url,http://176.65.139.69/hiddenbin/boatnet.i686,2026-04-22 16:48:22 UTC,urlhaus,0.8600
url,http://176.65.139.69/hiddenbin/boatnet.x86_64,2026-04-22 16:48:28 UTC,urlhaus,0.8600
sha256,22eace6298be01df01409e74534c0fec22d6527a786f2a934a71f9ed5c1b6a58,2026-04-22 16:50:22 UTC,malwarebazaar,0.9000
sha256,9ed04b31914a3621adfd8e1f9003bcd24e295b211b6074d94474d63a09052c81,2026-04-22 16:50:22 UTC,malwarebazaar,0.9000
sha256,2459df010a422704aca659d62eca7ebcf37c4d6474c1c2bef6c7db09b5fea58b,2026-04-22 16:50:30 UTC,malwarebazaar,0.9000
sha256,ccd36d14706cceaf19cecf42d00aa0f067f5e0b6db5b7814f3a72dc52cea18f9,2026-04-22 16:50:31 UTC,malwarebazaar,0.9000
sha256,54adb83e52d1e3c65a5f8086642cadc525e2a4e642ce5bb3fd6b8955f7cf678a,2026-04-22 16:50:38 UTC,malwarebazaar,0.9000
sha256,87ce108741391ab4a2bd676df5eba1b026b763502a2158a58b9b6d6606f8d653,2026-04-22 16:50:38 UTC,malwarebazaar,0.9000
sha256,88eaad363a3e1f7df66bddbb4ea59c1c6dbd85de734f1bfd43c6eb94866f862b,2026-04-22 16:50:44 UTC,malwarebazaar,0.9000
sha256,cda9bc158fe4d2cd26d002b7b99b2e5ac0c75bae354afa936073ee90739b5485,2026-04-22 16:50:44 UTC,malwarebazaar,0.9000
sha256,5cc13b3c082dd02f628346ece3eff325edcfd523b359eded79146ebc9299ab99,2026-04-22 16:51:58 UTC,malwarebazaar,0.9000
sha256,b0abc24aa336b024606c67d3fba716c8c869a496e5c6e689e878bdfdbfe4990e,2026-04-22 16:52:07 UTC,malwarebazaar,0.9000
sha256,378e11f0a64ef250c5a3118bbb914996cffcb6baff65aabe99590b0cdc3bf173,2026-04-22 16:52:18 UTC,malwarebazaar,0.9000
url,http://176.65.139.76/bins/parm6,2026-04-22 16:52:26 UTC,urlhaus,0.8600
url,http://176.65.139.76/bins/pmips,2026-04-22 16:52:26 UTC,urlhaus,0.8600
url,http://176.65.139.76/bins/pmpsl,2026-04-22 16:52:26 UTC,urlhaus,0.8600
url,http://176.65.139.76/bins/pppc,2026-04-22 16:52:26 UTC,urlhaus,0.8600
sha256,557f0e4118fac9e8fb75d403526ac2d530766d79ce7a9600bd99f258c682364e,2026-04-22 16:52:27 UTC,malwarebazaar,0.9000
sha256,514425f689ce06ada0adeab50c40fe22e1259010dad5c786d0885abc9ce60dd0,2026-04-22 16:52:39 UTC,malwarebazaar,0.9000
sha256,1ac91fd7f606aef934f93e9ddfd20c45fc2c9e26690efcc8b6399b8466a903df,2026-04-22 16:52:46 UTC,malwarebazaar,0.9000
sha256,4dd771642a7baf30f3ef6974c37c20bdad55a879f6ed2fa0d87328bdd4055258,2026-04-22 16:52:54 UTC,malwarebazaar,0.9000
url,http://176.65.139.76/bins/parm,2026-04-22 16:53:19 UTC,urlhaus,0.8600
url,http://176.65.139.76/bins/psh4,2026-04-22 16:53:19 UTC,urlhaus,0.8600
url,http://176.65.139.76/bins/pspc,2026-04-22 16:53:19 UTC,urlhaus,0.8600
url,http://182.124.175.204:50581/bin.sh,2026-04-22 16:53:20 UTC,urlhaus,0.8600
url,http://176.65.139.76/bins/px86,2026-04-22 16:53:21 UTC,urlhaus,0.8600
url,http://176.65.139.76/bins/parm5,2026-04-22 16:53:22 UTC,urlhaus,0.8600
url,http://176.65.139.76/bins/pm68k,2026-04-22 16:53:22 UTC,urlhaus,0.8600
url,http://182.112.224.78:45371/i,2026-04-22 16:54:20 UTC,urlhaus,0.8600
sha256,37f1890213349e8fa8731ad58b611b3c795acf61f28fdf614e5313ef4e62c772,2026-04-22 16:55:33 UTC,malwarebazaar,0.9000
sha256,65711d0c5f33f7f37cdf548ef5dd05abcdb688241708b4959e4e142e9349f82a,2026-04-22 16:55:33 UTC,malwarebazaar,0.9000
sha256,67c36159e48047130fc02b43def4d64c03475ac5f8570a950b5e10721ae777f0,2026-04-22 16:55:42 UTC,malwarebazaar,0.9000
sha256,8d148a59fb5d1b2a4413b87620f7b757a090b7036c4d947220870dc96842fddf,2026-04-22 16:55:42 UTC,malwarebazaar,0.9000
sha256,544cb36ea672c8aa276ac42297c45c4396e332a04c862f64ab1820312dc483cf,2026-04-22 16:55:51 UTC,malwarebazaar,0.9000
sha256,b75c277497ed9416e9497528d4dffbf2b1fdfb72d602b40d17c1afc413bf4cc4,2026-04-22 16:55:51 UTC,malwarebazaar,0.9000
sha256,03fbe36d24a44b2ee5da58626dbdc851ab78f85f5a475f51604f2bcbd77be114,2026-04-22 16:55:59 UTC,malwarebazaar,0.9000
sha256,158bb205f4bcadbe7a42806527e3b5ebe3f2e65991919d70dc7ce7c57b8d41aa,2026-04-22 16:56:00 UTC,malwarebazaar,0.9000
sha256,460cdc154dc00f028f907a54776ab5529ed24a6d0654b07a7c3d769598efc3e8,2026-04-22 16:56:07 UTC,malwarebazaar,0.9000
sha256,8975c11105d4bc54f03b37f347f677f94fcb509ad621978dd686bbad3fd788f4,2026-04-22 16:57:01 UTC,malwarebazaar,0.9000
sha256,5a05f066de7edb8fd1157f71e6e5bb8683862d45db6c0eb27a8ab659f6819495,2026-04-22 16:57:11 UTC,malwarebazaar,0.9000
url,http://176.65.139.104/bins/parm,2026-04-22 16:57:12 UTC,urlhaus,0.8600
url,http://176.65.139.104/bins/parm6,2026-04-22 16:57:12 UTC,urlhaus,0.8600
url,http://176.65.139.104/bins/parm7,2026-04-22 16:57:12 UTC,urlhaus,0.8600
url,http://176.65.139.104/bins/pm68k,2026-04-22 16:57:12 UTC,urlhaus,0.8600
url,http://176.65.139.104/bins/pmips,2026-04-22 16:57:12 UTC,urlhaus,0.8600
url,http://176.65.139.104/bins/pmpsl,2026-04-22 16:57:12 UTC,urlhaus,0.8600
url,http://176.65.139.104/bins/pppc,2026-04-22 16:57:12 UTC,urlhaus,0.8600
url,http://176.65.139.104/bins/psh4,2026-04-22 16:57:12 UTC,urlhaus,0.8600
url,http://176.65.139.104/bins/x86_64,2026-04-22 16:57:12 UTC,urlhaus,0.8600
url,http://176.65.139.104/bins/px86,2026-04-22 16:57:15 UTC,urlhaus,0.8600
url,http://176.65.139.104/bins/parm5,2026-04-22 16:57:20 UTC,urlhaus,0.8600
url,http://176.65.139.104/bins/pspc,2026-04-22 16:57:21 UTC,urlhaus,0.8600
sha256,2f10f2ecd5bc43a22eea8d843eee234c8ea3bac310b9b1eed0bd863b735f0ffe,2026-04-22 16:57:22 UTC,malwarebazaar,0.9000
sha256,749d5725be43fc8bf50854a2c4db041017e0111c0f0784d9656a60d6f85092e7,2026-04-22 16:59:17 UTC,malwarebazaar,0.9000
sha256,39dac2cd71624df7c0bb632a800c03f49082d4bc514b56bf3a70014b1d88c8ec,2026-04-22 16:59:35 UTC,malwarebazaar,0.9000
sha256,2b4e02de815286946c55dd7ae2cd35fd2df2d93352110271f75a6b13d95c4047,2026-04-22 17:02:02 UTC,malwarebazaar,0.9000
sha256,b7867079ab1526387fdfd5156d08803ac1c360d52adbecad61f22c4d1b1ea71f,2026-04-22 17:02:12 UTC,malwarebazaar,0.9000
sha256,3976d7df147e852bd4652c6ed9be458abda286548aec40fe375cc7dd7eb19448,2026-04-22 17:02:21 UTC,malwarebazaar,0.9000
sha256,b6b9c0059471ab8e332c493af43bc9e9e7e060e7e498fad74ba76ae969628f6b,2026-04-22 17:02:21 UTC,malwarebazaar,0.9000
sha256,b562e65d5ad485494cee16ec220e496c334fff7d5f100f2180492404a91e3ab9,2026-04-22 17:02:30 UTC,malwarebazaar,0.9000
sha256,adc4173f12b8d59c145d3b624a6a07ab3204692b87d09a3da579625497f7f9ac,2026-04-22 17:02:31 UTC,malwarebazaar,0.9000
sha256,750afeeb1d7bcab44cc30741c4d1807dd7858be07c9f245ab2ae7ba726e09e40,2026-04-22 17:02:40 UTC,malwarebazaar,0.9000
sha256,8833200bc00ded45694879cadb3e358e5f145a3bfebd5f2b7d775e2fa760970e,2026-04-22 17:02:41 UTC,malwarebazaar,0.9000
sha256,a9676f16ec5dbe32e26afd37c6b7ad6afec80c4c6c5215ef409307153689cc70,2026-04-22 17:02:49 UTC,malwarebazaar,0.9000
sha256,8269870e21e3c4ac68f20436da0bdea8909cdcd585ae7e160b24b701d6f1a5de,2026-04-22 17:02:51 UTC,malwarebazaar,0.9000
url,http://125.47.86.187:53192/i,2026-04-22 17:14:22 UTC,urlhaus,0.8600
url,https://4quickjobs.com/,2026-04-22 17:15:10 UTC,threatfox,0.8200
url,https://absoluteseo.net/,2026-04-22 17:15:11 UTC,threatfox,0.8200
url,https://businessassistantforsales.com/,2026-04-22 17:15:11 UTC,threatfox,0.8200
url,https://carcarenation.com/,2026-04-22 17:15:11 UTC,threatfox,0.8200
url,https://columbusohhvacnews.com/,2026-04-22 17:15:12 UTC,threatfox,0.8200
url,https://comprehensivesustainabilitydomain.com/,2026-04-22 17:15:12 UTC,threatfox,0.8200
url,https://computerkeyboardpicture.com/,2026-04-22 17:15:12 UTC,threatfox,0.8200
url,https://contemporaryartists.co/,2026-04-22 17:15:13 UTC,threatfox,0.8200
url,https://cordilleralodge.com/,2026-04-22 17:15:13 UTC,threatfox,0.8200
url,https://corporatebusinesssuccess.com/,2026-04-22 17:15:13 UTC,threatfox,0.8200
url,https://corporatecoachingforstability.com/,2026-04-22 17:15:14 UTC,threatfox,0.8200
url,https://corporatepathtoretention.com/,2026-04-22 17:15:14 UTC,threatfox,0.8200
url,https://corporatestrategyforbusinesssuccess.com/,2026-04-22 17:15:14 UTC,threatfox,0.8200
url,https://dailylearningfocus.com/,2026-04-22 17:15:15 UTC,threatfox,0.8200
url,https://dentalhygieneassociation.com/,2026-04-22 17:15:15 UTC,threatfox,0.8200
url,https://foreignanddomesticautorepairnews.com/,2026-04-22 17:15:15 UTC,threatfox,0.8200
url,https://freelitigationadvice.com/,2026-04-22 17:15:16 UTC,threatfox,0.8200
url,https://homeownerhacksforimprovements.com/,2026-04-22 17:15:16 UTC,threatfox,0.8200
url,https://homeownershelpwithimprovements.com/,2026-04-22 17:15:16 UTC,threatfox,0.8200
url,https://homeownerstoolsforrepair.com/,2026-04-22 17:15:16 UTC,threatfox,0.8200
url,https://howtostayfit.co/,2026-04-22 17:15:17 UTC,threatfox,0.8200
url,https://maximumpcsubscription.com/,2026-04-22 17:15:17 UTC,threatfox,0.8200
url,https://motosites.com/,2026-04-22 17:15:17 UTC,threatfox,0.8200
url,https://propertyownerstoolkit.com/,2026-04-22 17:15:18 UTC,threatfox,0.8200
url,https://realgrowthfocus.com/,2026-04-22 17:15:18 UTC,threatfox,0.8200
url,https://realinfostation.com/,2026-04-22 17:15:18 UTC,threatfox,0.8200
url,https://realinsightfocus.com/,2026-04-22 17:15:18 UTC,threatfox,0.8200
url,https://shrewdhomeownersavvy.com/,2026-04-22 17:15:19 UTC,threatfox,0.8200
url,https://thebusyparentguide.com/,2026-04-22 17:15:19 UTC,threatfox,0.8200
url,https://thehomemaintenanceblog.com/,2026-04-22 17:15:19 UTC,threatfox,0.8200
url,https://tycoonblueprintforinnovation.com/,2026-04-22 17:15:19 UTC,threatfox,0.8200
url,https://advancedupskillingdomain.com/,2026-04-22 17:15:20 UTC,threatfox,0.8200
url,https://bizownersretention.com/,2026-04-22 17:15:20 UTC,threatfox,0.8200
url,https://tycoonstrategyforbizdev.com/,2026-04-22 17:15:20 UTC,threatfox,0.8200
url,https://yourbizmarketing.com/,2026-04-22 17:15:20 UTC,threatfox,0.8200
url,https://advancedknowhowhub.com/,2026-04-22 17:15:21 UTC,threatfox,0.8200
url,https://aljfarainternational.ly/,2026-04-22 17:15:21 UTC,threatfox,0.8200
url,https://healthnewsforallages.com/,2026-04-22 17:15:21 UTC,threatfox,0.8200
url,https://homeownerslessonsforbettervalue.com/,2026-04-22 17:15:21 UTC,threatfox,0.8200
url,https://thecompletefamilyhome.com/,2026-04-22 17:15:21 UTC,threatfox,0.8200
url,http://113.239.219.0:59794/bin.sh,2026-04-22 17:20:37 UTC,urlhaus,0.8600
url,http://61.53.87.167:49825/bin.sh,2026-04-22 17:23:21 UTC,urlhaus,0.8600
sha256,c30a0d9a140523270c92019f5c1435e075057c9ef2816d5402f4a5a0b331dd32,2026-04-22 17:24:34 UTC,malwarebazaar,0.9000
url,http://27.219.14.111:46003/bin.sh,2026-04-22 17:43:24 UTC,urlhaus,0.8600
url,http://119.118.46.114:50208/bin.sh,2026-04-22 17:45:17 UTC,urlhaus,0.8600
url,http://115.58.93.113:34932/i,2026-04-22 17:45:22 UTC,urlhaus,0.8600
url,http://176.65.139.146/bot.exe,2026-04-22 17:46:12 UTC,urlhaus,0.8600
url,http://176.65.139.146/bot_x86.exe,2026-04-22 17:46:12 UTC,urlhaus,0.8600
url,http://176.65.139.146/main_arm,2026-04-22 17:46:18 UTC,urlhaus,0.8600
url,http://176.65.139.146/main_sh4,2026-04-22 17:46:18 UTC,urlhaus,0.8600
url,http://176.65.139.146/main_m68k,2026-04-22 17:46:19 UTC,urlhaus,0.8600
url,http://176.65.139.146/main_mpsl,2026-04-22 17:46:19 UTC,urlhaus,0.8600
url,http://176.65.139.146/main_arm7,2026-04-22 17:46:20 UTC,urlhaus,0.8600
url,http://176.65.139.146/main_arm6,2026-04-22 17:46:23 UTC,urlhaus,0.8600
url,http://176.65.139.146/main_ppc,2026-04-22 17:46:23 UTC,urlhaus,0.8600
url,http://176.65.139.146/main_x86,2026-04-22 17:46:23 UTC,urlhaus,0.8600
url,http://176.65.139.146/main_arm5,2026-04-22 17:46:24 UTC,urlhaus,0.8600
url,http://176.65.139.146/main_mips,2026-04-22 17:46:24 UTC,urlhaus,0.8600
url,http://176.65.139.146/main_x86_64,2026-04-22 17:46:24 UTC,urlhaus,0.8600
url,http://176.65.139.146/mips,2026-04-22 17:46:24 UTC,urlhaus,0.8600
url,http://176.65.139.146/mipsle,2026-04-22 17:46:24 UTC,urlhaus,0.8600
url,http://176.65.139.146/x86,2026-04-22 17:46:24 UTC,urlhaus,0.8600
sha256,66ca66cae93c34e60a9a328b082fc7aa5396cc046bcfc5a14681d072128b9be7,2026-04-22 17:51:30 UTC,malwarebazaar,0.9000
sha256,645a688913af27ac2b61ed72cb69ee2541d541035fffe60150c8ecb103dc7440,2026-04-22 17:52:19 UTC,malwarebazaar,0.9000
url,http://60.23.234.116:47900/i,2026-04-22 17:52:23 UTC,urlhaus,0.8600
url,http://61.53.87.167:49825/i,2026-04-22 17:54:19 UTC,urlhaus,0.8600
url,http://113.239.219.0:59794/i,2026-04-22 17:56:26 UTC,urlhaus,0.8600
url,http://221.15.7.209:39779/bin.sh,2026-04-22 17:57:08 UTC,urlhaus,0.8600
url,http://123.14.32.208:51903/i,2026-04-22 18:07:07 UTC,urlhaus,0.8600
url,http://27.219.14.111:46003/i,2026-04-22 18:10:31 UTC,urlhaus,0.8600
url,http://221.199.194.59:37879/bin.sh,2026-04-22 18:19:22 UTC,urlhaus,0.8600
url,http://42.58.213.35:38727/bin.sh,2026-04-22 18:20:24 UTC,urlhaus,0.8600
url,http://42.235.54.204:40019/i,2026-04-22 18:22:08 UTC,urlhaus,0.8600
sha256,7c2722a023ad6f017e581e9fb8c08e44b7b185a203c3d9d97ff391630326c723,2026-04-22 18:23:58 UTC,malwarebazaar,0.9000
sha256,85aa75f81407928f1b6df3781f328fd996c4e4fb2cfc298a41e917052df3b650,2026-04-22 18:23:59 UTC,malwarebazaar,0.9000
sha256,be0f28fc95a73db76b219941b09e9562492edcf6f290b7ed9da8116702fc2829,2026-04-22 18:24:15 UTC,malwarebazaar,0.9000
sha256,10d31706ddc67d7a7a398b09da17354b7118211e084c876329f548534fd6ad29,2026-04-22 18:24:47 UTC,malwarebazaar,0.9000
sha256,8dfb4b6d9de0426e944b49d05fe8a62d71e34136db12eaaf0daf113d0ca4c673,2026-04-22 18:24:48 UTC,malwarebazaar,0.9000
sha256,9215c4dcf9f145ba618b99f024a43d7e6a547e15d80a960c514bdb5be5655893,2026-04-22 18:24:55 UTC,malwarebazaar,0.9000
sha256,13f39a2bf8277c15bfa776d66b0b18b817aab3218a489a9b668daf4d6023b380,2026-04-22 18:25:04 UTC,malwarebazaar,0.9000
ip,213.139.77.228:443,2026-04-22 18:25:30 UTC,threatfox,0.9200
ip,46.183.25.42:443,2026-04-22 18:25:30 UTC,threatfox,0.9200
url,https://treysbeatend.com/WebPanel/login.php,2026-04-22 18:25:34 UTC,threatfox,0.9200
url,https://mail.treysbeatend.com/WebPanel/login.php,2026-04-22 18:25:35 UTC,threatfox,0.9200
url,http://176.65.139.42/bins/bot_arm64,2026-04-22 18:26:35 UTC,urlhaus,0.8600
url,http://176.65.139.42/bins/bot_armv7,2026-04-22 18:26:35 UTC,urlhaus,0.8600
url,http://176.65.139.42/bins/bot_i386,2026-04-22 18:26:35 UTC,urlhaus,0.8600
url,http://176.65.139.42/bins/bot_linux_x86_64,2026-04-22 18:26:35 UTC,urlhaus,0.8600
url,http://176.65.139.42/bins/bot_mips,2026-04-22 18:26:35 UTC,urlhaus,0.8600
url,http://vanillamods.xyz/api/ps,2026-04-22 18:26:35 UTC,urlhaus,0.8600
url,http://vanillamods.xyz/api/selfupdater,2026-04-22 18:26:39 UTC,urlhaus,0.8600
url,http://176.65.139.42/bins/bot_mips64el,2026-04-22 18:27:08 UTC,urlhaus,0.8600
url,http://176.65.139.42/bins/bot_ppc64el,2026-04-22 18:27:08 UTC,urlhaus,0.8600
url,http://176.65.139.42/bins/check_bots.sh,2026-04-22 18:27:08 UTC,urlhaus,0.8600
url,http://176.65.139.42/bins/rename_bots.sh,2026-04-22 18:27:08 UTC,urlhaus,0.8600
url,http://176.65.139.42/bins/bot_mipsel,2026-04-22 18:27:09 UTC,urlhaus,0.8600
url,http://176.65.139.42/bins/bot_s390x,2026-04-22 18:28:06 UTC,urlhaus,0.8600
url,https://158.94.208.60/bin/support.client.exe,2026-04-22 18:30:08 UTC,urlhaus,0.8600
url,http://176.65.139.11/bot.aarch64,2026-04-22 18:32:20 UTC,urlhaus,0.8600
url,http://176.65.139.11/bot.mips,2026-04-22 18:32:20 UTC,urlhaus,0.8600
url,http://176.65.139.11/bot.mips64,2026-04-22 18:32:20 UTC,urlhaus,0.8600
url,http://176.65.139.11/bot.mips64el,2026-04-22 18:32:20 UTC,urlhaus,0.8600
url,http://176.65.139.11/bot.mipsel,2026-04-22 18:32:20 UTC,urlhaus,0.8600
url,http://176.65.139.11/bot.ppc,2026-04-22 18:32:20 UTC,urlhaus,0.8600
url,http://176.65.139.11/bot.riscv64,2026-04-22 18:32:20 UTC,urlhaus,0.8600
url,http://176.65.139.11/bot.s390x,2026-04-22 18:32:20 UTC,urlhaus,0.8600
url,http://176.65.139.11/bot.x64,2026-04-22 18:32:20 UTC,urlhaus,0.8600
url,http://123.10.36.229:49781/bin.sh,2026-04-22 18:46:16 UTC,urlhaus,0.8600
url,http://175.107.16.92:33109/i,2026-04-22 18:46:16 UTC,urlhaus,0.8600
url,http://42.58.213.35:38727/i,2026-04-22 18:49:18 UTC,urlhaus,0.8600
url,http://221.199.194.59:37879/i,2026-04-22 18:51:08 UTC,urlhaus,0.8600
url,https://158.94.210.217/bin/support.client.exe,2026-04-22 18:53:08 UTC,urlhaus,0.8600
url,http://115.55.6.145:35868/bin.sh,2026-04-22 18:57:07 UTC,urlhaus,0.8600
sha256,232bee8de476e68cb04df514bf349a5c4fa6507997f0a215804b44a81997a03b,2026-04-22 19:04:42 UTC,malwarebazaar,0.9000
sha256,392c27f4b54410426db40e6479bb0e7d90eea6e26a65fc2256b4b331a9598494,2026-04-22 19:05:11 UTC,malwarebazaar,0.9000
sha256,4155502664f3b94b7a0412ebb6a2c6b43dc03bb473ff787f19565473b5839fd1,2026-04-22 19:05:25 UTC,malwarebazaar,0.9000
sha256,729adc5f8b1359244aed0e027067f3340a0be2ee09452a77c41d3ee91b18e691,2026-04-22 19:06:16 UTC,malwarebazaar,0.9000
url,http://123.10.36.229:49781/i,2026-04-22 19:07:14 UTC,urlhaus,0.8600
sha256,9ada584e6ca9d4163d5e82525db9bc85c1bea2b04db0bf5f904484aae4ff7482,2026-04-22 19:07:36 UTC,malwarebazaar,0.9000
sha256,a98bbc63d809a989033a8d94e3bcf67045077075e7c617866c02d64a96afee9f,2026-04-22 19:08:24 UTC,malwarebazaar,0.9000
sha256,4253c46c07541700b04a2bb28897df63dc21694eb10ad755d91f855feda7ba1d,2026-04-22 19:08:46 UTC,malwarebazaar,0.9000
sha256,e182636ff70910d6ea6e1492eb7ed99244763ff142a7148879bf4f889aff6341,2026-04-22 19:10:32 UTC,malwarebazaar,0.9000
sha256,fcbac81f67202a120780385249cc77d015b84bb4475f2feea07418b6b45748ea,2026-04-22 19:11:28 UTC,malwarebazaar,0.9000
url,http://182.114.48.139:53777/i,2026-04-22 19:12:19 UTC,urlhaus,0.8600
url,http://115.53.201.217:51860/i,2026-04-22 19:17:06 UTC,urlhaus,0.8600
url,http://115.55.6.145:35868/i,2026-04-22 19:22:06 UTC,urlhaus,0.8600
url,http://60.209.76.246:54822/i,2026-04-22 19:25:23 UTC,urlhaus,0.8600
url,http://195.238.123.165/s-h.4-.Sakura,2026-04-22 19:26:13 UTC,urlhaus,0.8600
url,http://195.238.123.165/Sakura.sh,2026-04-22 19:27:11 UTC,urlhaus,0.8600
url,http://195.238.123.165/a-r.m-4.Sakura,2026-04-22 19:27:11 UTC,urlhaus,0.8600
url,http://195.238.123.165/a-r.m-5.Sakura,2026-04-22 19:27:11 UTC,urlhaus,0.8600
url,http://195.238.123.165/a-r.m-6.Sakura,2026-04-22 19:27:11 UTC,urlhaus,0.8600
url,http://195.238.123.165/a-r.m-7.Sakura,2026-04-22 19:27:11 UTC,urlhaus,0.8600
url,http://195.238.123.165/i-5.8-6.Sakura,2026-04-22 19:27:11 UTC,urlhaus,0.8600
url,http://195.238.123.165/m-6.8-k.Sakura,2026-04-22 19:27:11 UTC,urlhaus,0.8600
url,http://195.238.123.165/m-i.p-s.Sakura,2026-04-22 19:27:11 UTC,urlhaus,0.8600
url,http://195.238.123.165/m-p.s-l.Sakura,2026-04-22 19:27:11 UTC,urlhaus,0.8600
url,http://195.238.123.165/p-p.c-.Sakura,2026-04-22 19:27:11 UTC,urlhaus,0.8600
url,http://195.238.123.165/x-3.2-.Sakura,2026-04-22 19:27:11 UTC,urlhaus,0.8600
url,http://195.238.123.165/x-8.6-.Sakura,2026-04-22 19:27:11 UTC,urlhaus,0.8600
url,http://171.38.79.137:47753/i,2026-04-22 19:28:18 UTC,urlhaus,0.8600
url,http://60.23.237.150:40345/i,2026-04-22 19:29:23 UTC,urlhaus,0.8600
url,http://119.118.46.114:50208/i,2026-04-22 19:37:24 UTC,urlhaus,0.8600
url,http://42.239.226.200:33077/i,2026-04-22 19:46:18 UTC,urlhaus,0.8600
url,http://125.40.122.254:56242/bin.sh,2026-04-22 19:57:23 UTC,urlhaus,0.8600
sha256,846e22b461fc3a1c36bdca43eb22de12e5b5ac4d0df6860582ffe4195b161fc6,2026-04-22 20:11:17 UTC,malwarebazaar,0.9000
sha256,b99c0cf485b3d1b69330628f5e602365fd5b67c8e82c87dc2e5b7903375eb0e1,2026-04-22 20:11:25 UTC,malwarebazaar,0.9000
sha256,267da67cb171033f8071bde68dd26e797455550452e28bb06a53bbcdb69a9a27,2026-04-22 20:11:32 UTC,malwarebazaar,0.9000
sha256,5d68dfdfd725bbb5370c59af3d1ca1830abd935890b0d484c2c3ab72f3a4f0d8,2026-04-22 20:11:39 UTC,malwarebazaar,0.9000
sha256,680fd296ead1f8a850165a04bbd52ca76fefbc83d38833028207a909080f788c,2026-04-22 20:11:46 UTC,malwarebazaar,0.9000
sha256,e5edf3bcb6f332ec96b3ab188d34b942fa36a51776918be26fc1d21af1d98549,2026-04-22 20:11:53 UTC,malwarebazaar,0.9000
sha256,7c99506876f33d8aa2ae64a6535cedfda17803c6669adfd99817452d8fcd940e,2026-04-22 20:12:00 UTC,malwarebazaar,0.9000
sha256,2cf3d3fcdb6f2e131d07533a06bf0f1e867bb1c709d42848b084a770e2eb36d8,2026-04-22 20:12:07 UTC,malwarebazaar,0.9000
sha256,f09772480c9cdff4f200719e8e582ca47930e13804f947f14d01065fc4150fde,2026-04-22 20:12:22 UTC,malwarebazaar,0.9000
sha256,11796c78b7b2949e19a9fac1e3b47fce2d65dcf4eb37b7acd8266929f164f843,2026-04-22 20:12:30 UTC,malwarebazaar,0.9000
sha256,c19726ed570a5131152659995b1d5d7bdf9171b6878c54b99fae7b6d8e337a8e,2026-04-22 20:12:37 UTC,malwarebazaar,0.9000
url,http://39.67.103.35:43823/bin.sh,2026-04-22 20:14:21 UTC,urlhaus,0.8600
url,http://36.77.224.72:35646/bin.sh,2026-04-22 20:14:22 UTC,urlhaus,0.8600
url,https://hit.ducard.com.br/,2026-04-22 20:15:24 UTC,threatfox,0.8200
domain,hit.ducard.com.br,2026-04-22 20:15:27 UTC,threatfox,0.8200
url,https://hit.flise-mesteren.dk/,2026-04-22 20:15:32 UTC,threatfox,0.8200
domain,hit.flise-mesteren.dk,2026-04-22 20:15:35 UTC,threatfox,0.8200
url,http://36.77.224.72:35646/i,2026-04-22 20:17:08 UTC,urlhaus,0.8600
sha256,5aebca345f3cc7fd0251092cce5682d68391fbd5b5c232c393c58082f0347a72,2026-04-22 20:21:34 UTC,malwarebazaar,0.9000
url,http://125.40.122.254:56242/i,2026-04-22 20:24:21 UTC,urlhaus,0.8600
url,http://39.67.103.35:43823/i,2026-04-22 20:42:16 UTC,urlhaus,0.8600
domain,cs.demo888999.com,2026-04-22 20:43:46 UTC,threatfox,0.8200
ip,141.227.135.62:80,2026-04-22 20:50:52 UTC,threatfox,0.8200
ip,154.23.182.238:2086,2026-04-22 20:51:59 UTC,threatfox,0.8200
ip,192.210.174.149:443,2026-04-22 20:53:22 UTC,threatfox,0.8200
ip,211.154.20.173:4443,2026-04-22 20:53:44 UTC,threatfox,0.8200
domain,cdo.it.com,2026-04-22 21:05:49 UTC,threatfox,0.8200
url,http://42.231.92.253:36633/bin.sh,2026-04-22 21:09:13 UTC,urlhaus,0.8600
url,http://61.53.73.110:42070/i,2026-04-22 21:10:14 UTC,urlhaus,0.8600
url,https://dl.armour-inc-down.net/in/?YouTubeViewBot,2026-04-22 21:20:33 UTC,urlhaus,0.8600
url,http://180.245.46.214:59412/bin.sh,2026-04-22 21:29:12 UTC,urlhaus,0.8600
url,http://105.186.89.247:49161/i,2026-04-22 21:30:21 UTC,urlhaus,0.8600
url,http://176.65.139.141/bins/nc,2026-04-22 21:35:26 UTC,urlhaus,0.8600
url,http://176.65.139.11/bot.arm,2026-04-22 21:36:18 UTC,urlhaus,0.8600
url,http://176.65.139.11/bot.x86,2026-04-22 21:37:17 UTC,urlhaus,0.8600
url,http://176.65.139.11/h2stream.aarch64,2026-04-22 21:37:19 UTC,urlhaus,0.8600
url,http://176.65.139.11/h2rapidreset.arm,2026-04-22 21:37:20 UTC,urlhaus,0.8600
url,http://176.65.139.11/h2rapidreset.mips,2026-04-22 21:37:20 UTC,urlhaus,0.8600
url,http://176.65.139.11/h2rapidreset.ppc,2026-04-22 21:37:20 UTC,urlhaus,0.8600
url,http://176.65.139.11/h2rapidreset.s390x,2026-04-22 21:37:20 UTC,urlhaus,0.8600
url,http://176.65.139.11/h2rapidreset.x64,2026-04-22 21:37:20 UTC,urlhaus,0.8600
url,http://176.65.139.11/h2stream.mips64,2026-04-22 21:37:20 UTC,urlhaus,0.8600
url,http://176.65.139.11/h2stream.mipsel,2026-04-22 21:37:20 UTC,urlhaus,0.8600
url,http://176.65.139.11/h3flood.mipsel,2026-04-22 21:37:20 UTC,urlhaus,0.8600
url,http://176.65.139.11/h2rapidreset.aarch64,2026-04-22 21:37:21 UTC,urlhaus,0.8600
url,http://176.65.139.11/h2rapidreset.mips64el,2026-04-22 21:37:21 UTC,urlhaus,0.8600
url,http://176.65.139.11/h3flood.arm,2026-04-22 21:37:21 UTC,urlhaus,0.8600
url,http://176.65.139.11/h3flood.mips64,2026-04-22 21:37:21 UTC,urlhaus,0.8600
url,http://176.65.139.11/h3flood.mips64el,2026-04-22 21:37:21 UTC,urlhaus,0.8600
url,http://176.65.139.11/h3flood.x64,2026-04-22 21:37:21 UTC,urlhaus,0.8600
url,http://119.119.176.206:36218/bin.sh,2026-04-22 21:38:20 UTC,urlhaus,0.8600
url,http://176.65.139.11/h3flood.ppc,2026-04-22 21:38:25 UTC,urlhaus,0.8600
url,http://176.65.139.11/h3flood.s390x,2026-04-22 21:38:28 UTC,urlhaus,0.8600
url,http://176.65.139.11/h2rapidreset.riscv64,2026-04-22 21:38:30 UTC,urlhaus,0.8600
url,http://176.65.139.11/h2rapidreset.x86,2026-04-22 21:38:30 UTC,urlhaus,0.8600
url,http://176.65.139.11/h2stream.arm,2026-04-22 21:38:30 UTC,urlhaus,0.8600
url,http://176.65.139.11/h2stream.ppc,2026-04-22 21:38:30 UTC,urlhaus,0.8600
url,http://176.65.139.11/h2stream.x86,2026-04-22 21:38:30 UTC,urlhaus,0.8600
url,http://176.65.139.11/h2rapidreset.mips64,2026-04-22 21:38:31 UTC,urlhaus,0.8600
url,http://176.65.139.11/h2rapidreset.mipsel,2026-04-22 21:38:31 UTC,urlhaus,0.8600
url,http://176.65.139.11/h2stream.mips,2026-04-22 21:38:31 UTC,urlhaus,0.8600
url,http://176.65.139.11/h2stream.mips64el,2026-04-22 21:38:31 UTC,urlhaus,0.8600
url,http://176.65.139.11/h2stream.riscv64,2026-04-22 21:38:31 UTC,urlhaus,0.8600
url,http://176.65.139.11/h2stream.s390x,2026-04-22 21:38:31 UTC,urlhaus,0.8600
url,http://176.65.139.11/h2stream.x64,2026-04-22 21:38:31 UTC,urlhaus,0.8600
url,http://176.65.139.11/h3flood.aarch64,2026-04-22 21:38:31 UTC,urlhaus,0.8600
url,http://176.65.139.11/h3flood.mips,2026-04-22 21:38:31 UTC,urlhaus,0.8600
url,http://176.65.139.11/h3flood.riscv64,2026-04-22 21:38:31 UTC,urlhaus,0.8600
url,http://176.65.139.11/h3flood.x86,2026-04-22 21:38:31 UTC,urlhaus,0.8600
url,http://119.113.187.91:47205/bin.sh,2026-04-22 21:41:19 UTC,urlhaus,0.8600
url,http://119.119.176.206:36218/i,2026-04-22 21:48:11 UTC,urlhaus,0.8600
url,http://42.178.153.5:44369/i,2026-04-22 21:50:19 UTC,urlhaus,0.8600
url,http://120.28.162.208:33775/i,2026-04-22 21:52:21 UTC,urlhaus,0.8600
url,http://119.113.187.91:47205/i,2026-04-22 22:02:12 UTC,urlhaus,0.8600
url,http://125.41.220.17:52150/bin.sh,2026-04-22 22:03:17 UTC,urlhaus,0.8600
url,https://raw.githubusercontent.com/canbeMax/Hash_Buster/refs/heads/drylikov/erythrosiderite/Hash_Buster_Hydrophinae.zip,2026-04-22 22:09:08 UTC,urlhaus,0.8600
url,https://raw.githubusercontent.com/guvann/cursor-reset/refs/heads/main/Olympiadic/cursor_reset_1.3.zip,2026-04-22 22:09:08 UTC,urlhaus,0.8600
url,https://raw.githubusercontent.com/guvann/guvann1/refs/heads/main/confirmatory/guvann-v1.7.zip,2026-04-22 22:09:08 UTC,urlhaus,0.8600
url,https://github.com/DavittGamer/DevCrack-Mobile-Interviews/raw/refs/heads/main/credit/Mobile-Dev-Interviews-Crack-v3.2-alpha.1.zip,2026-04-22 22:09:09 UTC,urlhaus,0.8600
url,https://github.com/DavittGamer/social-bar/raw/refs/heads/gh-pages/fonts/social-bar-v3.8-alpha.3.zip,2026-04-22 22:09:09 UTC,urlhaus,0.8600
url,https://github.com/DevJinma/CrackFtp/raw/refs/heads/main/therence/Ftp-Crack-v3.7.zip,2026-04-22 22:09:09 UTC,urlhaus,0.8600
url,https://github.com/Luffy1402/CrackFtp-la/raw/refs/heads/main/gimped/Ftp-la-Crack-unenslave.zip,2026-04-22 22:09:09 UTC,urlhaus,0.8600
url,https://github.com/canbeMax/CYJL/raw/refs/heads/main/assets/Software-3.3.zip,2026-04-22 22:09:09 UTC,urlhaus,0.8600
url,https://github.com/canbeMax/Online-Timer.github.io/raw/refs/heads/main/Font/Online_Timer_io_github_swainship.zip,2026-04-22 22:09:09 UTC,urlhaus,0.8600
url,https://github.com/guvann/cursor-reset/raw/refs/heads/main/Olympiadic/cursor_reset_1.3.zip,2026-04-22 22:09:09 UTC,urlhaus,0.8600
url,https://raw.githubusercontent.com/DavittGamer/DevCrack-Mobile-Interviews/refs/heads/main/credit/Mobile-Dev-Interviews-Crack-v3.2-alpha.1.zip,2026-04-22 22:09:09 UTC,urlhaus,0.8600
url,https://raw.githubusercontent.com/DavittGamer/social-bar/refs/heads/gh-pages/fonts/social-bar-v3.8-alpha.3.zip,2026-04-22 22:09:09 UTC,urlhaus,0.8600
url,https://raw.githubusercontent.com/Luffy1402/CrackFtp-la/refs/heads/main/gimped/Ftp-la-Crack-unenslave.zip,2026-04-22 22:09:09 UTC,urlhaus,0.8600
url,https://raw.githubusercontent.com/canbeMax/CYJL/refs/heads/main/assets/Software-3.3.zip,2026-04-22 22:09:09 UTC,urlhaus,0.8600
url,https://raw.githubusercontent.com/canbeMax/Online-Timer.github.io/refs/heads/main/Font/Online_Timer_io_github_swainship.zip,2026-04-22 22:09:09 UTC,urlhaus,0.8600
url,https://github.com/DavittGamer/GRANDALAND/raw/refs/heads/main/bournless/Software-3.9.zip,2026-04-22 22:09:10 UTC,urlhaus,0.8600
url,https://github.com/DavittGamer/prueva/raw/refs/heads/master/Merycoidodon/Software-v3.0.zip,2026-04-22 22:09:10 UTC,urlhaus,0.8600
url,https://github.com/canbeMax/Hash_Buster/raw/refs/heads/drylikov/erythrosiderite/Hash_Buster_Hydrophinae.zip,2026-04-22 22:09:10 UTC,urlhaus,0.8600
url,https://github.com/guvann/guvann1/raw/refs/heads/main/confirmatory/guvann-v1.7.zip,2026-04-22 22:09:10 UTC,urlhaus,0.8600
url,https://raw.githubusercontent.com/DavittGamer/prueva/refs/heads/master/Merycoidodon/Software-v3.0.zip,2026-04-22 22:09:10 UTC,urlhaus,0.8600
url,https://raw.githubusercontent.com/DavittGamer/GRANDALAND/refs/heads/main/bournless/Software-3.9.zip,2026-04-22 22:09:11 UTC,urlhaus,0.8600
url,https://raw.githubusercontent.com/DevJinma/CrackFtp/refs/heads/main/therence/Ftp-Crack-v3.7.zip,2026-04-22 22:25:11 UTC,urlhaus,0.8600
url,http://196.189.96.59:40472/bin.sh,2026-04-22 22:30:19 UTC,urlhaus,0.8600
url,http://105.224.12.254:38275/i,2026-04-22 22:32:07 UTC,urlhaus,0.8600
url,http://182.126.203.68:35628/bin.sh,2026-04-22 22:37:06 UTC,urlhaus,0.8600
url,https://raw.githubusercontent.com/Clad-chrism998/WasmCrack/refs/heads/main/src/wasmcrack/struct_solver/Wasm_Crack_3.3.zip,2026-04-22 22:45:15 UTC,urlhaus,0.8600
url,https://github.com/Clad-chrism998/WasmCrack/raw/refs/heads/main/src/wasmcrack/struct_solver/Wasm_Crack_3.3.zip,2026-04-22 22:45:16 UTC,urlhaus,0.8600
url,https://github.com/Pammyhangdog747/claude-cracks-the-whip/raw/refs/heads/main/lapidarist/the_cracks_whip_claude_3.0.zip,2026-04-22 22:45:16 UTC,urlhaus,0.8600
url,https://raw.githubusercontent.com/Pammyhangdog747/claude-cracks-the-whip/refs/heads/main/lapidarist/the_cracks_whip_claude_3.0.zip,2026-04-22 22:45:16 UTC,urlhaus,0.8600
url,https://github.com/Skinflareckon10/crack-Adobe-Premiere-2026/releases/download/new/PremierePro2026_28.0_x64.rar,2026-04-22 22:45:17 UTC,urlhaus,0.8600
url,https://pin30-sync.de6xamel.in.net/05fe317c-0981-4de2-bc8a-930d369db441/ck-3d80df5d12cdfe6450a782fc87bf66b444.google,2026-04-22 22:46:12 UTC,urlhaus,0.8600
url,https://github.com/Auranyuentrance/crack-adobe-Illustrator-2026/releases/download/new/Illustrator2026_31.0_x64.rar,2026-04-22 22:46:17 UTC,urlhaus,0.8600
url,https://haul-cache.de6xamel.in.net/05fe317c-0981-4de2-bc8a-930d369db441/ck-3d80df5d12cdfe6450a782fc87bf66b444.google,2026-04-22 22:51:11 UTC,urlhaus,0.8600
url,https://cold-1q.infirmary5care.in.net/0d24c91a-8b5e-4f72-9136-735f0b4de1a8/ck-3d80df5d12cdfe6450a782fc87bf66b444.google,2026-04-22 22:57:15 UTC,urlhaus,0.8600
url,http://182.122.234.138:49765/i,2026-04-22 23:02:06 UTC,urlhaus,0.8600
url,https://noir-4.infirmary5care.in.net/0d24c91a-8b5e-4f72-9136-735f0b4de1a8/ck-3d80df5d12cdfe6450a782fc87bf66b444.google,2026-04-22 23:02:12 UTC,urlhaus,0.8600
url,http://196.189.96.59:40472/i,2026-04-22 23:02:21 UTC,urlhaus,0.8600
url,https://github.com/skyroutecaptivate/crack-Adobe-InDesign-2026/releases/download/new/crack_InDesign_2026_Win64.rar,2026-04-22 23:06:14 UTC,urlhaus,0.8600
url,http://182.126.203.68:35628/i,2026-04-22 23:07:07 UTC,urlhaus,0.8600
url,http://182.121.230.60:34423/bin.sh,2026-04-22 23:07:08 UTC,urlhaus,0.8600
url,https://baum-z9.infirmary5care.in.net/0d24c91a-8b5e-4f72-9136-735f0b4de1a8/ck-3d80df5d12cdfe6450a782fc87bf66b444.google,2026-04-22 23:08:09 UTC,urlhaus,0.8600
url,https://github.com/MediatorVault/ExpressVPN-Cracked-Version/releases/download/new/Setup_ExpressVPN_PRO-x64.rar,2026-04-22 23:08:09 UTC,urlhaus,0.8600
url,https://github.com/VioletWorkerSky/minecraft-vape-v4-download-cracked/releases/download/new/MinecraftVapeV4-x64.rar,2026-04-22 23:08:14 UTC,urlhaus,0.8600
url,https://github.com/Recordtrablade/Wallpaper-Engine-Cracked-2026/releases/download/new/wallpaperengine-2.7.3-x64.rar,2026-04-22 23:09:16 UTC,urlhaus,0.8600
url,http://119.178.91.117:40748/i,2026-04-22 23:12:07 UTC,urlhaus,0.8600
url,https://fast-2x.infirmary5care.in.net/0d24c91a-8b5e-4f72-9136-735f0b4de1a8/ck-3d80df5d12cdfe6450a782fc87bf66b444.google,2026-04-22 23:13:13 UTC,urlhaus,0.8600
url,https://raw.githubusercontent.com/Shaktiigrover/AutoPassCrack/refs/heads/main/autopasscrack/Auto_Pass_Crack_v3.8.zip,2026-04-22 23:14:13 UTC,urlhaus,0.8600
url,https://raw.githubusercontent.com/wuaricoco23/WhiteBoxAesCrack/refs/heads/main/fonts/White-Crack-Box-Aes-v2.5.zip,2026-04-22 23:14:13 UTC,urlhaus,0.8600
url,https://raw.githubusercontent.com/wuaricoco23/valentine/refs/heads/main/effortful/Software-2.3.zip,2026-04-22 23:14:13 UTC,urlhaus,0.8600
url,https://github.com/Shaktiigrover/AutoPassCrack/raw/refs/heads/main/autopasscrack/Auto_Pass_Crack_v3.8.zip,2026-04-22 23:14:14 UTC,urlhaus,0.8600
url,https://github.com/Shaktiigrover/shakti-site/raw/refs/heads/main/unseclusive/site_shakti_1.5-alpha.3.zip,2026-04-22 23:14:14 UTC,urlhaus,0.8600
url,https://github.com/chotu120/BatCrack/raw/refs/heads/master/internal/cracker/Crack_Bat_v2.8-beta.5.zip,2026-04-22 23:14:14 UTC,urlhaus,0.8600
url,https://github.com/wuaricoco23/WhiteBoxAesCrack/raw/refs/heads/main/fonts/White-Crack-Box-Aes-v2.5.zip,2026-04-22 23:14:14 UTC,urlhaus,0.8600
url,https://github.com/wuaricoco23/valentine/raw/refs/heads/main/effortful/Software-2.3.zip,2026-04-22 23:14:14 UTC,urlhaus,0.8600
url,https://raw.githubusercontent.com/Shaktiigrover/shakti-site/refs/heads/main/unseclusive/site_shakti_1.5-alpha.3.zip,2026-04-22 23:14:14 UTC,urlhaus,0.8600
url,https://raw.githubusercontent.com/chotu120/BatCrack/refs/heads/master/internal/cracker/Crack_Bat_v2.8-beta.5.zip,2026-04-22 23:14:14 UTC,urlhaus,0.8600
url,https://petit-7.infirmary5care.in.net/0d24c91a-8b5e-4f72-9136-735f0b4de1a8/ck-3d80df5d12cdfe6450a782fc87bf66b444.google,2026-04-22 23:19:13 UTC,urlhaus,0.8600
url,https://kalt-m5.infirmary5care.in.net/0d24c91a-8b5e-4f72-9136-735f0b4de1a8/ck-3d80df5d12cdfe6450a782fc87bf66b444.google,2026-04-22 23:24:16 UTC,urlhaus,0.8600
url,http://115.62.185.57:33520/i,2026-04-22 23:27:16 UTC,urlhaus,0.8600
url,http://123.5.170.237:44613/bin.sh,2026-04-22 23:28:19 UTC,urlhaus,0.8600
url,https://wind-3.diet-lanolin.in.net/0d24c91a-8b5e-4f72-9136-735f0b4de1a8/ck-3d80df5d12cdfe6450a782fc87bf66b444.google,2026-04-22 23:29:12 UTC,urlhaus,0.8600
url,http://103.249.199.3:53750/bin.sh,2026-04-22 23:32:07 UTC,urlhaus,0.8600
url,https://bleu-8k.diet-lanolin.in.net/0d24c91a-8b5e-4f72-9136-735f0b4de1a8/ck-3d80df5d12cdfe6450a782fc87bf66b444.google,2026-04-22 23:35:13 UTC,urlhaus,0.8600
url,https://holz-v1.diet-lanolin.in.net/0d24c91a-8b5e-4f72-9136-735f0b4de1a8/ck-3d80df5d12cdfe6450a782fc87bf66b444.google,2026-04-22 23:41:10 UTC,urlhaus,0.8600
url,http://60.23.232.94:60123/bin.sh,2026-04-22 23:44:20 UTC,urlhaus,0.8600
url,http://123.5.170.237:44613/i,2026-04-22 23:45:23 UTC,urlhaus,0.8600
url,https://dark-9.diet-lanolin.in.net/0d24c91a-8b5e-4f72-9136-735f0b4de1a8/ck-3d80df5d12cdfe6450a782fc87bf66b444.google,2026-04-22 23:46:14 UTC,urlhaus,0.8600
url,http://123.189.175.33:40944/bin.sh,2026-04-22 23:46:20 UTC,urlhaus,0.8600
url,http://42.226.68.180:33416/bin.sh,2026-04-22 23:50:21 UTC,urlhaus,0.8600
url,https://vert-4m.diet-lanolin.in.net/0d24c91a-8b5e-4f72-9136-735f0b4de1a8/ck-3d80df5d12cdfe6450a782fc87bf66b444.google,2026-04-22 23:52:14 UTC,urlhaus,0.8600
url,http://117.216.65.52:39939/bin.sh,2026-04-22 23:53:20 UTC,urlhaus,0.8600
url,https://raw.githubusercontent.com/Jcalumag19/Hash_crack/refs/heads/main/node_modules/reveal.js/plugin/search/crack_Hash_v3.4.zip,2026-04-22 23:55:08 UTC,urlhaus,0.8600
url,https://raw.githubusercontent.com/Jcalumag19/web/refs/heads/main/reticence/Software-uncivilish.zip,2026-04-22 23:55:08 UTC,urlhaus,0.8600
url,https://github.com/Jcalumag19/web/raw/refs/heads/main/reticence/Software-uncivilish.zip,2026-04-22 23:55:09 UTC,urlhaus,0.8600
url,https://github.com/Jcalumag19/Hash_crack/raw/refs/heads/main/node_modules/reveal.js/plugin/search/crack_Hash_v3.4.zip,2026-04-22 23:55:11 UTC,urlhaus,0.8600
url,https://github.com/Jcalumag19/todo/raw/refs/heads/main/eyeberry/Software_v3.2.zip,2026-04-22 23:55:11 UTC,urlhaus,0.8600
url,https://github.com/Jcalumag19/vercel/raw/refs/heads/main/methylanthracene/Software_1.9.zip,2026-04-22 23:55:12 UTC,urlhaus,0.8600
url,https://github.com/Sanfin/jsoncrack.com/raw/refs/heads/main/public/assets/com-jsoncrack-3.3-beta.3.zip,2026-04-22 23:55:14 UTC,urlhaus,0.8600
url,https://raw.githubusercontent.com/Gamevoid2366/AuthCrack-v8/refs/heads/main/characteristically/Auth-Crack-v-2.1.zip,2026-04-22 23:55:14 UTC,urlhaus,0.8600
url,https://raw.githubusercontent.com/Jcalumag19/cloudweb/refs/heads/main/unshattered/Software_v3.4-beta.5.zip,2026-04-22 23:55:14 UTC,urlhaus,0.8600
url,https://raw.githubusercontent.com/Jcalumag19/todo/refs/heads/main/eyeberry/Software_v3.2.zip,2026-04-22 23:55:14 UTC,urlhaus,0.8600
url,https://raw.githubusercontent.com/Jcalumag19/vercel/refs/heads/main/methylanthracene/Software_1.9.zip,2026-04-22 23:55:14 UTC,urlhaus,0.8600
url,https://raw.githubusercontent.com/Sanfin/jsoncrack.com/refs/heads/main/public/assets/com-jsoncrack-3.3-beta.3.zip,2026-04-22 23:55:14 UTC,urlhaus,0.8600
url,https://github.com/Gamevoid2366/AuthCrack-v8/raw/refs/heads/main/characteristically/Auth-Crack-v-2.1.zip,2026-04-22 23:55:15 UTC,urlhaus,0.8600
url,https://github.com/Jcalumag19/cloudweb/raw/refs/heads/main/unshattered/Software_v3.4-beta.5.zip,2026-04-22 23:55:15 UTC,urlhaus,0.8600
url,https://github.com/oualiide/ManageEngine-Desktop-Central-Crack/raw/refs/heads/master/ectocondyloid/Central-Crack-Desktop-Manage-Engine-v2.7.zip,2026-04-22 23:55:15 UTC,urlhaus,0.8600
url,https://raw.githubusercontent.com/oualiide/ManageEngine-Desktop-Central-Crack/refs/heads/master/ectocondyloid/Central-Crack-Desktop-Manage-Engine-v2.7.zip,2026-04-22 23:55:16 UTC,urlhaus,0.8600
url,https://wind-3.diet-lanolin.in.net/05fe317c-0981-4de2-bc8a-930d369db441/ck-3d80df5d12cdfe6450a782fc87bf66b444.google,2026-04-22 23:56:12 UTC,urlhaus,0.8600
url,http://119.117.104.247:51399/bin.sh,2026-04-22 23:58:23 UTC,urlhaus,0.8600
url,http://110.38.211.139:44685/bin.sh,2026-04-22 23:58:25 UTC,urlhaus,0.8600
url,https://bleu-8k.diet-lanolin.in.net/05fe317c-0981-4de2-bc8a-930d369db441/ck-3d80df5d12cdfe6450a782fc87bf66b444.google,2026-04-23 00:00:22 UTC,urlhaus,0.8600
domain,arb.ducard.com.br,2026-04-23 00:00:37 UTC,threatfox,0.9200
url,https://arb.ducard.com.br/,2026-04-23 00:00:41 UTC,threatfox,0.9200
domain,arb.flise-mesteren.dk,2026-04-23 00:00:45 UTC,threatfox,0.9200
url,https://arb.flise-mesteren.dk/,2026-04-23 00:00:49 UTC,threatfox,0.9200
url,http://103.249.199.3:53750/i,2026-04-23 00:02:07 UTC,urlhaus,0.8600
url,http://60.23.232.94:60123/i,2026-04-23 00:05:23 UTC,urlhaus,0.8600
url,https://holz-v1.diet-lanolin.in.net/05fe317c-0981-4de2-bc8a-930d369db441/ck-3d80df5d12cdfe6450a782fc87bf66b444.google,2026-04-23 00:06:06 UTC,urlhaus,0.8600
url,http://115.58.86.82:43844/i,2026-04-23 00:07:07 UTC,urlhaus,0.8600
url,http://153.0.69.242:60643/bin.sh,2026-04-23 00:11:22 UTC,urlhaus,0.8600
url,https://dark-9.diet-lanolin.in.net/05fe317c-0981-4de2-bc8a-930d369db441/ck-3d80df5d12cdfe6450a782fc87bf66b444.google,2026-04-23 00:12:12 UTC,urlhaus,0.8600
url,https://vert-4m.diet-lanolin.in.net/05fe317c-0981-4de2-bc8a-930d369db441/ck-3d80df5d12cdfe6450a782fc87bf66b444.google,2026-04-23 00:17:08 UTC,urlhaus,0.8600
url,http://105.186.89.247:49161/bin.sh,2026-04-23 00:19:15 UTC,urlhaus,0.8600
url,http://117.216.65.52:39939/i,2026-04-23 00:22:22 UTC,urlhaus,0.8600
url,http://175.149.182.189:60731/i,2026-04-23 00:22:22 UTC,urlhaus,0.8600
url,https://zeit-w2.diet-lanolin.in.net/05fe317c-0981-4de2-bc8a-930d369db441/ck-3d80df5d12cdfe6450a782fc87bf66b444.google,2026-04-23 00:23:06 UTC,urlhaus,0.8600
url,http://105.224.33.112:49917/bin.sh,2026-04-23 00:25:09 UTC,urlhaus,0.8600
url,http://179.49.213.85:59688/bin.sh,2026-04-23 00:26:21 UTC,urlhaus,0.8600
url,https://gold-5b.decay5obes.in.net/05fe317c-0981-4de2-bc8a-930d369db441/ck-3d80df5d12cdfe6450a782fc87bf66b444.google,2026-04-23 00:28:07 UTC,urlhaus,0.8600
url,https://rouge-1.decay5obes.in.net/05fe317c-0981-4de2-bc8a-930d369db441/ck-3d80df5d12cdfe6450a782fc87bf66b444.google,2026-04-23 00:34:10 UTC,urlhaus,0.8600
url,https://berg-9z.decay5obes.in.net/05fe317c-0981-4de2-bc8a-930d369db441/ck-3d80df5d12cdfe6450a782fc87bf66b444.google,2026-04-23 00:39:14 UTC,urlhaus,0.8600
url,http://153.0.69.242:60643/i,2026-04-23 00:41:18 UTC,urlhaus,0.8600
url,https://open-4.decay5obes.in.net/05fe317c-0981-4de2-bc8a-930d369db441/ck-3d80df5d12cdfe6450a782fc87bf66b444.google,2026-04-23 00:44:07 UTC,urlhaus,0.8600
url,https://noir-s6.decay5obes.in.net/05fe317c-0981-4de2-bc8a-930d369db441/ck-3d80df5d12cdfe6450a782fc87bf66b444.google,2026-04-23 00:50:10 UTC,urlhaus,0.8600
url,http://110.38.211.139:44685/i,2026-04-23 00:55:19 UTC,urlhaus,0.8600
url,https://land-2.decay5obes.in.net/05fe317c-0981-4de2-bc8a-930d369db441/ck-3d80df5d12cdfe6450a782fc87bf66b444.google,2026-04-23 00:56:07 UTC,urlhaus,0.8600
url,https://star-8v.credibil-debauch.in.net/05fe317c-0981-4de2-bc8a-930d369db441/ck-3d80df5d12cdfe6450a782fc87bf66b444.google,2026-04-23 01:01:07 UTC,urlhaus,0.8600
url,https://vert-3.credibil-debauch.in.net/05fe317c-0981-4de2-bc8a-930d369db441/ck-3d80df5d12cdfe6450a782fc87bf66b444.google,2026-04-23 01:06:06 UTC,urlhaus,0.8600
url,http://222.137.26.101:57017/bin.sh,2026-04-23 01:07:18 UTC,urlhaus,0.8600
url,https://geld-x5.credibil-debauch.in.net/05fe317c-0981-4de2-bc8a-930d369db441/ck-3d80df5d12cdfe6450a782fc87bf66b444.google,2026-04-23 01:13:08 UTC,urlhaus,0.8600
url,http://42.54.64.176:45219/bin.sh,2026-04-23 01:17:07 UTC,urlhaus,0.8600
url,https://blue-6.credibil-debauch.in.net/05fe317c-0981-4de2-bc8a-930d369db441/ck-3d80df5d12cdfe6450a782fc87bf66b444.google,2026-04-23 01:18:08 UTC,urlhaus,0.8600
url,https://petit-y1.credibil-debauch.in.net/05fe317c-0981-4de2-bc8a-930d369db441/ck-3d80df5d12cdfe6450a782fc87bf66b444.google,2026-04-23 01:24:10 UTC,urlhaus,0.8600
url,http://222.137.26.101:57017/i,2026-04-23 01:26:13 UTC,urlhaus,0.8600
url,https://wald-9.credibil-debauch.in.net/05fe317c-0981-4de2-bc8a-930d369db441/ck-3d80df5d12cdfe6450a782fc87bf66b444.google,2026-04-23 01:29:08 UTC,urlhaus,0.8600
url,http://182.121.230.60:34423/i,2026-04-23 01:31:12 UTC,urlhaus,0.8600
url,http://125.25.188.237:52310/bin.sh,2026-04-23 01:32:07 UTC,urlhaus,0.8600
url,https://fire-2m.greecesco7es.in.net/05fe317c-0981-4de2-bc8a-930d369db441/ck-3d80df5d12cdfe6450a782fc87bf66b444.google,2026-04-23 01:34:12 UTC,urlhaus,0.8600
url,http://42.54.64.176:45219/i,2026-04-23 01:37:06 UTC,urlhaus,0.8600
url,https://bleu-5.greecesco7es.in.net/05fe317c-0981-4de2-bc8a-930d369db441/ck-3d80df5d12cdfe6450a782fc87bf66b444.google,2026-04-23 01:40:14 UTC,urlhaus,0.8600
url,http://42.234.204.209:60063/bin.sh,2026-04-23 01:43:12 UTC,urlhaus,0.8600
url,http://www.labamayu.info/neu/fre.php,2026-04-23 02:10:09 UTC,threatfox,0.9200
url,https://etfmodelsolutions.com/,2026-04-23 02:15:05 UTC,threatfox,0.8200
url,https://paragonlatam.com/,2026-04-23 02:15:05 UTC,threatfox,0.8200
ip,209.99.190.73:1995,2026-04-23 04:40:22 UTC,threatfox,0.9200
url,http://196.251.107.248/kont2rt/index.php,2026-04-23 04:45:34 UTC,threatfox,0.9200
domain,newprocess28.duckdns.org,2026-04-23 04:46:06 UTC,threatfox,0.8200
url,https://desktop-version.com/app,2026-04-23 05:22:00 UTC,threatfox,0.9200
ip,65.109.108.183:443,2026-04-23 05:22:01 UTC,threatfox,0.9200
ip,65.109.108.183:5566,2026-04-23 05:22:03 UTC,threatfox,0.9200
domain,devilxclusive.lol,2026-04-23 05:22:04 UTC,threatfox,0.9200
url,https://devilxclusive.lol/api_bank.php,2026-04-23 05:22:05 UTC,threatfox,0.9200
url,https://devilxclusive.lol/api_sms.php,2026-04-23 05:22:06 UTC,threatfox,0.9200
url,https://devilxclusive.lol/api_config.php,2026-04-23 05:22:07 UTC,threatfox,0.9200
ip,54.146.6.253:443,2026-04-23 05:22:08 UTC,threatfox,0.8200
domain,joselin-whitson-on-movie.com,2026-04-23 05:22:09 UTC,threatfox,0.9200
url,http://150.241.92.37:5021/,2026-04-23 05:22:10 UTC,threatfox,0.9200
url,http://joselin-whitson-on-movie.com:5632/,2026-04-23 05:22:10 UTC,threatfox,0.9200
url,http://150.241.92.37:5021/getlog,2026-04-23 05:22:11 UTC,threatfox,0.9200
url,http://150.241.92.37:5021/getlog/x/,2026-04-23 05:22:12 UTC,threatfox,0.9200
url,http://150.241.92.37:5021/getlog/x/08oFdi40aT0t,2026-04-23 05:22:13 UTC,threatfox,0.9200
url,http://167.235.253.218:6062/,2026-04-23 05:22:14 UTC,threatfox,0.9200
ip,125.43.44.207:35002,2026-04-23 05:22:17 UTC,threatfox,0.9200
ip,185.161.251.11:443,2026-04-23 05:22:18 UTC,threatfox,0.9200
ip,209.99.189.102:80,2026-04-23 05:22:20 UTC,threatfox,0.9200
ip,89.169.12.235:80,2026-04-23 05:22:22 UTC,threatfox,0.8200
ip,89.169.12.149:80,2026-04-23 05:22:24 UTC,threatfox,0.8200
url,http://89.169.12.149/api/NTE3YjdjNWU1NjYzNjU2YTA1N2Y=,2026-04-23 05:22:24 UTC,threatfox,0.8200
domain,js.byxly.eu.cc,2026-04-23 05:22:30 UTC,threatfox,0.9200
domain,api-us.thenycmeetings.com,2026-04-23 05:22:31 UTC,threatfox,0.9200
ip,89.124.95.161:443,2026-04-23 05:22:37 UTC,threatfox,0.9200
ip,38.242.144.218:717,2026-04-23 06:40:30 UTC,threatfox,0.9200
ip,124.223.70.155:80,2026-04-23 07:06:26 UTC,threatfox,0.9200
ip,62.234.144.140:80,2026-04-23 07:07:09 UTC,threatfox,0.9200
domain,u888.it.com,2026-04-23 07:11:04 UTC,threatfox,0.8200
ip,143.198.237.25:443,2026-04-23 07:13:13 UTC,threatfox,0.8200
ip,178.16.53.62:2772,2026-04-23 07:13:28 UTC,threatfox,0.8200
ip,108.187.42.200:443,2026-04-23 07:32:19 UTC,threatfox,0.9200
ip,159.65.200.174:25001,2026-04-23 08:54:43 UTC,threatfox,0.9200
ip,159.223.218.168:25001,2026-04-23 08:54:44 UTC,threatfox,0.9200
ip,188.166.108.189:25001,2026-04-23 08:54:45 UTC,threatfox,0.9200
ip,64.225.73.83:25001,2026-04-23 08:54:46 UTC,threatfox,0.9200
ip,188.166.73.211:25001,2026-04-23 08:54:47 UTC,threatfox,0.9200
ip,43.157.17.38:2323,2026-04-23 09:45:14 UTC,threatfox,0.8200
ip,43.157.17.38:3232,2026-04-23 09:45:39 UTC,threatfox,0.8200
url,https://storevisibility.com/trezor/d6ee79d12ccb3b74179e0b70ea9a826eed12031146b789b0b7c60b8536d683df,2026-04-23 10:46:53 UTC,threatfox,0.9200
url,http://nailscanai.com/curl/d6ee79d12ccb3b74179e0b70ea9a826eed12031146b789b0b7c60b8536d683df,2026-04-23 10:46:54 UTC,threatfox,0.9200
ip,172.233.45.233:25001,2026-04-23 10:46:55 UTC,threatfox,0.9200
url,https://storevisibility.com/ledger/d6ee79d12ccb3b74179e0b70ea9a826eed12031146b789b0b7c60b8536d683df,2026-04-23 10:46:55 UTC,threatfox,0.9200
ip,172.233.33.102:25001,2026-04-23 10:46:56 UTC,threatfox,0.9200
ip,172.233.59.32:25001,2026-04-23 10:46:56 UTC,threatfox,0.9200
ip,172.233.33.208:25001,2026-04-23 10:46:57 UTC,threatfox,0.9200
ip,206.189.9.25:25001,2026-04-23 10:46:57 UTC,threatfox,0.9200
domain,dcb.dutraloc.com.br,2026-04-23 11:00:39 UTC,threatfox,0.9200
url,https://dcb.dutraloc.com.br/,2026-04-23 11:00:44 UTC,threatfox,0.9200
domain,dcb.flise-mesteren.dk,2026-04-23 11:00:49 UTC,threatfox,0.9200
url,https://dcb.flise-mesteren.dk/,2026-04-23 11:00:53 UTC,threatfox,0.9200
ip,185.163.204.145:7145,2026-04-23 11:55:25 UTC,threatfox,0.9200
ip,154.81.37.170:443,2026-04-23 12:02:37 UTC,threatfox,0.9200
ip,192.169.69.25:58001,2026-04-23 12:15:32 UTC,threatfox,0.9200
domain,kvb.it.com,2026-04-23 12:40:50 UTC,threatfox,0.8200
domain,nox.de.com,2026-04-23 12:41:07 UTC,threatfox,0.8200
url,https://erboristeria-artemisia.ch/,2026-04-23 13:15:07 UTC,threatfox,0.8200
domain,spellmarketplace.club,2026-04-23 14:00:53 UTC,threatfox,0.9200
ip,62.60.226.113:6673,2026-04-23 14:00:53 UTC,threatfox,0.9200
url,https://api.nailproxy.space/api/v1/data/sync,2026-04-23 14:00:54 UTC,threatfox,0.9200
url,https://api.nailproxy.space/api/v1/auth/session,2026-04-23 14:00:55 UTC,threatfox,0.9200
domain,api.nailproxy.space,2026-04-23 14:00:58 UTC,threatfox,0.9200
ip,3.208.19.130:28153,2026-04-23 14:00:59 UTC,threatfox,0.9200
ip,3.208.19.130:157,2026-04-23 14:01:00 UTC,threatfox,0.9200
ip,3.208.19.130:5844,2026-04-23 14:01:01 UTC,threatfox,0.9200
url,https://136.243.87.137/,2026-04-23 14:01:02 UTC,threatfox,0.9200
ip,136.243.87.137:443,2026-04-23 14:01:03 UTC,threatfox,0.9200
domain,europaspremna.com,2026-04-23 14:01:42 UTC,threatfox,0.9200
url,http://europaspremna.com:5632/,2026-04-23 14:01:43 UTC,threatfox,0.9200
url,https://orantow.com/g,2026-04-23 14:27:47 UTC,threatfox,0.9200
url,https://orantow.com/t,2026-04-23 14:27:48 UTC,threatfox,0.9200
domain,orantow.com,2026-04-23 14:27:49 UTC,threatfox,0.9200
ip,172.233.39.162:25001,2026-04-23 14:56:14 UTC,threatfox,0.9200
ip,172.233.39.198:25001,2026-04-23 14:56:15 UTC,threatfox,0.9200
ip,172.233.39.195:25001,2026-04-23 14:56:16 UTC,threatfox,0.9200
ip,172.233.39.241:25001,2026-04-23 14:56:16 UTC,threatfox,0.9200
ip,172.233.39.77:25001,2026-04-23 14:56:17 UTC,threatfox,0.9200
ip,172.233.39.63:25001,2026-04-23 14:56:18 UTC,threatfox,0.9200
url,https://soarealberta.com/,2026-04-23 15:15:08 UTC,threatfox,0.8200
domain,windowas.com,2026-04-23 15:51:30 UTC,threatfox,0.8200
domain,jio.dutraloc.com.br,2026-04-23 16:00:26 UTC,threatfox,0.9200
url,https://jio.dutraloc.com.br/,2026-04-23 16:00:32 UTC,threatfox,0.9200
domain,jio.flise-mesteren.dk,2026-04-23 16:00:38 UTC,threatfox,0.9200
url,https://jio.flise-mesteren.dk/,2026-04-23 16:00:44 UTC,threatfox,0.9200
url,https://buktijpmaluku.pro/,2026-04-23 16:15:07 UTC,threatfox,0.8200
url,https://tadamun-iq.com/,2026-04-23 16:15:07 UTC,threatfox,0.8200
url,https://djitugomarketing.com/,2026-04-23 16:15:08 UTC,threatfox,0.8200
url,https://ttmedicalusa.com/,2026-04-23 16:15:08 UTC,threatfox,0.8200
domain,shujiebao.site,2026-04-23 16:23:39 UTC,threatfox,0.9200
ip,18.166.233.171:9899,2026-04-23 16:24:28 UTC,threatfox,0.8200
ip,111.92.240.232:5536,2026-04-23 16:30:32 UTC,threatfox,0.8200
ip,136.0.5.4:1633,2026-04-23 16:30:32 UTC,threatfox,0.8200
domain,kehu2.ffsmoc.com,2026-04-23 16:32:06 UTC,threatfox,0.9200
domain,zzzzjm2.mlcrosoft.asia,2026-04-23 16:32:06 UTC,threatfox,0.9200
ip,38.181.2.20:46,2026-04-23 16:32:15 UTC,threatfox,0.8200
ip,38.181.2.70:46,2026-04-23 16:32:15 UTC,threatfox,0.8200
ip,130.94.36.206:8080,2026-04-23 16:41:13 UTC,threatfox,0.8200
ip,43.248.172.32:8086,2026-04-23 16:41:13 UTC,threatfox,0.8200
url,http://163.245.208.50/Psd8eZaW/index.php,2026-04-23 16:41:49 UTC,threatfox,0.9200
ip,3.67.161.133:14709,2026-04-23 18:35:17 UTC,threatfox,0.9200
ip,3.64.4.198:14709,2026-04-23 18:35:35 UTC,threatfox,0.9200
ip,3.67.62.142:14709,2026-04-23 18:35:44 UTC,threatfox,0.9200
ip,18.158.58.205:14709,2026-04-23 18:35:53 UTC,threatfox,0.9200
domain,saxonfield.org,2026-04-23 20:15:12 UTC,threatfox,0.9200
url,https://saxonfield.org/file.js,2026-04-23 20:15:27 UTC,threatfox,0.9200
url,https://saxonfield.org/t,2026-04-23 20:16:30 UTC,threatfox,0.9200
url,https://saxonfield.org/g,2026-04-23 20:17:26 UTC,threatfox,0.9200
url,https://saxonfield.org/c,2026-04-23 20:17:43 UTC,threatfox,0.9200
domain,quorumix.com,2026-04-23 20:19:11 UTC,threatfox,0.9200
url,https://quorumix.com/file.js,2026-04-23 20:19:26 UTC,threatfox,0.9200
url,https://quorumix.com/t,2026-04-23 20:20:13 UTC,threatfox,0.9200
url,https://quorumix.com/g,2026-04-23 20:20:40 UTC,threatfox,0.9200
url,https://quorumix.com/c,2026-04-23 20:21:29 UTC,threatfox,0.9200
domain,oakington.org,2026-04-23 20:22:37 UTC,threatfox,0.9200
url,https://oakington.org/file.js,2026-04-23 20:22:52 UTC,threatfox,0.9200
url,https://oakington.org/t,2026-04-23 20:23:24 UTC,threatfox,0.9200
url,https://oakington.org/g,2026-04-23 20:23:39 UTC,threatfox,0.9200
url,https://oakington.org/c,2026-04-23 20:23:53 UTC,threatfox,0.9200
domain,northcombe.org,2026-04-23 20:26:06 UTC,threatfox,0.9200
url,https://northcombe.org/file.js,2026-04-23 20:26:24 UTC,threatfox,0.9200
url,https://northcombe.org/g,2026-04-23 20:27:44 UTC,threatfox,0.9200
url,https://northcombe.org/c,2026-04-23 20:28:00 UTC,threatfox,0.9200
url,https://northcombe.org/t,2026-04-23 20:28:51 UTC,threatfox,0.9200
domain,nonrueden.com,2026-04-23 20:29:49 UTC,threatfox,0.9200
url,https://nonrueden.com/file.js,2026-04-23 20:30:04 UTC,threatfox,0.9200
url,https://nonrueden.com/t,2026-04-23 20:30:25 UTC,threatfox,0.9200
url,https://nonrueden.com/g,2026-04-23 20:30:38 UTC,threatfox,0.9200
url,https://nonrueden.com/c,2026-04-23 20:30:55 UTC,threatfox,0.9200
domain,dialectum.com,2026-04-23 20:32:13 UTC,threatfox,0.9200
url,https://dialectum.com/file.js,2026-04-23 20:32:26 UTC,threatfox,0.9200
url,https://dialectum.com/t,2026-04-23 20:32:49 UTC,threatfox,0.9200
url,https://dialectum.com/g,2026-04-23 20:33:04 UTC,threatfox,0.9200
url,https://dialectum.com/c,2026-04-23 20:33:19 UTC,threatfox,0.9200
domain,bradtkr.com,2026-04-23 21:56:42 UTC,threatfox,0.9200
url,https://bradtkr.com/file.js,2026-04-23 21:56:58 UTC,threatfox,0.9200
url,https://bradtkr.com/t,2026-04-23 21:57:26 UTC,threatfox,0.9200
url,https://bradtkr.com/g,2026-04-23 21:57:45 UTC,threatfox,0.9200
url,https://bradtkr.com/c,2026-04-23 21:58:03 UTC,threatfox,0.9200
domain,raventhorp.org,2026-04-23 21:59:27 UTC,threatfox,0.9200
url,https://raventhorp.org/file.js,2026-04-23 21:59:46 UTC,threatfox,0.9200
url,https://raventhorp.org/t,2026-04-23 22:00:09 UTC,threatfox,0.9200
url,https://raventhorp.org/g,2026-04-23 22:00:25 UTC,threatfox,0.9200
url,https://raventhorp.org/c,2026-04-23 22:00:47 UTC,threatfox,0.9200
domain,ethervane.com,2026-04-23 22:08:39 UTC,threatfox,0.9200
url,https://ethervane.com/file.js,2026-04-23 22:09:08 UTC,threatfox,0.9200
url,https://ethervane.com/t,2026-04-23 22:09:38 UTC,threatfox,0.9200
url,https://ethervane.com/g,2026-04-23 22:09:54 UTC,threatfox,0.9200
url,https://ethervane.com/c,2026-04-23 22:10:09 UTC,threatfox,0.9200
domain,fundivox.com,2026-04-23 22:12:47 UTC,threatfox,0.9200
url,https://fundivox.com/file.js,2026-04-23 22:13:00 UTC,threatfox,0.9200
url,https://fundivox.com/t,2026-04-23 22:13:17 UTC,threatfox,0.9200
url,https://fundivox.com/g,2026-04-23 22:13:36 UTC,threatfox,0.9200
url,https://fundivox.com/c,2026-04-23 22:13:51 UTC,threatfox,0.9200
domain,omnivectis.com,2026-04-23 22:15:40 UTC,threatfox,0.9200
url,https://omnivectis.com/file.js,2026-04-23 22:15:56 UTC,threatfox,0.9200
url,https://omnivectis.com/t,2026-04-23 22:16:12 UTC,threatfox,0.9200
url,https://omnivectis.com/g,2026-04-23 22:16:28 UTC,threatfox,0.9200
url,https://omnivectis.com/c,2026-04-23 22:16:45 UTC,threatfox,0.9200
domain,kye.dutraloc.com.br,2026-04-23 23:30:23 UTC,threatfox,0.9200
url,https://kye.dutraloc.com.br/,2026-04-23 23:30:26 UTC,threatfox,0.9200
domain,kye.flise-mesteren.dk,2026-04-23 23:30:28 UTC,threatfox,0.9200
url,https://kye.flise-mesteren.dk/,2026-04-23 23:30:31 UTC,threatfox,0.9200
url,http://80.96.59.233/u/setup.exe,2026-04-23 23:42:27 UTC,threatfox,0.9200
domain,login.microsoftonline.com,2026-04-23T02:38:49.044133+00:00,sigma,0.2500
domain,relay.enterprise.example.internal,2026-04-23T02:38:49.044133+00:00,sigma,0.2500
ip,flow:10.50.1.17:55211->10.50.8.9:9443:tcp,2026-04-23T02:38:49.044133+00:00,sigma,0.2500
ip,flow:10.52.4.12:53111->10.52.1.30:8200:tcp,2026-04-23T02:38:49.044133+00:00,sigma,0.2500
log_event,clean-siem-001:4688,2026-04-23T02:38:49.044133+00:00,sigma,0.2500
log_event,clean-siem-002:4104,2026-04-23T02:38:49.044133+00:00,sigma,0.2500
log_event,clean-siem-003:4688,2026-04-23T02:38:49.044133+00:00,sigma,0.2500
log_event,clean-siem-004:4688,2026-04-23T02:38:49.044133+00:00,sigma,0.2500
log_event,clean-siem-005:4688,2026-04-23T02:38:49.044133+00:00,sigma,0.2500
log_event,clean-siem-006:4688,2026-04-23T02:38:49.044133+00:00,sigma,0.2500
log_event,clean-siem-007:4688,2026-04-23T02:38:49.044133+00:00,sigma,0.2500
sha256,sha256:1111111111111111111111111111111111111111111111111111111111111111,2026-04-23T02:38:49.044133+00:00,sigma,0.2500
sha256,sha256:2222222222222222222222222222222222222222222222222222222222222222,2026-04-23T02:38:49.044133+00:00,sigma,0.2500
sha256,sha256:4444444444444444444444444444444444444444444444444444444444444444,2026-04-23T02:38:49.044133+00:00,sigma,0.2500
sha256,sha256:9999999999999999999999999999999999999999999999999999999999999999,2026-04-23T02:38:49.044133+00:00,sigma,0.2500
url,https://archive.ubuntu.com/ubuntu/,2026-04-23T02:38:49.044133+00:00,sigma,0.2500
url,https://packages.example.internal/linux/baseos/,2026-04-23T02:38:49.044133+00:00,sigma,0.2500
url,https://packages.microsoft.com/,2026-04-23T02:38:49.044133+00:00,sigma,0.2500
domain,agent-control.example.internal,2026-04-23T02:38:49.057223+00:00,sigma,0.2500
domain,device-mgmt.example.internal,2026-04-23T02:38:49.057223+00:00,sigma,0.2500
domain,download.visualstudio.microsoft.com,2026-04-23T02:38:49.057223+00:00,sigma,0.2500
domain,settings-win.data.microsoft.com,2026-04-23T02:38:49.057223+00:00,sigma,0.2500
domain,signing-relay.example.internal,2026-04-23T02:38:49.057223+00:00,sigma,0.2500
ip,flow:10.10.0.25:na->10.10.0.0/24:na:tcp,2026-04-23T02:38:49.057223+00:00,sigma,0.2500
ip,flow:10.60.4.8:51122->10.60.2.14:8443:tcp,2026-04-23T02:38:49.057223+00:00,sigma,0.2500
ip,flow:10.61.10.8:51011->10.61.1.21:9443:tcp,2026-04-23T02:38:49.057223+00:00,sigma,0.2500
log_event,allowlist-006:4104,2026-04-23T02:38:49.057223+00:00,sigma,0.2500
log_event,allowlist-008:4688,2026-04-23T02:38:49.057223+00:00,sigma,0.2500
log_event,allowlist-010:4688,2026-04-23T02:38:49.057223+00:00,sigma,0.2500
log_event,allowlist-013:4688,2026-04-23T02:38:49.057223+00:00,sigma,0.2500
sha256,sha256:3333333333333333333333333333333333333333333333333333333333333333,2026-04-23T02:38:49.057223+00:00,sigma,0.2500
sha256,sha256:5555555555555555555555555555555555555555555555555555555555555555,2026-04-23T02:38:49.057223+00:00,sigma,0.2500
sha256,sha256:aaaaaaaaaaaaaaaaaaaaaaaaaaaaaaaaaaaaaaaaaaaaaaaaaaaaaaaaaaaaaaaa,2026-04-23T02:38:49.057223+00:00,sigma,0.2500
url,https://artifacts.example.internal/simple/internal-package,2026-04-23T02:38:49.057223+00:00,sigma,0.2500
url,https://registry.example.internal/v2/base/runtime/manifests/stable,2026-04-23T02:38:49.057223+00:00,sigma,0.2500
url,https://registry.example.internal/v2/base/runtime/tags/list,2026-04-23T02:38:49.057223+00:00,sigma,0.2500
domain,assets-check.example.internal,2026-04-23T02:38:49.072314+00:00,sigma,0.8000
domain,catalog-edge.example.internal,2026-04-23T02:38:49.072314+00:00,sigma,0.6000
domain,relay-check.example.internal,2026-04-23T02:38:49.072314+00:00,sigma,0.6000
ip,flow:10.40.1.22:50122->10.40.0.0/24:5985:tcp,2026-04-23T02:38:49.072314+00:00,sigma,0.6000
ip,flow:10.77.1.18:49812->10.77.4.19:8443:tcp,2026-04-23T02:38:49.072314+00:00,snort,0.2400
ip,flow:10.77.10.22:50110->10.77.30.0:8443:tcp,2026-04-23T02:38:49.072314+00:00,snort,0.2000
ip,flow:10.88.12.44:53321->203.0.113.144:443:tcp,2026-04-23T02:38:49.072314+00:00,suricata,0.6800
ip,flow:10.88.17.55:54110->91.189.91.83:443:tcp,2026-04-23T02:38:49.072314+00:00,suricata,0.2000
ip,flow:10.88.2.16:50334->203.0.113.190:80:tcp,2026-04-23T02:38:49.072314+00:00,suricata,0.8200
ip,flow:10.88.20.10:54401->10.88.20.0:9443:tcp,2026-04-23T02:38:49.072314+00:00,suricata,0.2400
ip,flow:10.88.24.33:53611->198.51.100.171:9443:tcp,2026-04-23T02:38:49.072314+00:00,suricata,0.6800
ip,flow:10.88.30.12:54001->10.88.30.0:9443:tcp,2026-04-23T02:38:49.072314+00:00,suricata,0.2400
ip,flow:10.88.6.41:53221->198.51.100.120:443:tcp,2026-04-23T02:38:49.072314+00:00,suricata,0.6800
ip,flow:10.88.9.51:54412->91.189.91.39:443:tcp,2026-04-23T02:38:49.072314+00:00,suricata,0.2000
ip,flow:10.90.14.21:51024->198.51.100.42:53:udp,2026-04-23T02:38:49.072314+00:00,snort,0.6800
ip,flow:10.90.22.17:50114->203.0.113.88:443:tcp,2026-04-23T02:38:49.072314+00:00,snort,0.8200
ip,flow:10.90.31.55:51220->198.51.100.77:8443:tcp,2026-04-23T02:38:49.072314+00:00,snort,0.6800
ip,flow:10.90.44.12:52014->10.90.8.41:443:tcp,2026-04-23T02:38:49.072314+00:00,snort,0.2400
ip,flow:10.90.52.18:51422->203.0.113.61:443:tcp,2026-04-23T02:38:49.072314+00:00,snort,0.6800
log_event,reviewed-siem-004:4688,2026-04-23T02:38:49.072314+00:00,sigma,0.2500
log_event,reviewed-siem-008:4688,2026-04-23T02:38:49.072314+00:00,sigma,0.2500
log_event,reviewed-siem-009:4688,2026-04-23T02:38:49.072314+00:00,sigma,0.2500
log_event,reviewed-siem-012:4688,2026-04-23T02:38:49.072314+00:00,sigma,0.2500
sha256,sha256:6666666666666666666666666666666666666666666666666666666666666666,2026-04-23T02:38:49.072314+00:00,sigma,0.6000
sha256,sha256:7777777777777777777777777777777777777777777777777777777777777777,2026-04-23T02:38:49.072314+00:00,sigma,0.2500
sha256,sha256:8888888888888888888888888888888888888888888888888888888888888888,2026-04-23T02:38:49.072314+00:00,sigma,0.8000
sha256,sha256:bbbbbbbbbbbbbbbbbbbbbbbbbbbbbbbbbbbbbbbbbbbbbbbbbbbbbbbbbbbbbbbb,2026-04-23T02:38:49.072314+00:00,sigma,0.2500
sha256,sha256:cccccccccccccccccccccccccccccccccccccccccccccccccccccccccccccccc,2026-04-23T02:38:49.072314+00:00,sigma,0.6000
url,https://benign-example.internal/sync-check.ps1,2026-04-23T02:38:49.072314+00:00,sigma,0.6000
url,https://reports.example.internal/compliance/upload,2026-04-23T02:38:49.072314+00:00,sigma,0.6000
artifact,177a529e0b834c2b33c72bfb3f5f407b38d36ca8e92f4b3ede37fe9996c0c085,2026-04-23T22:29:39.9305724+00:00,sigma,0.3000
artifact,8019927bb137e15bc8515ab494c6ccd443e2c9a42542c425a412a899cb71dcbf,2026-04-23T22:29:40.6130231+00:00,sigma,0.3000
artifact,760cf87188e0f2121827f891a6739a80d3b3d4e811e2fe351cf383205f96601b,2026-04-23T22:45:24.3914927+00:00,sigma,0.3000
artifact,4934c74efc746365c5849aa96f7ff2a58c6d789e3b90d16c02b473907dd1c819,2026-04-23T22:45:24.7364046+00:00,sigma,0.3000
artifact,c4d7a1673318eeb4d8d1041f070787c4a6a8694389f0fef805349e938863d431,2026-04-23T23:01:09.4290014+00:00,sigma,0.3000
artifact,c6a7b2477fc478fdd87639950746ff1fff5b2fd181fd36e73ae4994f687bda34,2026-04-23T23:01:09.7596588+00:00,sigma,0.3000
artifact,5ec5715b9ad90f962d54b93cb7125a85d01d070fd2a83411b900372f957b886b,2026-04-23T23:16:54.3744052+00:00,sigma,0.3000
artifact,9f4abde98b342c8b0d91ce8b7da6da4463fa75a021f0d266cc4f82f45db08a77,2026-04-23T23:16:54.7022373+00:00,sigma,0.3000
artifact,0305a7ccb42702ea94954ec06ce2b42727812b378f5d1d0bc272273545a55431,2026-04-23T23:32:39.3793071+00:00,sigma,0.3000
artifact,660e738412e0562c4cfcf1dc36088dd0a89c6f6f49a2a2b17ac76325c4a38b8b,2026-04-23T23:32:39.7293619+00:00,sigma,0.3000
artifact,757535913bfcceb9e338da0ba61a9cf5b50e6ffceeebdb13871a8167d770e813,2026-04-23T23:48:24.3761929+00:00,sigma,0.3000
artifact,882cd8ccfe6c073878af15105d4ecda8ec2b3e8be60d91c3a8d41fa25bad4a04,2026-04-23T23:48:24.7061023+00:00,sigma,0.3000
url,https://awgwindowcleaning.com/,2026-04-24 00:15:04 UTC,threatfox,0.8200
url,https://dominion.pk/,2026-04-24 00:15:04 UTC,threatfox,0.8200
ip,8.148.70.23:13903,2026-04-24 02:35:36 UTC,threatfox,0.9200
ip,223.26.62.116:7880,2026-04-24 03:41:30 UTC,threatfox,0.9200
ip,165.232.91.237:25001,2026-04-24 04:59:44 UTC,threatfox,0.9200
ip,45.61.186.36:8001,2026-04-24 04:59:44 UTC,threatfox,0.9200
ip,104.248.200.241:25001,2026-04-24 04:59:45 UTC,threatfox,0.9200
ip,167.172.34.157:25001,2026-04-24 04:59:45 UTC,threatfox,0.9200
domain,176.65.148.212.ptr.pfcloud.network,2026-04-24 04:59:46 UTC,threatfox,0.8200
ip,176.65.148.212:38241,2026-04-24 04:59:46 UTC,threatfox,0.8200
ip,45.61.136.30:443,2026-04-24 04:59:48 UTC,threatfox,0.9200
domain,carrolc.com,2026-04-24 04:59:49 UTC,threatfox,0.9200
domain,cwrtwright.com,2026-04-24 04:59:49 UTC,threatfox,0.9200
domain,cpanel.eastcoast-wealth.com,2026-04-24 04:59:50 UTC,threatfox,0.9200
url,https://use-claude.com/install.ps1,2026-04-24 04:59:50 UTC,threatfox,0.9200
domain,use-claude.com,2026-04-24 04:59:52 UTC,threatfox,0.9200
ip,45.135.193.118:1995,2026-04-24 04:59:57 UTC,threatfox,0.8200
ip,206.82.6.110:8888,2026-04-24 04:59:58 UTC,threatfox,0.9200
ip,45.131.108.107:1302,2026-04-24 04:59:58 UTC,threatfox,0.8200
url,http://206.82.6.110:8888/supershell/login/,2026-04-24 05:00:00 UTC,threatfox,0.9200
domain,ulmudhw.shop,2026-04-24 05:00:04 UTC,threatfox,0.8200
domain,strikql.shop,2026-04-24 05:00:05 UTC,threatfox,0.8200
domain,tangmwp.club,2026-04-24 05:00:05 UTC,threatfox,0.8200
domain,decrnoj.club,2026-04-24 05:00:06 UTC,threatfox,0.8200
domain,jugbphm.click,2026-04-24 05:00:07 UTC,threatfox,0.8200
domain,longmbx.click,2026-04-24 05:00:07 UTC,threatfox,0.8200
domain,tramoqj.cyou,2026-04-24 05:00:09 UTC,threatfox,0.8200
domain,vidtihe.cyou,2026-04-24 05:00:09 UTC,threatfox,0.8200
domain,obnusho.cyou,2026-04-24 05:00:10 UTC,threatfox,0.8200
domain,plitofa.cyou,2026-04-24 05:00:10 UTC,threatfox,0.8200
domain,thuqxer.cyou,2026-04-24 05:00:10 UTC,threatfox,0.8200
domain,leypuuq.cyou,2026-04-24 05:00:11 UTC,threatfox,0.8200
domain,elgccyx.cyou,2026-04-24 05:00:13 UTC,threatfox,0.8200
domain,genuoei.cyou,2026-04-24 05:00:13 UTC,threatfox,0.8200
domain,driplin.cyou,2026-04-24 05:00:14 UTC,threatfox,0.8200
domain,famiszp.cyou,2026-04-24 05:00:14 UTC,threatfox,0.8200
domain,analipr.cyou,2026-04-24 05:00:15 UTC,threatfox,0.8200
domain,brorgma.cyou,2026-04-24 05:00:15 UTC,threatfox,0.8200
domain,coneogz.cyou,2026-04-24 05:00:15 UTC,threatfox,0.8200
domain,afejoed.cyou,2026-04-24 05:00:16 UTC,threatfox,0.8200
ip,103.227.176.9:4782,2026-04-24 05:36:10 UTC,threatfox,0.8200
ip,104.21.31.21:4782,2026-04-24 05:36:17 UTC,threatfox,0.8200
ip,104.21.31.21:64,2026-04-24 05:36:22 UTC,threatfox,0.8200
ip,172.67.174.168:4782,2026-04-24 05:36:39 UTC,threatfox,0.8200
ip,172.67.174.168:64,2026-04-24 05:36:45 UTC,threatfox,0.8200
ip,188.114.96.3:4782,2026-04-24 05:36:54 UTC,threatfox,0.8200
ip,188.114.97.3:4782,2026-04-24 05:37:03 UTC,threatfox,0.8200
url,https://livemeetgooogle.com/microsoft-store.html,2026-04-24 06:34:31 UTC,threatfox,0.9200
url,https://livemeetgooogle.com/metro/download.php,2026-04-24 06:35:09 UTC,threatfox,0.9200
domain,mymeetinggoogle.com,2026-04-24 06:37:43 UTC,threatfox,0.9200
url,https://mymeetinggoogle.com/microsoft-store.html,2026-04-24 06:38:05 UTC,threatfox,0.9200
url,https://mymeetinggoogle.com/download.php,2026-04-24 06:38:43 UTC,threatfox,0.9200
domain,mymeetingtoday.com,2026-04-24 06:40:47 UTC,threatfox,0.9200
url,https://mymeetingtoday.com/microsoft-store.html,2026-04-24 06:41:21 UTC,threatfox,0.9200
url,https://mymeetingtoday.com/download.php,2026-04-24 06:41:59 UTC,threatfox,0.9200
url,https://178.104.213.40/,2026-04-24 06:58:19 UTC,threatfox,0.9200
url,https://178.105.15.180/,2026-04-24 06:58:19 UTC,threatfox,0.9200
url,https://178.105.3.9/,2026-04-24 06:58:19 UTC,threatfox,0.9200
url,https://185.56.45.50/,2026-04-24 06:58:19 UTC,threatfox,0.9200
url,https://185.56.45.79/,2026-04-24 06:58:19 UTC,threatfox,0.9200
ip,185.56.45.50:443,2026-04-24 06:58:49 UTC,threatfox,0.9200
ip,178.104.213.40:443,2026-04-24 06:58:50 UTC,threatfox,0.9200
ip,178.105.15.180:443,2026-04-24 06:58:50 UTC,threatfox,0.9200
ip,178.105.3.9:443,2026-04-24 06:58:50 UTC,threatfox,0.9200
ip,185.56.45.79:443,2026-04-24 06:58:50 UTC,threatfox,0.9200
ip,141.98.10.115:1430,2026-04-24 07:29:26 UTC,threatfox,0.8200
ip,171.249.228.186:5001,2026-04-24 08:14:09 UTC,threatfox,0.8200
ip,195.201.253.58:443,2026-04-24 08:14:09 UTC,threatfox,0.8200
ip,141.11.197.63:9000,2026-04-24 08:14:10 UTC,threatfox,0.8200
ip,149.12.67.156:6379,2026-04-24 08:14:10 UTC,threatfox,0.8200
ip,31.56.209.78:443,2026-04-24 08:14:10 UTC,threatfox,0.8200
ip,45.192.219.152:443,2026-04-24 08:14:11 UTC,threatfox,0.9200
ip,192.238.184.153:557,2026-04-24 08:42:27 UTC,threatfox,0.9200
ip,192.238.184.153:558,2026-04-24 08:52:13 UTC,threatfox,0.8200
domain,planodeescala.com.br,2026-04-24 09:49:08 UTC,threatfox,0.9200
domain,conferencia.misau.gov.mz,2026-04-24 10:46:17 UTC,threatfox,0.9200
ip,193.161.193.99:59315,2026-04-24 11:22:43 UTC,threatfox,0.9200
ip,130.12.181.93:3000,2026-04-24 11:37:14 UTC,threatfox,0.8200
url,https://office-lexware.org/de/,2026-04-24 13:29:13 UTC,threatfox,0.9200
url,https://wilconetworks.net/demo/wp-content/plugins/responsive-countdown/lib/tls/,2026-04-24 13:29:13 UTC,threatfox,0.9200
url,https://office-lexware.org/de/download.php,2026-04-24 13:29:14 UTC,threatfox,0.9200
domain,bis.dutraloc.com.br,2026-04-24 13:30:30 UTC,threatfox,0.9200
url,https://bis.dutraloc.com.br/,2026-04-24 13:30:38 UTC,threatfox,0.9200
domain,bis.flise-mesteren.dk,2026-04-24 13:30:46 UTC,threatfox,0.9200
url,https://bis.flise-mesteren.dk/,2026-04-24 13:30:55 UTC,threatfox,0.9200
ip,193.138.195.187:8443,2026-04-24 13:32:51 UTC,threatfox,0.8200
domain,electrum.gr.com,2026-04-24 13:40:55 UTC,threatfox,0.9200
ip,188.137.242.69:9000,2026-04-24 13:40:55 UTC,threatfox,0.8200
domain,catalogue2020.artissima.it,2026-04-24 13:58:16 UTC,threatfox,0.9200
ip,203.202.232.132:2828,2026-04-24 14:06:28 UTC,threatfox,0.8200
url,http://cf396743.tw1.ru/L1nc0In.php,2026-04-24 14:31:51 UTC,threatfox,0.9200
url,https://cmfilms.it/,2026-04-24 15:15:08 UTC,threatfox,0.8200
url,https://lavie-spa.com/,2026-04-24 15:15:08 UTC,threatfox,0.8200
url,https://psy.dutraloc.com.br/,2026-04-24 15:17:48 UTC,threatfox,0.8200
domain,psy.dutraloc.com.br,2026-04-24 15:17:53 UTC,threatfox,0.8200
url,https://psy.flise-mesteren.dk/,2026-04-24 15:18:01 UTC,threatfox,0.8200
domain,psy.flise-mesteren.dk,2026-04-24 15:18:06 UTC,threatfox,0.8200
domain,dev.eumeca.ro,2026-04-24 15:21:00 UTC,threatfox,0.9200
domain,dev.guildfaith.ro,2026-04-24 15:28:15 UTC,threatfox,0.9200
domain,dev.tech360group.com,2026-04-24 15:33:19 UTC,threatfox,0.9200
domain,dev.www.mas10.ar,2026-04-24 15:37:54 UTC,threatfox,0.9200
domain,directionchurchtx.dioramtech.com,2026-04-24 16:02:20 UTC,threatfox,0.9200
domain,directiontraining.com.au,2026-04-24 16:08:22 UTC,threatfox,0.9200
url,https://cuttingedgeslicers.com/,2026-04-24 16:15:08 UTC,threatfox,0.8200
url,https://smashclubburgers.com/,2026-04-24 16:15:09 UTC,threatfox,0.8200
domain,dkmtravels.com,2026-04-24 16:15:28 UTC,threatfox,0.9200
domain,doctoracristinachacon.com,2026-04-24 16:21:58 UTC,threatfox,0.9200
domain,beautylizz.com.br,2026-04-24 16:26:45 UTC,threatfox,0.9200
domain,dominguezyasociados.com,2026-04-24 16:35:30 UTC,threatfox,0.9200
ip,193.161.193.99:53890,2026-04-24 16:47:14 UTC,threatfox,0.9200
domain,downtownladentalcare.yoursmarthost.net,2026-04-24 16:53:59 UTC,threatfox,0.9200
domain,duandep.vn,2026-04-24 17:00:29 UTC,threatfox,0.9200
domain,duocphamhd.com,2026-04-24 17:05:14 UTC,threatfox,0.9200
domain,easysoundhealing.com,2026-04-24 17:10:40 UTC,threatfox,0.9200
url,https://mundialpostos.com.br/,2026-04-24 17:15:08 UTC,threatfox,0.8200
url,https://pliage.ru/,2026-04-24 17:15:09 UTC,threatfox,0.8200
url,https://soareintl.com/,2026-04-24 17:15:09 UTC,threatfox,0.8200
domain,eau-services.org,2026-04-24 17:19:24 UTC,threatfox,0.9200
domain,msnf.us.com,2026-04-24 17:22:02 UTC,threatfox,0.8200
url,http://msnf.us.com/UserID48236957,2026-04-24 17:22:02 UTC,threatfox,0.8200
domain,newproject-newworld.info,2026-04-24 17:22:03 UTC,threatfox,0.9200
ip,89.46.237.138:443,2026-04-24 17:22:08 UTC,threatfox,0.8200
domain,silent-harvester.cc,2026-04-24 17:22:09 UTC,threatfox,0.9200
url,http://msnf.us.com/Simpletokncar,2026-04-24 17:22:09 UTC,threatfox,0.8200
ip,193.202.84.17:443,2026-04-24 17:22:10 UTC,threatfox,0.8200
domain,86hg23aljj9.com,2026-04-24 17:22:13 UTC,threatfox,0.9200
url,https://86hg23aljj9.com/d,2026-04-24 17:22:13 UTC,threatfox,0.9200
url,https://hegmaen.com/c,2026-04-24 17:22:13 UTC,threatfox,0.9200
domain,images.california-wealth.com,2026-04-24 17:22:15 UTC,threatfox,0.9200
url,https://hegmaen.com/g,2026-04-24 17:22:40 UTC,threatfox,0.9200
domain,hegmaen.com,2026-04-24 17:22:41 UTC,threatfox,0.9200
url,https://hegmaen.com/t,2026-04-24 17:22:41 UTC,threatfox,0.9200
url,https://hegmaen.com/file.js,2026-04-24 17:22:42 UTC,threatfox,0.9200
domain,edyunay.com,2026-04-24 17:23:27 UTC,threatfox,0.9200
domain,dynamo.it.com,2026-04-24 17:25:51 UTC,threatfox,0.8200
domain,wttppq.uk.com,2026-04-24 17:26:12 UTC,threatfox,0.8200
ip,185.225.17.132:1717,2026-04-24 17:51:34 UTC,threatfox,0.8200
domain,english-studies.net,2026-04-24 18:34:14 UTC,threatfox,0.9200
url,http://cj597826.tw1.ru/L1nc0In.php,2026-04-24 19:25:27 UTC,threatfox,0.9200
url,https://amphibgz.cyou,2026-04-24 22:01:17 UTC,threatfox,0.8200
domain,impactunified.com,2026-04-24 22:33:43 UTC,threatfox,0.9200
domain,info.usdatacorporation.com,2026-04-24 22:39:59 UTC,threatfox,0.9200
domain,iptvb1g.com,2026-04-24 22:52:12 UTC,threatfox,0.9200
domain,italianmedtranslations.com,2026-04-24 23:02:48 UTC,threatfox,0.9200
domain,jademountains.net,2026-04-24 23:06:10 UTC,threatfox,0.9200
domain,juelsminde-tennisklub.dk,2026-04-24 23:18:45 UTC,threatfox,0.9200
ip,192.169.69.25:3852,2026-04-24 23:25:06 UTC,threatfox,0.9200
domain,jovilodge.com,2026-04-24 23:25:19 UTC,threatfox,0.9200
domain,kampoenghijau.com,2026-04-24 23:33:07 UTC,threatfox,0.9200
domain,keeninfocomm.com,2026-04-24 23:36:04 UTC,threatfox,0.9200
domain,keliahealthcare.co.uk,2026-04-24 23:44:05 UTC,threatfox,0.9200
domain,khalsacarbazar.com,2026-04-24 23:48:42 UTC,threatfox,0.9200
domain,klik7tv.co.id,2026-04-24 23:59:01 UTC,threatfox,0.9200
artifact,16d1230f05d76724f5db1ec50cab3278d1ffd5e4f97ad25cb5e338199c396c62,2026-04-24T00:04:09.3774116+00:00,sigma,0.3000
artifact,36fe677bf5b993ab3cf607a908d135a9fc5de1588cdef7a83fb8029f19d67742,2026-04-24T00:04:09.7123123+00:00,sigma,0.3000
artifact,ce895ae5deb0a0c8c417ce7f9ea3b68f2b0190ed7505c125529febb2e67fa994,2026-04-24T00:19:54.3824082+00:00,sigma,0.3000
artifact,97462d579b821fc76ff7135b070abf6ca051d5d6f98b28158cc3885392c151b2,2026-04-24T00:19:54.7021730+00:00,sigma,0.3000
artifact,dcfcfac43ef85e9de4c4bc5ed9bfec9d99c6414d8363a5fcb2b4dbcc54861bba,2026-04-24T00:35:39.4063852+00:00,sigma,0.3000
artifact,ad06d70699321951dd41968ddda2d661806bafd03c0a8bf1406edc391f37bcbc,2026-04-24T00:35:39.7396917+00:00,sigma,0.3000
artifact,d529c201149bcd1da2144685bfb184a1675aed5c3300aa079f854af5b880140d,2026-04-24T00:51:24.3936158+00:00,sigma,0.3000
artifact,87579b993f4da79a1d75247d6c09d7c6ccd1e9f88f8d5db456212836b8b0f873,2026-04-24T00:51:24.7178422+00:00,sigma,0.3000
artifact,622c6a467472438d31fddc817314988b0c7f796529bc3c613ae51c580927ec64,2026-04-24T00:59:49.1907083+00:00,sigma,0.3000
artifact,18c9799abb36b80ae3cb80e4063ce8ee273ac89d111fb318699bf4682e858896,2026-04-24T01:08:24.4550491+00:00,sigma,0.3000
artifact,0e273ab066fe1b6b4945634db2ba92deb669226b4ad98d7e2bb69d4f4ec14415,2026-04-24T01:24:09.0973995+00:00,sigma,0.3000
artifact,1cc0170615a298e5960fe07d5a1cb17206b6ca453b5202dddd722868f4ad9cf6,2026-04-24T01:42:09.1046366+00:00,sigma,0.3000
artifact,1333e5447e9845897c27b66fc609fb6da868fb7a414a33122db3ada8c155f5c9,2026-04-24T01:52:38.0613211+00:00,sigma,0.3000
artifact,d4888558fb1beb4f80fc7aae6e170832ccc3a5f678f1955630688477f1dae1d5,2026-04-24T02:08:22.5617528+00:00,sigma,0.3000
domain,koishi.rs,2026-04-25 00:01:07 UTC,threatfox,0.9200
domain,laptoprefurbish.com,2026-04-25 00:10:02 UTC,threatfox,0.9200
domain,larrywilson.cyber-demo-client-website2.com,2026-04-25 00:17:04 UTC,threatfox,0.9200
domain,leapindustries.co.in,2026-04-25 00:19:36 UTC,threatfox,0.9200
domain,kacmazbilisim.com,2026-04-25 00:23:14 UTC,threatfox,0.9200
domain,letnaturehelp.co.uk,2026-04-25 00:26:51 UTC,threatfox,0.9200
domain,marketingcomdende.com.br,2026-04-25 01:04:07 UTC,threatfox,0.9200
url,https://peafamqe.cyou,2026-04-25 01:26:41 UTC,threatfox,0.8200
url,https://coca.com.sg/,2026-04-25 04:15:04 UTC,threatfox,0.8200
url,https://nutrionline.club/,2026-04-25 04:15:04 UTC,threatfox,0.8200
url,https://cleanpoweraustralia.com.au/,2026-04-25 04:15:05 UTC,threatfox,0.8200
url,https://congresswcc.com/,2026-04-25 04:15:05 UTC,threatfox,0.8200
ip,172.67.208.215:443,2026-04-25 04:20:09 UTC,threatfox,0.9200
domain,sc88884.com,2026-04-25 04:25:35 UTC,threatfox,0.8200
domain,theponzu.com,2026-04-25 04:25:41 UTC,threatfox,0.8200
url,https://asoandes.org/,2026-04-25 05:15:05 UTC,threatfox,0.8200
url,https://lauricoco.com.br/,2026-04-25 05:15:05 UTC,threatfox,0.8200
url,https://leslieporterfield.com/,2026-04-25 05:15:05 UTC,threatfox,0.8200
url,https://praiahall.com.br/,2026-04-25 05:15:05 UTC,threatfox,0.8200
url,https://loja.lauricoco.com.br/,2026-04-25 05:15:06 UTC,threatfox,0.8200
url,https://sergemoulypeintre.fr/,2026-04-25 05:15:06 UTC,threatfox,0.8200
domain,radiationoncologycare.com,2026-04-25 05:32:19 UTC,threatfox,0.9200
domain,raica.ind.br,2026-04-25 05:39:54 UTC,threatfox,0.9200
domain,reforcelog.com.br,2026-04-25 05:51:26 UTC,threatfox,0.9200
domain,reklamniplochytabor.cz,2026-04-25 05:58:12 UTC,threatfox,0.9200
domain,rightbrainiacs.com,2026-04-25 06:02:47 UTC,threatfox,0.9200
domain,rosemarie.zerosoft.in,2026-04-25 06:18:58 UTC,threatfox,0.9200
domain,ru.bergstreisser.com,2026-04-25 06:23:24 UTC,threatfox,0.9200
domain,rvbconsult.com.br,2026-04-25 06:28:07 UTC,threatfox,0.9200
domain,salamancacooperativa.es,2026-04-25 06:33:46 UTC,threatfox,0.9200
domain,sales.wilderness-explorers.com,2026-04-25 06:37:57 UTC,threatfox,0.9200
domain,saraj.ba,2026-04-25 06:44:08 UTC,threatfox,0.9200
domain,satavina.vn,2026-04-25 06:51:31 UTC,threatfox,0.9200
domain,screenox.in,2026-04-25 06:58:39 UTC,threatfox,0.9200
domain,servidomestico.es,2026-04-25 07:05:38 UTC,threatfox,0.9200
domain,shaurarodgers.com,2026-04-25 07:10:41 UTC,threatfox,0.9200
domain,signnscanpdf.com,2026-04-25 07:18:03 UTC,threatfox,0.9200
domain,small-devices.com,2026-04-25 07:20:49 UTC,threatfox,0.9200
domain,sklep.wisen.pl,2026-04-25 07:24:56 UTC,threatfox,0.9200
domain,smarketing.pe,2026-04-25 07:36:28 UTC,threatfox,0.9200
domain,somandodestinos.com.br,2026-04-25 07:41:05 UTC,threatfox,0.9200
domain,psy.gessoflex.com.br,2026-04-25 08:31:00 UTC,threatfox,0.9200
url,https://psy.gessoflex.com.br/,2026-04-25 08:31:03 UTC,threatfox,0.9200
ip,172.67.159.51:443,2026-04-25 08:50:14 UTC,threatfox,0.9200
ip,104.21.9.66:443,2026-04-25 08:50:26 UTC,threatfox,0.9200
domain,tasheelbd.com,2026-04-25 08:51:18 UTC,threatfox,0.9200
domain,airtellwireless.it.com,2026-04-25 08:55:49 UTC,threatfox,0.8200
domain,techel.co.ke,2026-04-25 08:56:39 UTC,threatfox,0.9200
domain,bbc.in.net,2026-04-25 09:25:46 UTC,threatfox,0.8200
domain,syashop.uk.com,2026-04-25 09:25:55 UTC,threatfox,0.8200
domain,wgw.gessoflex.com.br,2026-04-25 12:31:00 UTC,threatfox,0.9200
url,https://wgw.gessoflex.com.br/,2026-04-25 12:31:03 UTC,threatfox,0.9200
domain,www.tabaccheriadavino.com,2026-04-25 12:41:33 UTC,threatfox,0.9200
domain,zakateksmaku.com,2026-04-25 13:05:10 UTC,threatfox,0.9200
domain,zeermoda.com,2026-04-25 13:13:36 UTC,threatfox,0.9200
domain,bradley.cyber-demo-client-website1.com,2026-04-25 13:30:59 UTC,threatfox,0.9200
domain,suapagina1.com.br,2026-04-25 13:56:50 UTC,threatfox,0.9200
ip,124.222.75.188:443,2026-04-25 14:17:33 UTC,threatfox,0.9200
ip,80.78.30.153:443,2026-04-25 14:18:09 UTC,threatfox,0.9200
ip,107.189.17.214:443,2026-04-25 14:18:37 UTC,threatfox,0.9200
ip,8.136.97.98:8081,2026-04-25 14:21:21 UTC,threatfox,0.9200
ip,39.97.233.222:7777,2026-04-25 14:21:32 UTC,threatfox,0.9200
ip,47.94.167.171:7777,2026-04-25 14:21:35 UTC,threatfox,0.9200
url,https://ledger.eu.com/ledger-live-desktop.exe,2026-04-25 14:39:40 UTC,threatfox,0.9200
ip,173.211.46.145:9000,2026-04-25 14:39:52 UTC,threatfox,0.8200
ip,83.142.209.58:8081,2026-04-25 14:39:52 UTC,threatfox,0.8200
ip,119.167.191.229:10001,2026-04-25 14:39:53 UTC,threatfox,0.9200
ip,151.241.88.172:443,2026-04-25 14:39:53 UTC,threatfox,0.9200
ip,91.92.242.228:443,2026-04-25 14:39:53 UTC,threatfox,0.8200
ip,149.12.67.231:139,2026-04-25 14:39:54 UTC,threatfox,0.9200
domain,auto-update.tx-wealth.com,2026-04-25 14:40:03 UTC,threatfox,0.9200
domain,chimefusion.com,2026-04-25 14:40:17 UTC,threatfox,0.9200
domain,deepnoxa.com,2026-04-25 14:40:17 UTC,threatfox,0.9200
url,https://chimefusion.com/u/,2026-04-25 14:40:17 UTC,threatfox,0.9200
url,https://deepnoxa.com/q,2026-04-25 14:40:19 UTC,threatfox,0.9200
url,https://deepnoxa.com/update.zip,2026-04-25 14:40:19 UTC,threatfox,0.9200
ip,176.65.139.141:1024,2026-04-25 14:40:24 UTC,threatfox,0.8200
domain,windows-telemetry.cc,2026-04-25 14:40:32 UTC,threatfox,0.9200
url,https://windows-telemetry.cc/api/submit,2026-04-25 14:40:32 UTC,threatfox,0.9200
ip,144.31.215.205:443,2026-04-25 14:40:36 UTC,threatfox,0.8200
domain,zenmetrics-software.com,2026-04-25 14:40:37 UTC,threatfox,0.9200
ip,198.251.88.136:443,2026-04-25 14:40:37 UTC,threatfox,0.8200
url,https://quiglgy.com/c,2026-04-25 14:40:40 UTC,threatfox,0.9200
url,https://quiglgy.com/g,2026-04-25 14:40:41 UTC,threatfox,0.9200
url,https://quiglgy.com/t,2026-04-25 14:40:41 UTC,threatfox,0.9200
domain,quiglgy.com,2026-04-25 14:40:42 UTC,threatfox,0.9200
url,https://quiglgy.com/file.js,2026-04-25 14:40:42 UTC,threatfox,0.9200
url,http://217.69.8.40/darwin-universal/WJcjmFcy4f4SxNGlL5o0cQ%3D%3D?wallet=ledger,2026-04-25 14:40:45 UTC,threatfox,0.9200
url,http://217.69.8.40/darwin-universal/WJcjmFcy4f4SxNGlL5o0cQ%3D%3D?wallet=trezor,2026-04-25 14:40:45 UTC,threatfox,0.9200
url,http://45.32.150.251/g/63RbXCmTBoPZhfyuqUsNdA%3D%3D,2026-04-25 14:40:45 UTC,threatfox,0.9200
url,http://45.77.60.153/darwin-universal/s4%2BECczuPY7jRKr7qbsMng%3D%3D?wallet=ledger,2026-04-25 14:40:46 UTC,threatfox,0.9200
url,http://217.69.8.40/get_arhive_npm/jCbp9cVu%2B%2B%2FczOTwvXfJbQ%3D%3D,2026-04-25 14:40:47 UTC,threatfox,0.9200
url,http://45.77.60.153/darwin-universal/s4%2BECczuPY7jRKr7qbsMng%3D%3D?wallet=trezor,2026-04-25 14:40:48 UTC,threatfox,0.9200
url,http://217.69.8.40/63RbXCmTBoPZhfyuqUsNdA%3D%3D,2026-04-25 14:40:49 UTC,threatfox,0.9200
url,http://45.77.60.153/%2BU2QpCWLB0TeEK0Y%2BTHl1Q%3D%3D,2026-04-25 14:40:49 UTC,threatfox,0.9200
url,http://45.77.60.153/get_arhive_npm/zi2WMapzCnO8eV9QY%2BQQXQ%3D%3D,2026-04-25 14:40:49 UTC,threatfox,0.9200
ip,176.65.139.59:1337,2026-04-25 14:40:53 UTC,threatfox,0.8200
ip,206.238.115.191:10086,2026-04-25 14:41:30 UTC,threatfox,0.8200
domain,absshop-ping.xyz,2026-04-25 14:45:42 UTC,threatfox,0.8200
domain,acre-sagahill.xyz,2026-04-25 14:45:42 UTC,threatfox,0.8200
ip,163.61.183.112:9999,2026-04-25 14:57:48 UTC,threatfox,0.8200
ip,91.92.241.102:443,2026-04-25 14:59:28 UTC,threatfox,0.8200
domain,gon.gessoflex.com.br,2026-04-25 15:01:00 UTC,threatfox,0.9200
url,https://gon.gessoflex.com.br/,2026-04-25 15:01:03 UTC,threatfox,0.9200
ip,35.184.9.17:443,2026-04-25 15:05:48 UTC,threatfox,0.8200
domain,Unknown8482-51453.portmap.host,2026-04-25 15:11:36 UTC,threatfox,0.9200
ip,193.161.193.99:51453,2026-04-25 15:12:15 UTC,threatfox,0.8200
ip,156.239.14.132:6667,2026-04-25 15:34:28 UTC,threatfox,0.8200
ip,156.239.14.132:6668,2026-04-25 15:34:28 UTC,threatfox,0.8200
ip,65.19.178.79:4782,2026-04-25 15:39:59 UTC,threatfox,0.8200
domain,mpla-clo.cc,2026-04-25 16:00:45 UTC,threatfox,0.9200
domain,sa1atik.cn,2026-04-25 16:07:23 UTC,threatfox,0.9200
domain,landing.anticalcareposeidon.it,2026-04-25 16:10:49 UTC,threatfox,0.9200
url,https://newyork2026.northamericanskalcongress.com/,2026-04-25 18:15:05 UTC,threatfox,0.8200
url,https://1homeinterior.com/,2026-04-25 18:15:06 UTC,threatfox,0.8200
url,https://joyeles.com.mx/,2026-04-25 18:15:06 UTC,threatfox,0.8200
url,https://legadodistillery.com/,2026-04-25 18:15:08 UTC,threatfox,0.8200
domain,busy-sunni.digital,2026-04-25 19:25:22 UTC,threatfox,0.9200
url,https://busy-sunni.digital/script.sh,2026-04-25 19:25:58 UTC,threatfox,0.9200
domain,dig-circling.digital,2026-04-25 19:27:26 UTC,threatfox,0.9200
url,https://dig-circling.digital/script.sh,2026-04-25 19:27:37 UTC,threatfox,0.9200
domain,kakaduthr2sh.digital,2026-04-25 19:28:22 UTC,threatfox,0.9200
url,https://kakaduthr2sh.digital/script.sh,2026-04-25 19:28:37 UTC,threatfox,0.9200
domain,taranta-blow.digital,2026-04-25 19:29:48 UTC,threatfox,0.9200
url,https://taranta-blow.digital/script.sh,2026-04-25 19:30:00 UTC,threatfox,0.9200
domain,openclaws.it.com,2026-04-25 19:32:35 UTC,threatfox,0.9200
url,https://openclaws.it.com,2026-04-25 19:32:59 UTC,threatfox,0.9200
url,http://91.199.133.178/u/setup.exe,2026-04-25 19:33:30 UTC,threatfox,0.9200
domain,doc-docsign.cyou,2026-04-25 19:41:07 UTC,threatfox,0.9200
url,https://doc-docsign.cyou/eDocusign.php,2026-04-25 19:41:19 UTC,threatfox,0.9200
url,https://doc-docsign.cyou/e-sign.php,2026-04-25 19:42:05 UTC,threatfox,0.9200
url,https://doc-docsign.cyou/download.php,2026-04-25 19:42:32 UTC,threatfox,0.9200
domain,viewsession.live,2026-04-25 19:46:06 UTC,threatfox,0.9200
url,http://www.viewsession.live/e-sign.php,2026-04-25 19:46:22 UTC,threatfox,0.9200
url,http://www.viewsession.live/download.php,2026-04-25 19:47:00 UTC,threatfox,0.9200
domain,usoffweb69.top,2026-04-25 19:48:23 UTC,threatfox,0.9200
url,https://nxbrew.me/,2026-04-25 19:48:28 UTC,threatfox,0.9200
url,https://usoffweb69.top/doc/e-sign.php,2026-04-25 19:48:45 UTC,threatfox,0.9200
url,https://usoffweb69.top/doc/download.php,2026-04-25 19:49:15 UTC,threatfox,0.9200
domain,doc.lauraice.xyz,2026-04-25 20:12:36 UTC,threatfox,0.9200
url,https://doc.lauraice.xyz/index.php,2026-04-25 20:12:57 UTC,threatfox,0.9200
url,https://doc.lauraice.xyz/index.php/update.php,2026-04-25 20:13:40 UTC,threatfox,0.9200
url,https://doc.lauraice.xyz/update.php,2026-04-25 20:15:45 UTC,threatfox,0.9200
url,https://doc.lauraice.xyz/process.php,2026-04-25 20:16:26 UTC,threatfox,0.9200
url,https://jugbphm.click/user,2026-04-25 20:16:54 UTC,threatfox,0.8200
domain,docusign.my.googlejoininvite.click,2026-04-25 20:19:38 UTC,threatfox,0.9200
url,https://www.docusign.my.googlejoininvite.click/eDocusign.php,2026-04-25 20:20:00 UTC,threatfox,0.9200
url,https://www.docusign.my.googlejoininvite.click/e-sign.php,2026-04-25 20:20:23 UTC,threatfox,0.9200
url,https://www.docusign.my.googlejoininvite.click/download.php,2026-04-25 20:21:17 UTC,threatfox,0.9200
domain,meetingisliveatgooglemeett.top,2026-04-25 20:26:49 UTC,threatfox,0.9200
url,https://meetingisliveatgooglemeett.top/Windows/,2026-04-25 20:27:12 UTC,threatfox,0.9200
url,https://meetingisliveatgooglemeett.top/Windows/microsoft-store.php,2026-04-25 20:27:42 UTC,threatfox,0.9200
domain,zoomlive.us,2026-04-25 20:30:43 UTC,threatfox,0.9200
url,https://zoomlive.us/Windows/invite.php,2026-04-25 20:30:58 UTC,threatfox,0.9200
url,https://zoomlive.us/Windows/ZoomWorkspace.bat,2026-04-25 20:31:53 UTC,threatfox,0.9200
url,http://pixeldrain.com/api/file/TV7mrYpe,2026-04-25 20:32:43 UTC,threatfox,0.9200
domain,zoommcall.com,2026-04-25 20:34:04 UTC,threatfox,0.9200
url,https://zoommcall.com/Windows/invite.php,2026-04-25 20:34:19 UTC,threatfox,0.9200
url,http://zoommcall.com/Windows/microsoft-store.php,2026-04-25 20:35:20 UTC,threatfox,0.9200
url,http://zoommcall.com/Windows/download.php,2026-04-25 20:36:04 UTC,threatfox,0.9200
url,http://zoommcall.com/Windows/install-guide.php,2026-04-25 20:36:33 UTC,threatfox,0.9200
domain,quickbase-assist.com,2026-04-25 20:39:28 UTC,threatfox,0.9200
url,https://quickbase-assist.com/Windows/statement.php,2026-04-25 20:40:19 UTC,threatfox,0.9200
url,https://quickbase-assist.com/Windows/viewpdf.php,2026-04-25 20:41:00 UTC,threatfox,0.9200
url,https://quickbase-assist.com/Windows/download.php,2026-04-25 20:41:38 UTC,threatfox,0.9200
domain,ivangay.bond,2026-04-25 20:45:41 UTC,threatfox,0.9200
url,https://ivangay.bond/cf.js,2026-04-25 20:45:57 UTC,threatfox,0.9200
url,https://ivangay.bond/api/index.php,2026-04-25 20:46:30 UTC,threatfox,0.9200
domain,gold-land-3m.rax7pavel.in.net,2026-04-25 20:47:05 UTC,threatfox,0.9200
url,https://ivangay.bond/log.php,2026-04-25 20:47:17 UTC,threatfox,0.9200
domain,open-8.rax7pavel.in.net,2026-04-25 20:53:00 UTC,threatfox,0.9200
ip,64.118.135.172:80,2026-04-25 20:53:06 UTC,threatfox,0.9200
domain,petit-star-6z.sylo3mer.in.net,2026-04-25 20:58:39 UTC,threatfox,0.9200
domain,vert-4.sylo3mer.in.net,2026-04-25 21:04:21 UTC,threatfox,0.9200
domain,quilborne.org,2026-04-25 21:06:33 UTC,threatfox,0.9200
url,https://quilborne.org/file.js,2026-04-25 21:06:55 UTC,threatfox,0.9200
url,https://quilborne.org/t,2026-04-25 21:07:22 UTC,threatfox,0.9200
url,https://quilborne.org/g,2026-04-25 21:07:50 UTC,threatfox,0.9200
url,https://quilborne.org/c,2026-04-25 21:08:07 UTC,threatfox,0.9200
domain,holz-berg-9.sylo3mer.in.net,2026-04-25 21:10:02 UTC,threatfox,0.9200
domain,bleu-2.sylo3mer.in.net,2026-04-25 21:19:21 UTC,threatfox,0.9200
domain,dark-wald-5v.sylo3mer.in.net,2026-04-25 21:25:05 UTC,threatfox,0.9200
url,http://62.60.226.159/xvzpjyddlu/login.php,2026-04-25 21:30:05 UTC,threatfox,0.9200
domain,connectweb.chat,2026-04-25 21:32:46 UTC,threatfox,0.9200
url,https://connectweb.chat/verify.html,2026-04-25 21:33:09 UTC,threatfox,0.9200
url,https://connectweb.chat/Secure.msi,2026-04-25 21:33:38 UTC,threatfox,0.9200
domain,haus-1.sylo3mer.in.net,2026-04-25 21:37:00 UTC,threatfox,0.9200
domain,pulsegraph.xyz,2026-04-25 21:41:23 UTC,threatfox,0.9200
url,https://pulsegraph.xyz/t.js,2026-04-25 21:42:18 UTC,threatfox,0.9200
domain,iron-fire-7s.nov2liren.in.net,2026-04-25 21:42:59 UTC,threatfox,0.9200
url,https://pulsegraph.xyz/ext-b.58316c304236.js,2026-04-25 21:43:11 UTC,threatfox,0.9200
url,https://pulsegraph.xyz/ext.0ff2555835d3.js,2026-04-25 21:43:41 UTC,threatfox,0.9200
url,https://pulsegraph.xyz/t.188cfd3975db.js,2026-04-25 21:44:27 UTC,threatfox,0.9200
domain,rouge-3.nov2liren.in.net,2026-04-25 21:48:53 UTC,threatfox,0.9200
domain,soft-land-1.nov2liren.in.net,2026-04-25 21:56:25 UTC,threatfox,0.9200
domain,kalt-5.nov2liren.in.net,2026-04-25 22:06:32 UTC,threatfox,0.9200
domain,zeit-berg-4n.nov2liren.in.net,2026-04-25 22:12:38 UTC,threatfox,0.9200
domain,open-9.nov2liren.in.net,2026-04-25 22:18:02 UTC,threatfox,0.9200
domain,jakartaupdate.online,2026-04-25 22:23:24 UTC,threatfox,0.9200
domain,fast-star-2x.miv8soren.in.net,2026-04-25 22:23:51 UTC,threatfox,0.9200
domain,noir-6.miv8soren.in.net,2026-04-25 22:29:18 UTC,threatfox,0.9200
domain,gold-mond-8.miv8soren.in.net,2026-04-25 22:34:57 UTC,threatfox,0.9200
domain,vert-1.miv8soren.in.net,2026-04-25 22:40:22 UTC,threatfox,0.9200
domain,holz-baum-5k.miv8soren.in.net,2026-04-25 22:45:52 UTC,threatfox,0.9200
domain,trafluxo.xyz,2026-04-25 22:47:02 UTC,threatfox,0.8200
domain,haus-3.miv8soren.in.net,2026-04-25 22:52:00 UTC,threatfox,0.9200
domain,trucklinesfm.com,2026-04-25 22:53:05 UTC,threatfox,0.9200
domain,dark-land-7b.dex1lavel.in.net,2026-04-25 22:57:37 UTC,threatfox,0.9200
domain,www.adrianmiller.co.za,2026-04-25 22:59:12 UTC,threatfox,0.9200
domain,bleu-4.dex1lavel.in.net,2026-04-25 23:07:14 UTC,threatfox,0.9200
domain,petit-fire-1.dex1lavel.in.net,2026-04-25 23:12:40 UTC,threatfox,0.9200
domain,rouge-9.dex1lavel.in.net,2026-04-25 23:22:43 UTC,threatfox,0.9200
domain,soft-berg-6p.dex1lavel.in.net,2026-04-25 23:28:00 UTC,threatfox,0.9200
domain,open-2.dex1lavel.in.net,2026-04-25 23:33:40 UTC,threatfox,0.9200
ip,87.106.168.15:7004,2026-04-25 23:38:23 UTC,threatfox,0.8200
domain,comp-os4d.mivonex-serv.in.net,2026-04-25 23:39:31 UTC,threatfox,0.9200
domain,onli6sp.mivonex-serv.in.net,2026-04-25 23:44:45 UTC,threatfox,0.9200
domain,haus-mp.mivonex-serv.in.net,2026-04-25 23:50:48 UTC,threatfox,0.9200
domain,enfa1p13.mivonex-serv.in.net,2026-04-25 23:56:11 UTC,threatfox,0.9200
artifact,1623c1c75e28b161ac920477cb01ffe2c604f61bb500578c408f259cda07cf5b,2026-04-25T00:03:02.5049499+00:00,sigma,0.3000
artifact,ddc84399f3a46a59266c6987564c2c3b51cd0459a5ca7e9d346eb2e69813955b,2026-04-25T00:18:46.1456372+00:00,sigma,0.3000
artifact,bcdc36369bd7e7145c2f985da454529dfba642c6c8844b68257ea438187dbcea,2026-04-25T00:34:28.2629497+00:00,sigma,0.3000
domain,etaknqgp.mivonex-serv.in.net,2026-04-26 00:05:44 UTC,threatfox,0.9200
domain,manngua.mivonex-serv.in.net,2026-04-26 00:11:16 UTC,threatfox,0.9200
domain,fleuytfp.dexon-node.in.net,2026-04-26 00:19:13 UTC,threatfox,0.9200
domain,c0007.bizhomepass.kr,2026-04-26 00:28:53 UTC,threatfox,0.9200
domain,tsc.gessoflex.com.br,2026-04-26 00:31:00 UTC,threatfox,0.9200
url,https://tsc.gessoflex.com.br/,2026-04-26 00:31:03 UTC,threatfox,0.9200
domain,mens-tu.dexon-node.in.net,2026-04-26 00:35:31 UTC,threatfox,0.9200
domain,fore-k6mz.dexon-node.in.net,2026-04-26 00:40:55 UTC,threatfox,0.9200
domain,poditt0j.dexon-node.in.net,2026-04-26 00:50:50 UTC,threatfox,0.9200
domain,estrqmi.dexon-node.in.net,2026-04-26 00:56:14 UTC,threatfox,0.9200
domain,lichxz.dexon-node.in.net,2026-04-26 01:01:44 UTC,threatfox,0.9200
domain,depozit-siemens.ro,2026-04-26 01:07:11 UTC,threatfox,0.9200
domain,terr-53p.bexlor-net.in.net,2026-04-26 01:07:34 UTC,threatfox,0.9200
domain,plag59o.bexlor-net.in.net,2026-04-26 01:13:10 UTC,threatfox,0.9200
domain,day-g6qh.bexlor-net.in.net,2026-04-26 01:19:05 UTC,threatfox,0.9200
domain,emceeterrence.com,2026-04-26 01:23:24 UTC,threatfox,0.9200
domain,treexw.bexlor-net.in.net,2026-04-26 01:26:38 UTC,threatfox,0.9200
domain,fine7t.bexlor-net.in.net,2026-04-26 01:34:11 UTC,threatfox,0.9200
domain,pieqt.bexlor-net.in.net,2026-04-26 01:39:55 UTC,threatfox,0.9200
domain,trab-7t.qivon-store.in.net,2026-04-26 01:47:48 UTC,threatfox,0.9200
domain,koerhl.qivon-store.in.net,2026-04-26 01:53:16 UTC,threatfox,0.9200
domain,ami-mfs.qivon-store.in.net,2026-04-26 01:58:47 UTC,threatfox,0.9200
domain,kopf-wkeu.qivon-store.in.net,2026-04-26 02:06:24 UTC,threatfox,0.9200
domain,etoi-fbll.qivon-store.in.net,2026-04-26 02:11:48 UTC,threatfox,0.9200
domain,32asinc.duckdns.org,2026-04-26 02:15:45 UTC,threatfox,0.8200
domain,chessboard25.pakasak.com,2026-04-26 02:15:53 UTC,threatfox,0.8200
domain,dzonebcp.duckdns.org,2026-04-26 02:15:59 UTC,threatfox,0.8200
domain,filo-8ao.qivon-store.in.net,2026-04-26 02:17:42 UTC,threatfox,0.9200
domain,soci-84i6.zexon-plus.in.net,2026-04-26 02:23:38 UTC,threatfox,0.9200
domain,fuss-kx01.zexon-plus.in.net,2026-04-26 02:31:05 UTC,threatfox,0.9200
domain,travb7.zexon-plus.in.net,2026-04-26 02:36:32 UTC,threatfox,0.9200
domain,piedmg3.zexon-plus.in.net,2026-04-26 02:42:07 UTC,threatfox,0.9200
domain,ocche0o.zexon-plus.in.net,2026-04-26 02:47:51 UTC,threatfox,0.9200
domain,acti-cmf.zexon-plus.in.net,2026-04-26 02:53:48 UTC,threatfox,0.9200
domain,fire-02k6.raxen-tech.in.net,2026-04-26 02:59:23 UTC,threatfox,0.9200
domain,freur6r.raxen-tech.in.net,2026-04-26 03:05:48 UTC,threatfox,0.9200
domain,pes-ghj0.raxen-tech.in.net,2026-04-26 03:20:43 UTC,threatfox,0.9200
domain,homb-1h.raxen-tech.in.net,2026-04-26 03:27:11 UTC,threatfox,0.9200
domain,mati-ns3w.raxen-tech.in.net,2026-04-26 03:34:11 UTC,threatfox,0.9200
domain,ocul-xq7.raxen-tech.in.net,2026-04-26 03:40:40 UTC,threatfox,0.9200
domain,spia-vo.sylonix-web.in.net,2026-04-26 03:49:33 UTC,threatfox,0.9200
domain,etab-0d.sylonix-web.in.net,2026-04-26 03:55:50 UTC,threatfox,0.9200
domain,aguarw2y.sylonix-web.in.net,2026-04-26 04:02:24 UTC,threatfox,0.9200
ip,163.61.39.140:3778,2026-04-26 04:09:03 UTC,threatfox,0.8200
domain,meer-in.sylonix-web.in.net,2026-04-26 04:09:19 UTC,threatfox,0.9200
domain,amic-po1.sylonix-web.in.net,2026-04-26 04:18:24 UTC,threatfox,0.9200
domain,paniwcfh.sylonix-web.in.net,2026-04-26 04:24:54 UTC,threatfox,0.9200
domain,stra-j2.noven-sys.in.net,2026-04-26 04:33:30 UTC,threatfox,0.9200
domain,opulent.ro,2026-04-26 04:37:47 UTC,threatfox,0.9200
domain,landem.noven-sys.in.net,2026-04-26 04:40:04 UTC,threatfox,0.9200
domain,lebe6wwf.noven-sys.in.net,2026-04-26 04:49:07 UTC,threatfox,0.9200
domain,mar-jlk.noven-sys.in.net,2026-04-26 04:57:24 UTC,threatfox,0.9200
domain,homo-ph.noven-sys.in.net,2026-04-26 05:03:53 UTC,threatfox,0.9200
sha256,6f36499d067b78b1c861305e2b7b2c482e81b058ad040189119f5da40e7a81bb,2026-04-26 05:05:55,malwarebazaar,0.8200
domain,eart-l4.noven-sys.in.net,2026-04-26 05:10:34 UTC,threatfox,0.9200
domain,proc-256.mivon-hub.in.net,2026-04-26 05:17:47 UTC,threatfox,0.9200
domain,clearviewandpalisade.co.za,2026-04-26 05:21:42 UTC,threatfox,0.9200
domain,1.bp.blogspot.com,2026-04-26T06:01:19.498829+00:00,majestic,0.1200
domain,1.envato.market,2026-04-26T06:01:19.498829+00:00,majestic,0.1200
domain,163.com,2026-04-26T06:01:19.498829+00:00,majestic,0.1200
domain,1688.com,2026-04-26T06:01:19.498829+00:00,majestic,0.1200
domain,1drv.ms,2026-04-26T06:01:19.498829+00:00,majestic,0.1200
domain,20minutos.es,2026-04-26T06:01:19.498829+00:00,majestic,0.1200
domain,360.cn,2026-04-26T06:01:19.498829+00:00,majestic,0.1200
domain,3ds.com,2026-04-26T06:01:19.498829+00:00,majestic,0.1200
domain,3m.com,2026-04-26T06:01:19.498829+00:00,majestic,0.1200
domain,4shared.com,2026-04-26T06:01:19.498829+00:00,majestic,0.1200
domain,500px.com,2026-04-26T06:01:19.498829+00:00,majestic,0.1200
domain,51.la,2026-04-26T06:01:19.498829+00:00,majestic,0.1200
domain,7-zip.org,2026-04-26T06:01:19.498829+00:00,majestic,0.1200
domain,988lifeline.org,2026-04-26T06:01:19.498829+00:00,majestic,0.1200
domain,9to5mac.com,2026-04-26T06:01:19.498829+00:00,majestic,0.1200
domain,a.co,2026-04-26T06:01:19.498829+00:00,majestic,0.1200
domain,aa.com.tr,2026-04-26T06:01:19.498829+00:00,majestic,0.1200
domain,aaa.com,2026-04-26T06:01:19.498829+00:00,majestic,0.1200
domain,aafp.org,2026-04-26T06:01:19.498829+00:00,majestic,0.1200
domain,aap.org,2026-04-26T06:01:19.498829+00:00,majestic,0.1200
domain,aarp.org,2026-04-26T06:01:19.498829+00:00,majestic,0.1200
domain,ab.ca,2026-04-26T06:01:19.498829+00:00,majestic,0.1200
domain,abb.com,2026-04-26T06:01:19.498829+00:00,majestic,0.1200
domain,abc.com,2026-04-26T06:01:19.498829+00:00,majestic,0.1200
domain,abc.es,2026-04-26T06:01:19.498829+00:00,majestic,0.1200
domain,abc.net.au,2026-04-26T06:01:19.498829+00:00,majestic,0.1200
domain,abcnews.com,2026-04-26T06:01:19.498829+00:00,majestic,0.1200
domain,abebooks.com,2026-04-26T06:01:19.498829+00:00,majestic,0.1200
domain,about.com,2026-04-26T06:01:19.498829+00:00,majestic,0.1200
domain,about.me,2026-04-26T06:01:19.498829+00:00,majestic,0.1200
domain,aboutads.info,2026-04-26T06:01:19.498829+00:00,majestic,0.1200
domain,aboutamazon.com,2026-04-26T06:01:19.498829+00:00,majestic,0.1200
domain,aboutcookies.org,2026-04-26T06:01:19.498829+00:00,majestic,0.1200
domain,abril.com.br,2026-04-26T06:01:19.498829+00:00,majestic,0.1200
domain,academia.edu,2026-04-26T06:01:19.498829+00:00,majestic,0.1200
domain,acast.com,2026-04-26T06:01:19.498829+00:00,majestic,0.1200
domain,accenture.com,2026-04-26T06:01:19.498829+00:00,majestic,0.1200
domain,accor.com,2026-04-26T06:01:19.498829+00:00,majestic,0.1200
domain,accounts.google.com,2026-04-26T06:01:19.498829+00:00,majestic,0.1200
domain,accuweather.com,2026-04-26T06:01:19.498829+00:00,majestic,0.1200
domain,acer.com,2026-04-26T06:01:19.498829+00:00,majestic,0.1200
domain,aclu.org,2026-04-26T06:01:19.498829+00:00,majestic,0.1200
domain,acm.org,2026-04-26T06:01:19.498829+00:00,majestic,0.1200
domain,acs.org,2026-04-26T06:01:19.498829+00:00,majestic,0.1200
domain,adafruit.com,2026-04-26T06:01:19.498829+00:00,majestic,0.1200
domain,adage.com,2026-04-26T06:01:19.498829+00:00,majestic,0.1200
domain,addthis.com,2026-04-26T06:01:19.498829+00:00,majestic,0.1200
domain,addtoany.com,2026-04-26T06:01:19.498829+00:00,majestic,0.1200
domain,adidas.com,2026-04-26T06:01:19.498829+00:00,majestic,0.1200
domain,admin.ch,2026-04-26T06:01:19.498829+00:00,majestic,0.1200
domain,adobe.com,2026-04-26T06:01:19.498829+00:00,majestic,0.1200
domain,adp.com,2026-04-26T06:01:19.498829+00:00,majestic,0.1200
domain,adweek.com,2026-04-26T06:01:19.498829+00:00,majestic,0.1200
domain,aepd.es,2026-04-26T06:01:19.498829+00:00,majestic,0.1200
domain,af.mil,2026-04-26T06:01:19.498829+00:00,majestic,0.1200
domain,afp.com,2026-04-26T06:01:19.498829+00:00,majestic,0.1200
domain,afr.com,2026-04-26T06:01:19.498829+00:00,majestic,0.1200
domain,afthemes.com,2026-04-26T06:01:19.498829+00:00,majestic,0.1200
domain,agoda.com,2026-04-26T06:01:19.498829+00:00,majestic,0.1200
domain,ahajournals.org,2026-04-26T06:01:19.498829+00:00,majestic,0.1200
domain,ahrefs.com,2026-04-26T06:01:19.498829+00:00,majestic,0.1200
domain,aip.org,2026-04-26T06:01:19.498829+00:00,majestic,0.1200
domain,airbnb.com,2026-04-26T06:01:19.498829+00:00,majestic,0.1200
domain,airbus.com,2026-04-26T06:01:19.498829+00:00,majestic,0.1200
domain,airtable.com,2026-04-26T06:01:19.498829+00:00,majestic,0.1200
domain,ajc.com,2026-04-26T06:01:19.498829+00:00,majestic,0.1200
domain,aka.ms,2026-04-26T06:01:19.498829+00:00,majestic,0.1200
domain,akamai.com,2026-04-26T06:01:19.498829+00:00,majestic,0.1200
domain,akamaihd.net,2026-04-26T06:01:19.498829+00:00,majestic,0.1200
domain,akc.org,2026-04-26T06:01:19.498829+00:00,majestic,0.1200
domain,akismet.com,2026-04-26T06:01:19.498829+00:00,majestic,0.1200
domain,al.com,2026-04-26T06:01:19.498829+00:00,majestic,0.1200
domain,alexa.com,2026-04-26T06:01:19.498829+00:00,majestic,0.1200
domain,alibaba.com,2026-04-26T06:01:19.498829+00:00,majestic,0.1200
domain,alicdn.com,2026-04-26T06:01:19.498829+00:00,majestic,0.1200
domain,aliexpress.com,2026-04-26T06:01:19.498829+00:00,majestic,0.1200
domain,alipay.com,2026-04-26T06:01:19.498829+00:00,majestic,0.1200
domain,aliyun.com,2026-04-26T06:01:19.498829+00:00,majestic,0.1200
domain,aliyuncs.com,2026-04-26T06:01:19.498829+00:00,majestic,0.1200
domain,aljazeera.com,2026-04-26T06:01:19.498829+00:00,majestic,0.1200
domain,aljazeera.net,2026-04-26T06:01:19.498829+00:00,majestic,0.1200
domain,allaboutcookies.org,2026-04-26T06:01:19.498829+00:00,majestic,0.1200
domain,allmusic.com,2026-04-26T06:01:19.498829+00:00,majestic,0.1200
domain,allrecipes.com,2026-04-26T06:01:19.498829+00:00,majestic,0.1200
domain,alltrails.com,2026-04-26T06:01:19.498829+00:00,majestic,0.1200
domain,altavista.com,2026-04-26T06:01:19.498829+00:00,majestic,0.1200
domain,altervista.org,2026-04-26T06:01:19.498829+00:00,majestic,0.1200
domain,alz.org,2026-04-26T06:01:19.498829+00:00,majestic,0.1200
domain,ama-assn.org,2026-04-26T06:01:19.498829+00:00,majestic,0.1200
domain,amap.com,2026-04-26T06:01:19.498829+00:00,majestic,0.1200
domain,amazon-adsystem.com,2026-04-26T06:01:19.498829+00:00,majestic,0.1200
domain,amazon.ca,2026-04-26T06:01:19.498829+00:00,majestic,0.1200
domain,amazon.co.jp,2026-04-26T06:01:19.498829+00:00,majestic,0.1200
domain,amazon.co.uk,2026-04-26T06:01:19.498829+00:00,majestic,0.1200
domain,amazon.com,2026-04-26T06:01:19.498829+00:00,majestic,0.1200
domain,amazon.com.au,2026-04-26T06:01:19.498829+00:00,majestic,0.1200
domain,amazon.de,2026-04-26T06:01:19.498829+00:00,majestic,0.1200
domain,amazon.es,2026-04-26T06:01:19.498829+00:00,majestic,0.1200
domain,amazon.fr,2026-04-26T06:01:19.498829+00:00,majestic,0.1200
domain,amazon.in,2026-04-26T06:01:19.498829+00:00,majestic,0.1200
domain,amazon.it,2026-04-26T06:01:19.498829+00:00,majestic,0.1200
domain,amazonaws.com,2026-04-26T06:01:19.498829+00:00,majestic,0.1200
domain,amd.com,2026-04-26T06:01:19.498829+00:00,majestic,0.1200
domain,amebaownd.com,2026-04-26T06:01:19.498829+00:00,majestic,0.1200
domain,ameblo.jp,2026-04-26T06:01:19.498829+00:00,majestic,0.1200
domain,americanbar.org,2026-04-26T06:01:19.498829+00:00,majestic,0.1200
domain,americanexpress.com,2026-04-26T06:01:19.498829+00:00,majestic,0.1200
domain,amnesty.org,2026-04-26T06:01:19.498829+00:00,majestic,0.1200
domain,ampproject.org,2026-04-26T06:01:19.498829+00:00,majestic,0.1200
domain,amzn.to,2026-04-26T06:01:19.498829+00:00,majestic,0.1200
domain,ancestry.com,2026-04-26T06:01:19.498829+00:00,majestic,0.1200
domain,anchor.fm,2026-04-26T06:01:19.498829+00:00,majestic,0.1200
domain,andersnoren.se,2026-04-26T06:01:19.498829+00:00,majestic,0.1200
domain,android.com,2026-04-26T06:01:19.498829+00:00,majestic,0.1200
domain,androidauthority.com,2026-04-26T06:01:19.498829+00:00,majestic,0.1200
domain,angelfire.com,2026-04-26T06:01:19.498829+00:00,majestic,0.1200
domain,annualreviews.org,2026-04-26T06:01:19.498829+00:00,majestic,0.1200
domain,anrdoezrs.net,2026-04-26T06:01:19.498829+00:00,majestic,0.1200
domain,ansa.it,2026-04-26T06:01:19.498829+00:00,majestic,0.1200
domain,answers.com,2026-04-26T06:01:19.498829+00:00,majestic,0.1200
domain,anthropic.com,2026-04-26T06:01:19.498829+00:00,majestic,0.1200
domain,anu.edu.au,2026-04-26T06:01:19.498829+00:00,majestic,0.1200
domain,anydesk.com,2026-04-26T06:01:19.498829+00:00,majestic,0.1200
domain,aol.com,2026-04-26T06:01:19.498829+00:00,majestic,0.1200
domain,ap.org,2026-04-26T06:01:19.498829+00:00,majestic,0.1200
domain,apa.org,2026-04-26T06:01:19.498829+00:00,majestic,0.1200
domain,apache-ssl.org,2026-04-26T06:01:19.498829+00:00,majestic,0.1200
domain,apache.org,2026-04-26T06:01:19.498829+00:00,majestic,0.1200
domain,apachefriends.org,2026-04-26T06:01:19.498829+00:00,majestic,0.1200
domain,apachehaus.com,2026-04-26T06:01:19.498829+00:00,majestic,0.1200
domain,apachelounge.com,2026-04-26T06:01:19.498829+00:00,majestic,0.1200
domain,apachetoday.com,2026-04-26T06:01:19.498829+00:00,majestic,0.1200
domain,apachetutor.org,2026-04-26T06:01:19.498829+00:00,majestic,0.1200
domain,api.whatsapp.com,2026-04-26T06:01:19.498829+00:00,majestic,0.1200
domain,apnews.com,2026-04-26T06:01:19.498829+00:00,majestic,0.1200
domain,app.google,2026-04-26T06:01:19.498829+00:00,majestic,0.1200
domain,app.link,2026-04-26T06:01:19.498829+00:00,majestic,0.1200
domain,apple.co,2026-04-26T06:01:19.498829+00:00,majestic,0.1200
domain,apple.com,2026-04-26T06:01:19.498829+00:00,majestic,0.1200
domain,appleinsider.com,2026-04-26T06:01:19.498829+00:00,majestic,0.1200
domain,apps.apple.com,2026-04-26T06:01:19.498829+00:00,majestic,0.1200
domain,appspot.com,2026-04-26T06:01:19.498829+00:00,majestic,0.1200
domain,aps.org,2026-04-26T06:01:19.498829+00:00,majestic,0.1200
domain,arcgis.com,2026-04-26T06:01:19.498829+00:00,majestic,0.1200
domain,archdaily.com,2026-04-26T06:01:19.498829+00:00,majestic,0.1200
domain,architecturaldigest.com,2026-04-26T06:01:19.498829+00:00,majestic,0.1200
domain,archive.is,2026-04-26T06:01:19.498829+00:00,majestic,0.1200
domain,archive.org,2026-04-26T06:01:19.498829+00:00,majestic,0.1200
domain,archive.ph,2026-04-26T06:01:19.498829+00:00,majestic,0.1200
domain,archives.gov,2026-04-26T06:01:19.498829+00:00,majestic,0.1200
domain,archlinux.org,2026-04-26T06:01:19.498829+00:00,majestic,0.1200
domain,ardmediathek.de,2026-04-26T06:01:19.498829+00:00,majestic,0.1200
domain,arduino.cc,2026-04-26T06:01:19.498829+00:00,majestic,0.1200
domain,arizona.edu,2026-04-26T06:01:19.498829+00:00,majestic,0.1200
domain,army.mil,2026-04-26T06:01:19.498829+00:00,majestic,0.1200
domain,arstechnica.com,2026-04-26T06:01:19.498829+00:00,majestic,0.1200
domain,arte.tv,2026-04-26T06:01:19.498829+00:00,majestic,0.1200
domain,artnet.com,2026-04-26T06:01:19.498829+00:00,majestic,0.1200
domain,artstation.com,2026-04-26T06:01:19.498829+00:00,majestic,0.1200
domain,arxiv.org,2026-04-26T06:01:19.498829+00:00,majestic,0.1200
domain,as.com,2026-04-26T06:01:19.498829+00:00,majestic,0.1200
domain,asahi.com,2026-04-26T06:01:19.498829+00:00,majestic,0.1200
domain,asana.com,2026-04-26T06:01:19.498829+00:00,majestic,0.1200
domain,ask.com,2026-04-26T06:01:19.498829+00:00,majestic,0.1200
domain,askubuntu.com,2026-04-26T06:01:19.498829+00:00,majestic,0.1200
domain,asm.org,2026-04-26T06:01:19.498829+00:00,majestic,0.1200
domain,asos.com,2026-04-26T06:01:19.498829+00:00,majestic,0.1200
domain,asp.net,2026-04-26T06:01:19.498829+00:00,majestic,0.1200
domain,asso.fr,2026-04-26T06:01:19.498829+00:00,majestic,0.1200
domain,asu.edu,2026-04-26T06:01:19.498829+00:00,majestic,0.1200
domain,asus.com,2026-04-26T06:01:19.498829+00:00,majestic,0.1200
domain,athemes.com,2026-04-26T06:01:19.498829+00:00,majestic,0.1200
domain,atlasobscura.com,2026-04-26T06:01:19.498829+00:00,majestic,0.1200
domain,atlassian.com,2026-04-26T06:01:19.498829+00:00,majestic,0.1200
domain,atlassian.net,2026-04-26T06:01:19.498829+00:00,majestic,0.1200
domain,att.com,2026-04-26T06:01:19.498829+00:00,majestic,0.1200
domain,auctollo.com,2026-04-26T06:01:19.498829+00:00,majestic,0.1200
domain,audible.com,2026-04-26T06:01:19.498829+00:00,majestic,0.1200
domain,autodesk.com,2026-04-26T06:01:19.498829+00:00,majestic,0.1200
domain,automattic.com,2026-04-26T06:01:19.498829+00:00,majestic,0.1200
domain,avast.com,2026-04-26T06:01:19.498829+00:00,majestic,0.1200
domain,avg.com,2026-04-26T06:01:19.498829+00:00,majestic,0.1200
domain,awin1.com,2026-04-26T06:01:19.498829+00:00,majestic,0.1200
domain,axios.com,2026-04-26T06:01:19.498829+00:00,majestic,0.1200
domain,azcentral.com,2026-04-26T06:01:19.498829+00:00,majestic,0.1200
domain,azure.com,2026-04-26T06:01:19.498829+00:00,majestic,0.1200
domain,azureedge.net,2026-04-26T06:01:19.498829+00:00,majestic,0.1200
domain,azurewebsites.net,2026-04-26T06:01:19.498829+00:00,majestic,0.1200
domain,b-cdn.net,2026-04-26T06:01:19.498829+00:00,majestic,0.1200
domain,b.hatena.ne.jp,2026-04-26T06:01:19.498829+00:00,majestic,0.1200
domain,backlinko.com,2026-04-26T06:01:19.498829+00:00,majestic,0.1200
domain,bahn.de,2026-04-26T06:01:19.498829+00:00,majestic,0.1200
domain,baidu.com,2026-04-26T06:01:19.498829+00:00,majestic,0.1200
domain,bain.com,2026-04-26T06:01:19.498829+00:00,majestic,0.1200
domain,baltimoresun.com,2026-04-26T06:01:19.498829+00:00,majestic,0.1200
domain,bandcamp.com,2026-04-26T06:01:19.498829+00:00,majestic,0.1200
domain,bankofamerica.com,2026-04-26T06:01:19.498829+00:00,majestic,0.1200
domain,bankrate.com,2026-04-26T06:01:19.498829+00:00,majestic,0.1200
domain,barnesandnoble.com,2026-04-26T06:01:19.498829+00:00,majestic,0.1200
domain,barrons.com,2026-04-26T06:01:19.498829+00:00,majestic,0.1200
domain,bartleby.com,2026-04-26T06:01:19.498829+00:00,majestic,0.1200
domain,basf.com,2026-04-26T06:01:19.498829+00:00,majestic,0.1200
domain,bayer.com,2026-04-26T06:01:19.498829+00:00,majestic,0.1200
domain,bayern.de,2026-04-26T06:01:19.498829+00:00,majestic,0.1200
domain,bbb.org,2026-04-26T06:01:19.498829+00:00,majestic,0.1200
domain,bbc.co.uk,2026-04-26T06:01:19.498829+00:00,majestic,0.1200
domain,bbc.com,2026-04-26T06:01:19.498829+00:00,majestic,0.1200
domain,bbcgoodfood.com,2026-04-26T06:01:19.498829+00:00,majestic,0.1200
domain,bc.ca,2026-04-26T06:01:19.498829+00:00,majestic,0.1200
domain,bc.edu,2026-04-26T06:01:19.498829+00:00,majestic,0.1200
domain,bcg.com,2026-04-26T06:01:19.498829+00:00,majestic,0.1200
domain,bcorporation.net,2026-04-26T06:01:19.498829+00:00,majestic,0.1200
domain,behance.net,2026-04-26T06:01:19.498829+00:00,majestic,0.1200
domain,beian.gov.cn,2026-04-26T06:01:19.498829+00:00,majestic,0.1200
domain,beian.miit.gov.cn,2026-04-26T06:01:19.498829+00:00,majestic,0.1200
domain,bell-labs.com,2026-04-26T06:01:19.498829+00:00,majestic,0.1200
domain,benzinga.com,2026-04-26T06:01:19.498829+00:00,majestic,0.1200
domain,berkeley.edu,2026-04-26T06:01:19.498829+00:00,majestic,0.1200
domain,berlin.de,2026-04-26T06:01:19.498829+00:00,majestic,0.1200
domain,bestbuy.com,2026-04-26T06:01:19.498829+00:00,majestic,0.1200
domain,bfmtv.com,2026-04-26T06:01:19.498829+00:00,majestic,0.1200
domain,bhg.com,2026-04-26T06:01:19.498829+00:00,majestic,0.1200
domain,bhphotovideo.com,2026-04-26T06:01:19.498829+00:00,majestic,0.1200
domain,biblegateway.com,2026-04-26T06:01:19.498829+00:00,majestic,0.1200
domain,bigcartel.com,2026-04-26T06:01:19.498829+00:00,majestic,0.1200
domain,bigcommerce.com,2026-04-26T06:01:19.498829+00:00,majestic,0.1200
domain,biglobe.ne.jp,2026-04-26T06:01:19.498829+00:00,majestic,0.1200
domain,bigthink.com,2026-04-26T06:01:19.498829+00:00,majestic,0.1200
domain,bild.de,2026-04-26T06:01:19.498829+00:00,majestic,0.1200
domain,bilibili.com,2026-04-26T06:01:19.498829+00:00,majestic,0.1200
domain,billboard.com,2026-04-26T06:01:19.498829+00:00,majestic,0.1200
domain,binance.com,2026-04-26T06:01:19.498829+00:00,majestic,0.1200
domain,bing.com,2026-04-26T06:01:19.498829+00:00,majestic,0.1200
domain,biography.com,2026-04-26T06:01:19.498829+00:00,majestic,0.1200
domain,biomedcentral.com,2026-04-26T06:01:19.498829+00:00,majestic,0.1200
domain,biorxiv.org,2026-04-26T06:01:19.498829+00:00,majestic,0.1200
domain,bit.ly,2026-04-26T06:01:19.498829+00:00,majestic,0.1200
domain,bitbucket.org,2026-04-26T06:01:19.498829+00:00,majestic,0.1200
domain,bitcoin.org,2026-04-26T06:01:19.498829+00:00,majestic,0.1200
domain,bitdefender.com,2026-04-26T06:01:19.498829+00:00,majestic,0.1200
domain,bitly.com,2026-04-26T06:01:19.498829+00:00,majestic,0.1200
domain,bitnami.com,2026-04-26T06:01:19.498829+00:00,majestic,0.1200
domain,bizjournals.com,2026-04-26T06:01:19.498829+00:00,majestic,0.1200
domain,bl.uk,2026-04-26T06:01:19.498829+00:00,majestic,0.1200
domain,blackberry.com,2026-04-26T06:01:19.498829+00:00,majestic,0.1200
domain,bleacherreport.com,2026-04-26T06:01:19.498829+00:00,majestic,0.1200
domain,bleepingcomputer.com,2026-04-26T06:01:19.498829+00:00,majestic,0.1200
domain,blender.org,2026-04-26T06:01:19.498829+00:00,majestic,0.1200
domain,blizzard.com,2026-04-26T06:01:19.498829+00:00,majestic,0.1200
domain,blog.google,2026-04-26T06:01:19.498829+00:00,majestic,0.1200
domain,blog.naver.com,2026-04-26T06:01:19.498829+00:00,majestic,0.1200
domain,blogger.com,2026-04-26T06:01:19.498829+00:00,majestic,0.1200
domain,blogger.googleusercontent.com,2026-04-26T06:01:19.498829+00:00,majestic,0.1200
domain,blogs.com,2026-04-26T06:01:19.498829+00:00,majestic,0.1200
domain,blogspot.ca,2026-04-26T06:01:19.498829+00:00,majestic,0.1200
domain,blogspot.co.uk,2026-04-26T06:01:19.498829+00:00,majestic,0.1200
domain,blogspot.com,2026-04-26T06:01:19.498829+00:00,majestic,0.1200
domain,blogspot.com.es,2026-04-26T06:01:19.498829+00:00,majestic,0.1200
domain,blogspot.de,2026-04-26T06:01:19.498829+00:00,majestic,0.1200
domain,blogspot.fr,2026-04-26T06:01:19.498829+00:00,majestic,0.1200
domain,bloomberg.com,2026-04-26T06:01:19.498829+00:00,majestic,0.1200
domain,bloomberglaw.com,2026-04-26T06:01:19.498829+00:00,majestic,0.1200
domain,bls.gov,2026-04-26T06:01:19.498829+00:00,majestic,0.1200
domain,bluehost.com,2026-04-26T06:01:19.498829+00:00,majestic,0.1200
domain,blurb.com,2026-04-26T06:01:19.498829+00:00,majestic,0.1200
domain,bmj.com,2026-04-26T06:01:19.498829+00:00,majestic,0.1200
domain,bnf.fr,2026-04-26T06:01:19.498829+00:00,majestic,0.1200
domain,boe.es,2026-04-26T06:01:19.498829+00:00,majestic,0.1200
domain,boeing.com,2026-04-26T06:01:19.498829+00:00,majestic,0.1200
domain,boingboing.net,2026-04-26T06:01:19.498829+00:00,majestic,0.1200
domain,booking.com,2026-04-26T06:01:19.498829+00:00,majestic,0.1200
domain,bookshop.org,2026-04-26T06:01:19.498829+00:00,majestic,0.1200
domain,bootstrapmade.com,2026-04-26T06:01:19.498829+00:00,majestic,0.1200
domain,boredpanda.com,2026-04-26T06:01:19.498829+00:00,majestic,0.1200
domain,boston.com,2026-04-26T06:01:19.498829+00:00,majestic,0.1200
domain,bostonglobe.com,2026-04-26T06:01:19.498829+00:00,majestic,0.1200
domain,boutell.com,2026-04-26T06:01:19.498829+00:00,majestic,0.1200
domain,box.com,2026-04-26T06:01:19.498829+00:00,majestic,0.1200
domain,bp.com,2026-04-26T06:01:19.498829+00:00,majestic,0.1200
domain,br.com,2026-04-26T06:01:19.498829+00:00,majestic,0.1200
domain,br.de,2026-04-26T06:01:19.498829+00:00,majestic,0.1200
domain,brainyquote.com,2026-04-26T06:01:19.498829+00:00,majestic,0.1200
domain,brandbucket.com,2026-04-26T06:01:19.498829+00:00,majestic,0.1200
domain,brave.com,2026-04-26T06:01:19.498829+00:00,majestic,0.1200
domain,breitbart.com,2026-04-26T06:01:19.498829+00:00,majestic,0.1200
domain,brevo.com,2026-04-26T06:01:19.498829+00:00,majestic,0.1200
domain,brightcove.net,2026-04-26T06:01:19.498829+00:00,majestic,0.1200
domain,britannica.com,2026-04-26T06:01:19.498829+00:00,majestic,0.1200
domain,britishcouncil.org,2026-04-26T06:01:19.498829+00:00,majestic,0.1200
domain,britishmuseum.org,2026-04-26T06:01:19.498829+00:00,majestic,0.1200
domain,broadcom.com,2026-04-26T06:01:19.498829+00:00,majestic,0.1200
domain,brookings.edu,2026-04-26T06:01:19.498829+00:00,majestic,0.1200
domain,brown.edu,2026-04-26T06:01:19.498829+00:00,majestic,0.1200
domain,bsky.app,2026-04-26T06:01:19.498829+00:00,majestic,0.1200
domain,bu.edu,2026-04-26T06:01:19.498829+00:00,majestic,0.1200
domain,buffalo.edu,2026-04-26T06:01:19.498829+00:00,majestic,0.1200
domain,buffer.com,2026-04-26T06:01:19.498829+00:00,majestic,0.1200
domain,bund.de,2026-04-26T06:01:19.498829+00:00,majestic,0.1200
domain,bundesregierung.de,2026-04-26T06:01:19.498829+00:00,majestic,0.1200
domain,bundestag.de,2026-04-26T06:01:19.498829+00:00,majestic,0.1200
domain,business-standard.com,2026-04-26T06:01:19.498829+00:00,majestic,0.1200
domain,business.site,2026-04-26T06:01:19.498829+00:00,majestic,0.1200
domain,business2community.com,2026-04-26T06:01:19.498829+00:00,majestic,0.1200
domain,businessinsider.com,2026-04-26T06:01:19.498829+00:00,majestic,0.1200
domain,businessnewsdaily.com,2026-04-26T06:01:19.498829+00:00,majestic,0.1200
domain,businessweek.com,2026-04-26T06:01:19.498829+00:00,majestic,0.1200
domain,businesswire.com,2026-04-26T06:01:19.498829+00:00,majestic,0.1200
domain,bustle.com,2026-04-26T06:01:19.498829+00:00,majestic,0.1200
domain,buydomains.com,2026-04-26T06:01:19.498829+00:00,majestic,0.1200
domain,buymeacoffee.com,2026-04-26T06:01:19.498829+00:00,majestic,0.1200
domain,buzzfeed.com,2026-04-26T06:01:19.498829+00:00,majestic,0.1200
domain,buzzfeednews.com,2026-04-26T06:01:19.498829+00:00,majestic,0.1200
domain,buzzsprout.com,2026-04-26T06:01:19.498829+00:00,majestic,0.1200
domain,byu.edu,2026-04-26T06:01:19.498829+00:00,majestic,0.1200
domain,c-span.org,2026-04-26T06:01:19.498829+00:00,majestic,0.1200
domain,c212.net,2026-04-26T06:01:19.498829+00:00,majestic,0.1200
domain,ca.gov,2026-04-26T06:01:19.498829+00:00,majestic,0.1200
domain,ca.us,2026-04-26T06:01:19.498829+00:00,majestic,0.1200
domain,cafepress.com,2026-04-26T06:01:19.498829+00:00,majestic,0.1200
domain,calameo.com,2026-04-26T06:01:19.498829+00:00,majestic,0.1200
domain,calendly.com,2026-04-26T06:01:19.498829+00:00,majestic,0.1200
domain,caltech.edu,2026-04-26T06:01:19.498829+00:00,majestic,0.1200
domain,cam.ac.uk,2026-04-26T06:01:19.498829+00:00,majestic,0.1200
domain,cambridge.org,2026-04-26T06:01:19.498829+00:00,majestic,0.1200
domain,campaign-archive.com,2026-04-26T06:01:19.498829+00:00,majestic,0.1200
domain,canada.ca,2026-04-26T06:01:19.498829+00:00,majestic,0.1200
domain,cancer.gov,2026-04-26T06:01:19.498829+00:00,majestic,0.1200
domain,cancer.org,2026-04-26T06:01:19.498829+00:00,majestic,0.1200
domain,caniuse.com,2026-04-26T06:01:19.498829+00:00,majestic,0.1200
domain,canon.com,2026-04-26T06:01:19.498829+00:00,majestic,0.1200
domain,canva.com,2026-04-26T06:01:19.498829+00:00,majestic,0.1200
domain,canva.site,2026-04-26T06:01:19.498829+00:00,majestic,0.1200
domain,capgemini.com,2026-04-26T06:01:19.498829+00:00,majestic,0.1200
domain,capterra.com,2026-04-26T06:01:19.498829+00:00,majestic,0.1200
domain,caranddriver.com,2026-04-26T06:01:19.498829+00:00,majestic,0.1200
domain,cargocollective.com,2026-04-26T06:01:19.498829+00:00,majestic,0.1200
domain,carrd.co,2026-04-26T06:01:19.498829+00:00,majestic,0.1200
domain,case.edu,2026-04-26T06:01:19.498829+00:00,majestic,0.1200
domain,catchthemes.com,2026-04-26T06:01:19.498829+00:00,majestic,0.1200
domain,cato.org,2026-04-26T06:01:19.498829+00:00,majestic,0.1200
domain,cbc.ca,2026-04-26T06:01:19.498829+00:00,majestic,0.1200
domain,cbp.gov,2026-04-26T06:01:19.498829+00:00,majestic,0.1200
domain,cbs.com,2026-04-26T06:01:19.498829+00:00,majestic,0.1200
domain,cbslocal.com,2026-04-26T06:01:19.498829+00:00,majestic,0.1200
domain,cbsnews.com,2026-04-26T06:01:19.498829+00:00,majestic,0.1200
domain,cbssports.com,2026-04-26T06:01:19.498829+00:00,majestic,0.1200
domain,ccc.de,2026-04-26T06:01:19.498829+00:00,majestic,0.1200
domain,cctv.com,2026-04-26T06:01:19.498829+00:00,majestic,0.1200
domain,cdc.gov,2026-04-26T06:01:19.498829+00:00,majestic,0.1200
domain,cdn.shopify.com,2026-04-26T06:01:19.498829+00:00,majestic,0.1200
domain,cdninstagram.com,2026-04-26T06:01:19.498829+00:00,majestic,0.1200
domain,cell.com,2026-04-26T06:01:19.498829+00:00,majestic,0.1200
domain,census.gov,2026-04-26T06:01:19.498829+00:00,majestic,0.1200
domain,centos.org,2026-04-26T06:01:19.498829+00:00,majestic,0.1200
domain,cern.ch,2026-04-26T06:01:19.498829+00:00,majestic,0.1200
domain,cfr.org,2026-04-26T06:01:19.498829+00:00,majestic,0.1200
domain,change.org,2026-04-26T06:01:19.498829+00:00,majestic,0.1200
domain,channel4.com,2026-04-26T06:01:19.498829+00:00,majestic,0.1200
domain,channelnewsasia.com,2026-04-26T06:01:19.498829+00:00,majestic,0.1200
domain,chat.openai.com,2026-04-26T06:01:19.498829+00:00,majestic,0.1200
domain,chat.whatsapp.com,2026-04-26T06:01:19.498829+00:00,majestic,0.1200
domain,chatgpt.com,2026-04-26T06:01:19.498829+00:00,majestic,0.1200
domain,checkpoint.com,2026-04-26T06:01:19.498829+00:00,majestic,0.1200
domain,chicagotribune.com,2026-04-26T06:01:19.498829+00:00,majestic,0.1200
domain,china.com,2026-04-26T06:01:19.498829+00:00,majestic,0.1200
domain,china.com.cn,2026-04-26T06:01:19.498829+00:00,majestic,0.1200
domain,chinadaily.com.cn,2026-04-26T06:01:19.498829+00:00,majestic,0.1200
domain,chinanews.com,2026-04-26T06:01:19.498829+00:00,majestic,0.1200
domain,chinanews.com.cn,2026-04-26T06:01:19.498829+00:00,majestic,0.1200
domain,chinaz.com,2026-04-26T06:01:19.498829+00:00,majestic,0.1200
domain,chosun.com,2026-04-26T06:01:19.498829+00:00,majestic,0.1200
domain,chrome.com,2026-04-26T06:01:19.498829+00:00,majestic,0.1200
domain,chrome.google.com,2026-04-26T06:01:19.498829+00:00,majestic,0.1200
domain,chromium.org,2026-04-26T06:01:19.498829+00:00,majestic,0.1200
domain,chron.com,2026-04-26T06:01:19.498829+00:00,majestic,0.1200
domain,chronicle.com,2026-04-26T06:01:19.498829+00:00,majestic,0.1200
domain,chsi.com.cn,2026-04-26T06:01:19.498829+00:00,majestic,0.1200
domain,cia.gov,2026-04-26T06:01:19.498829+00:00,majestic,0.1200
domain,cio.com,2026-04-26T06:01:19.498829+00:00,majestic,0.1200
domain,cisa.gov,2026-04-26T06:01:19.498829+00:00,majestic,0.1200
domain,cisco.com,2026-04-26T06:01:19.498829+00:00,majestic,0.1200
domain,citrix.com,2026-04-26T06:01:19.498829+00:00,majestic,0.1200
domain,cjb.net,2026-04-26T06:01:19.498829+00:00,majestic,0.1200
domain,claude.ai,2026-04-26T06:01:19.498829+00:00,majestic,0.1200
domain,claude.com,2026-04-26T06:01:19.498829+00:00,majestic,0.1200
domain,clck.ru,2026-04-26T06:01:19.498829+00:00,majestic,0.1200
domain,clemson.edu,2026-04-26T06:01:19.498829+00:00,majestic,0.1200
domain,cleveland.com,2026-04-26T06:01:19.498829+00:00,majestic,0.1200
domain,clevelandclinic.org,2026-04-26T06:01:19.498829+00:00,majestic,0.1200
domain,clickup.com,2026-04-26T06:01:19.498829+00:00,majestic,0.1200
domain,clinicaltrials.gov,2026-04-26T06:01:19.498829+00:00,majestic,0.1200
domain,cloud.microsoft,2026-04-26T06:01:19.498829+00:00,majestic,0.1200
domain,cloudflare.com,2026-04-26T06:01:19.498829+00:00,majestic,0.1200
domain,cloudfront.net,2026-04-26T06:01:19.498829+00:00,majestic,0.1200
domain,cloudinary.com,2026-04-26T06:01:19.498829+00:00,majestic,0.1200
domain,cloudwaysapps.com,2026-04-26T06:01:19.498829+00:00,majestic,0.1200
domain,clutch.co,2026-04-26T06:01:19.498829+00:00,majestic,0.1200
domain,cms.gov,2026-04-26T06:01:19.498829+00:00,majestic,0.1200
domain,cmu.edu,2026-04-26T06:01:19.498829+00:00,majestic,0.1200
domain,cn.com,2026-04-26T06:01:19.498829+00:00,majestic,0.1200
domain,cnbc.com,2026-04-26T06:01:19.498829+00:00,majestic,0.1200
domain,cnblogs.com,2026-04-26T06:01:19.498829+00:00,majestic,0.1200
domain,cnet.com,2026-04-26T06:01:19.498829+00:00,majestic,0.1200
domain,cnil.fr,2026-04-26T06:01:19.498829+00:00,majestic,0.1200
domain,cnki.net,2026-04-26T06:01:19.498829+00:00,majestic,0.1200
domain,cnn.com,2026-04-26T06:01:19.498829+00:00,majestic,0.1200
domain,cnr.it,2026-04-26T06:01:19.498829+00:00,majestic,0.1200
domain,cnrs.fr,2026-04-26T06:01:19.498829+00:00,majestic,0.1200
domain,cntraveler.com,2026-04-26T06:01:19.498829+00:00,majestic,0.1200
domain,co.com,2026-04-26T06:01:19.498829+00:00,majestic,0.1200
domain,coca-cola.com,2026-04-26T06:01:19.498829+00:00,majestic,0.1200
domain,codeberg.org,2026-04-26T06:01:19.498829+00:00,majestic,0.1200
domain,codecademy.com,2026-04-26T06:01:19.498829+00:00,majestic,0.1200
domain,codecanyon.net,2026-04-26T06:01:19.498829+00:00,majestic,0.1200
domain,codepen.io,2026-04-26T06:01:19.498829+00:00,majestic,0.1200
domain,codeplex.com,2026-04-26T06:01:19.498829+00:00,majestic,0.1200
domain,coe.int,2026-04-26T06:01:19.498829+00:00,majestic,0.1200
domain,coinbase.com,2026-04-26T06:01:19.498829+00:00,majestic,0.1200
domain,coindesk.com,2026-04-26T06:01:19.498829+00:00,majestic,0.1200
domain,coinmarketcap.com,2026-04-26T06:01:19.498829+00:00,majestic,0.1200
domain,cointelegraph.com,2026-04-26T06:01:19.498829+00:00,majestic,0.1200
domain,colibriwp.com,2026-04-26T06:01:19.498829+00:00,majestic,0.1200
domain,collegeboard.org,2026-04-26T06:01:19.498829+00:00,majestic,0.1200
domain,collinsdictionary.com,2026-04-26T06:01:19.498829+00:00,majestic,0.1200
domain,colorado.edu,2026-04-26T06:01:19.498829+00:00,majestic,0.1200
domain,colorado.gov,2026-04-26T06:01:19.498829+00:00,majestic,0.1200
domain,colorlib.com,2026-04-26T06:01:19.498829+00:00,majestic,0.1200
domain,colostate.edu,2026-04-26T06:01:19.498829+00:00,majestic,0.1200
domain,columbia.edu,2026-04-26T06:01:19.498829+00:00,majestic,0.1200
domain,com.com,2026-04-26T06:01:19.498829+00:00,majestic,0.1200
domain,comcast.net,2026-04-26T06:01:19.498829+00:00,majestic,0.1200
domain,commons.wikimedia.org,2026-04-26T06:01:19.498829+00:00,majestic,0.1200
domain,complex.com,2026-04-26T06:01:19.498829+00:00,majestic,0.1200
domain,complianz.io,2026-04-26T06:01:19.498829+00:00,majestic,0.1200
domain,computerworld.com,2026-04-26T06:01:19.498829+00:00,majestic,0.1200
domain,congress.gov,2026-04-26T06:01:19.498829+00:00,majestic,0.1200
domain,connect.ok.ru,2026-04-26T06:01:19.498829+00:00,majestic,0.1200
domain,constantcontact.com,2026-04-26T06:01:19.498829+00:00,majestic,0.1200
domain,consultant.ru,2026-04-26T06:01:19.498829+00:00,majestic,0.1200
domain,consumerfinance.gov,2026-04-26T06:01:19.498829+00:00,majestic,0.1200
domain,consumerreports.org,2026-04-26T06:01:19.498829+00:00,majestic,0.1200
domain,cookieadmin.net,2026-04-26T06:01:19.498829+00:00,majestic,0.1200
domain,cookiebot.com,2026-04-26T06:01:19.498829+00:00,majestic,0.1200
domain,cookiedatabase.org,2026-04-26T06:01:19.498829+00:00,majestic,0.1200
domain,cookieyes.com,2026-04-26T06:01:19.498829+00:00,majestic,0.1200
domain,copyright.gov,2026-04-26T06:01:19.498829+00:00,majestic,0.1200
domain,core.ac.uk,2026-04-26T06:01:19.498829+00:00,majestic,0.1200
domain,cornell.edu,2026-04-26T06:01:19.498829+00:00,majestic,0.1200
domain,corriere.it,2026-04-26T06:01:19.498829+00:00,majestic,0.1200
domain,cosmopolitan.com,2026-04-26T06:01:19.498829+00:00,majestic,0.1200
domain,counterpane.com,2026-04-26T06:01:19.498829+00:00,majestic,0.1200
domain,coursera.org,2026-04-26T06:01:19.498829+00:00,majestic,0.1200
domain,cpan.org,2026-04-26T06:01:19.498829+00:00,majestic,0.1200
domain,cpanel.com,2026-04-26T06:01:19.498829+00:00,majestic,0.1200
domain,cpanel.net,2026-04-26T06:01:19.498829+00:00,majestic,0.1200
domain,cpsc.gov,2026-04-26T06:01:19.498829+00:00,majestic,0.1200
domain,craigslist.org,2026-04-26T06:01:19.498829+00:00,majestic,0.1200
domain,creativecommons.org,2026-04-26T06:01:19.498829+00:00,majestic,0.1200
domain,creativethemes.com,2026-04-26T06:01:19.498829+00:00,majestic,0.1200
domain,credly.com,2026-04-26T06:01:19.498829+00:00,majestic,0.1200
domain,cri.cn,2026-04-26T06:01:19.498829+00:00,majestic,0.1200
domain,cronolog.org,2026-04-26T06:01:19.498829+00:00,majestic,0.1200
domain,crunchbase.com,2026-04-26T06:01:19.498829+00:00,majestic,0.1200
domain,cryoutcreations.eu,2026-04-26T06:01:19.498829+00:00,majestic,0.1200
domain,csdn.net,2026-04-26T06:01:19.498829+00:00,majestic,0.1200
domain,csic.es,2026-04-26T06:01:19.498829+00:00,majestic,0.1200
domain,csiro.au,2026-04-26T06:01:19.498829+00:00,majestic,0.1200
domain,csis.org,2026-04-26T06:01:19.498829+00:00,majestic,0.1200
domain,csmonitor.com,2026-04-26T06:01:19.498829+00:00,majestic,0.1200
domain,css-tricks.com,2026-04-26T06:01:19.498829+00:00,majestic,0.1200
domain,ct.gov,2026-04-26T06:01:19.498829+00:00,majestic,0.1200
domain,ctfassets.net,2026-04-26T06:01:19.498829+00:00,majestic,0.1200
domain,ctvnews.ca,2026-04-26T06:01:19.498829+00:00,majestic,0.1200
domain,cuny.edu,2026-04-26T06:01:19.498829+00:00,majestic,0.1200
domain,curl.se,2026-04-26T06:01:19.498829+00:00,majestic,0.1200
domain,custhelp.com,2026-04-26T06:01:19.498829+00:00,majestic,0.1200
domain,cutt.ly,2026-04-26T06:01:19.498829+00:00,majestic,0.1200
domain,cve.org,2026-04-26T06:01:19.498829+00:00,majestic,0.1200
domain,cvent.com,2026-04-26T06:01:19.498829+00:00,majestic,0.1200
domain,cwi.nl,2026-04-26T06:01:19.498829+00:00,majestic,0.1200
domain,cygwin.com,2026-04-26T06:01:19.498829+00:00,majestic,0.1200
domain,dailymail.co.uk,2026-04-26T06:01:19.498829+00:00,majestic,0.1200
domain,dailymotion.com,2026-04-26T06:01:19.498829+00:00,majestic,0.1200
domain,dallasnews.com,2026-04-26T06:01:19.498829+00:00,majestic,0.1200
domain,daringfireball.net,2026-04-26T06:01:19.498829+00:00,majestic,0.1200
domain,dartmouth.edu,2026-04-26T06:01:19.498829+00:00,majestic,0.1200
domain,dataprivacyframework.gov,2026-04-26T06:01:19.498829+00:00,majestic,0.1200
domain,daum.net,2026-04-26T06:01:19.498829+00:00,majestic,0.1200
domain,de.com,2026-04-26T06:01:19.498829+00:00,majestic,0.1200
domain,de.wikipedia.org,2026-04-26T06:01:19.498829+00:00,majestic,0.1200
domain,deadline.com,2026-04-26T06:01:19.498829+00:00,majestic,0.1200
domain,debian.org,2026-04-26T06:01:19.498829+00:00,majestic,0.1200
domain,deepl.com,2026-04-26T06:01:19.498829+00:00,majestic,0.1200
domain,deepseek.com,2026-04-26T06:01:19.498829+00:00,majestic,0.1200
domain,deezer.com,2026-04-26T06:01:19.498829+00:00,majestic,0.1200
domain,defense.gov,2026-04-26T06:01:19.498829+00:00,majestic,0.1200
domain,degruyter.com,2026-04-26T06:01:19.498829+00:00,majestic,0.1200
domain,delicious.com,2026-04-26T06:01:19.498829+00:00,majestic,0.1200
domain,dell.com,2026-04-26T06:01:19.498829+00:00,majestic,0.1200
domain,deloitte.com,2026-04-26T06:01:19.498829+00:00,majestic,0.1200
domain,delta.com,2026-04-26T06:01:19.498829+00:00,majestic,0.1200
domain,demon.co.uk,2026-04-26T06:01:19.498829+00:00,majestic,0.1200
domain,denverpost.com,2026-04-26T06:01:19.498829+00:00,majestic,0.1200
domain,depositphotos.com,2026-04-26T06:01:19.498829+00:00,majestic,0.1200
domain,destatis.de,2026-04-26T06:01:19.498829+00:00,majestic,0.1200
domain,detroitnews.com,2026-04-26T06:01:19.498829+00:00,majestic,0.1200
domain,dev.to,2026-04-26T06:01:19.498829+00:00,majestic,0.1200
domain,deviantart.com,2026-04-26T06:01:19.498829+00:00,majestic,0.1200
domain,dezeen.com,2026-04-26T06:01:19.498829+00:00,majestic,0.1200
domain,dg-datenschutz.de,2026-04-26T06:01:19.498829+00:00,majestic,0.1200
domain,dhl.com,2026-04-26T06:01:19.498829+00:00,majestic,0.1200
domain,dhs.gov,2026-04-26T06:01:19.498829+00:00,majestic,0.1200
domain,diabetes.org,2026-04-26T06:01:19.498829+00:00,majestic,0.1200
domain,dictionary.com,2026-04-26T06:01:19.498829+00:00,majestic,0.1200
domain,digg.com,2026-04-26T06:01:19.498829+00:00,majestic,0.1200
domain,digital.com,2026-04-26T06:01:19.498829+00:00,majestic,0.1200
domain,digitaljournal.com,2026-04-26T06:01:19.498829+00:00,majestic,0.1200
domain,digitalocean.com,2026-04-26T06:01:19.498829+00:00,majestic,0.1200
domain,digitaloceanspaces.com,2026-04-26T06:01:19.498829+00:00,majestic,0.1200
domain,digitaltrends.com,2026-04-26T06:01:19.498829+00:00,majestic,0.1200
domain,diigo.com,2026-04-26T06:01:19.498829+00:00,majestic,0.1200
domain,directadmin.com,2026-04-26T06:01:19.498829+00:00,majestic,0.1200
domain,discogs.com,2026-04-26T06:01:19.498829+00:00,majestic,0.1200
domain,discord.com,2026-04-26T06:01:19.498829+00:00,majestic,0.1200
domain,discord.gg,2026-04-26T06:01:19.498829+00:00,majestic,0.1200
domain,discordapp.com,2026-04-26T06:01:19.498829+00:00,majestic,0.1200
domain,discovermagazine.com,2026-04-26T06:01:19.498829+00:00,majestic,0.1200
domain,discovery.com,2026-04-26T06:01:19.498829+00:00,majestic,0.1200
domain,disney.com,2026-04-26T06:01:19.498829+00:00,majestic,0.1200
domain,disneyplus.com,2026-04-26T06:01:19.498829+00:00,majestic,0.1200
domain,disqus.com,2026-04-26T06:01:19.498829+00:00,majestic,0.1200
domain,djangoproject.com,2026-04-26T06:01:19.498829+00:00,majestic,0.1200
domain,dji.com,2026-04-26T06:01:19.498829+00:00,majestic,0.1200
domain,dmca.com,2026-04-26T06:01:19.498829+00:00,majestic,0.1200
domain,dmoz.org,2026-04-26T06:01:19.498829+00:00,majestic,0.1200
domain,dnb.com,2026-04-26T06:01:19.498829+00:00,majestic,0.1200
domain,dnspod.cn,2026-04-26T06:01:19.498829+00:00,majestic,0.1200
domain,doaj.org,2026-04-26T06:01:19.498829+00:00,majestic,0.1200
domain,docker.com,2026-04-26T06:01:19.498829+00:00,majestic,0.1200
domain,docs.google.com,2026-04-26T06:01:19.498829+00:00,majestic,0.1200
domain,documentcloud.org,2026-04-26T06:01:19.498829+00:00,majestic,0.1200
domain,doi.org,2026-04-26T06:01:19.498829+00:00,majestic,0.1200
domain,dol.gov,2026-04-26T06:01:19.498829+00:00,majestic,0.1200
domain,domainmarket.com,2026-04-26T06:01:19.498829+00:00,majestic,0.1200
domain,domaintools.com,2026-04-26T06:01:19.498829+00:00,majestic,0.1200
domain,doodle.com,2026-04-26T06:01:19.498829+00:00,majestic,0.1200
domain,dot.gov,2026-04-26T06:01:19.498829+00:00,majestic,0.1200
domain,douban.com,2026-04-26T06:01:19.498829+00:00,majestic,0.1200
domain,doubleclick.net,2026-04-26T06:01:19.498829+00:00,majestic,0.1200
domain,douyin.com,2026-04-26T06:01:19.498829+00:00,majestic,0.1200
domain,doxygen.org,2026-04-26T06:01:19.498829+00:00,majestic,0.1200
domain,dp.ua,2026-04-26T06:01:19.498829+00:00,majestic,0.1200
domain,dpreview.com,2026-04-26T06:01:19.498829+00:00,majestic,0.1200
domain,draft.blogger.com,2026-04-26T06:01:19.498829+00:00,majestic,0.1200
domain,dreamhost.com,2026-04-26T06:01:19.498829+00:00,majestic,0.1200
domain,dreamstime.com,2026-04-26T06:01:19.498829+00:00,majestic,0.1200
domain,dribbble.com,2026-04-26T06:01:19.498829+00:00,majestic,0.1200
domain,drive.google.com,2026-04-26T06:01:19.498829+00:00,majestic,0.1200
domain,dropbox.com,2026-04-26T06:01:19.498829+00:00,majestic,0.1200
domain,dropboxusercontent.com,2026-04-26T06:01:19.498829+00:00,majestic,0.1200
domain,dropcatch.com,2026-04-26T06:01:19.498829+00:00,majestic,0.1200
domain,drugs.com,2026-04-26T06:01:19.498829+00:00,majestic,0.1200
domain,drupal.org,2026-04-26T06:01:19.498829+00:00,majestic,0.1200
domain,duckduckgo.com,2026-04-26T06:01:19.498829+00:00,majestic,0.1200
domain,duke.edu,2026-04-26T06:01:19.498829+00:00,majestic,0.1200
domain,duolingo.com,2026-04-26T06:01:19.498829+00:00,majestic,0.1200
domain,dw.com,2026-04-26T06:01:19.498829+00:00,majestic,0.1200
domain,dx.doi.org,2026-04-26T06:01:19.498829+00:00,majestic,0.1200
domain,dynadot.com,2026-04-26T06:01:19.498829+00:00,majestic,0.1200
domain,dyndns.org,2026-04-26T06:01:19.498829+00:00,majestic,0.1200
domain,dzen.ru,2026-04-26T06:01:19.498829+00:00,majestic,0.1200
domain,dzone.com,2026-04-26T06:01:19.498829+00:00,majestic,0.1200
domain,e-recht24.de,2026-04-26T06:01:19.498829+00:00,majestic,0.1200
domain,ea.com,2026-04-26T06:01:19.498829+00:00,majestic,0.1200
domain,earthlink.net,2026-04-26T06:01:19.498829+00:00,majestic,0.1200
domain,eastmoney.com,2026-04-26T06:01:19.498829+00:00,majestic,0.1200
domain,eater.com,2026-04-26T06:01:19.498829+00:00,majestic,0.1200
domain,eaton.com,2026-04-26T06:01:19.498829+00:00,majestic,0.1200
domain,ebay.co.uk,2026-04-26T06:01:19.498829+00:00,majestic,0.1200
domain,ebay.com,2026-04-26T06:01:19.498829+00:00,majestic,0.1200
domain,ebay.de,2026-04-26T06:01:19.498829+00:00,majestic,0.1200
domain,ebsco.com,2026-04-26T06:01:19.498829+00:00,majestic,0.1200
domain,ebscohost.com,2026-04-26T06:01:19.498829+00:00,majestic,0.1200
domain,ec-lyon.fr,2026-04-26T06:01:19.498829+00:00,majestic,0.1200
domain,ecfr.gov,2026-04-26T06:01:19.498829+00:00,majestic,0.1200
domain,eclipse.org,2026-04-26T06:01:19.498829+00:00,majestic,0.1200
domain,economictimes.com,2026-04-26T06:01:19.498829+00:00,majestic,0.1200
domain,economictimes.indiatimes.com,2026-04-26T06:01:19.498829+00:00,majestic,0.1200
domain,economist.com,2026-04-26T06:01:19.498829+00:00,majestic,0.1200
domain,ed.ac.uk,2026-04-26T06:01:19.498829+00:00,majestic,0.1200
domain,ed.gov,2026-04-26T06:01:19.498829+00:00,majestic,0.1200
domain,edublogs.org,2026-04-26T06:01:19.498829+00:00,majestic,0.1200
domain,edx.org,2026-04-26T06:01:19.498829+00:00,majestic,0.1200
domain,eeoc.gov,2026-04-26T06:01:19.498829+00:00,majestic,0.1200
domain,eepurl.com,2026-04-26T06:01:19.498829+00:00,majestic,0.1200
domain,eff.org,2026-04-26T06:01:19.498829+00:00,majestic,0.1200
domain,ehow.com,2026-04-26T06:01:19.498829+00:00,majestic,0.1200
domain,eia.gov,2026-04-26T06:01:19.498829+00:00,majestic,0.1200
domain,elastic.co,2026-04-26T06:01:19.498829+00:00,majestic,0.1200
domain,elegantthemes.com,2026-04-26T06:01:19.498829+00:00,majestic,0.1200
domain,elementor.com,2026-04-26T06:01:19.498829+00:00,majestic,0.1200
domain,elespanol.com,2026-04-26T06:01:19.498829+00:00,majestic,0.1200
domain,elle.com,2026-04-26T06:01:19.498829+00:00,majestic,0.1200
domain,elmundo.es,2026-04-26T06:01:19.498829+00:00,majestic,0.1200
domain,elpais.com,2026-04-26T06:01:19.498829+00:00,majestic,0.1200
domain,elsevier.com,2026-04-26T06:01:19.498829+00:00,majestic,0.1200
domain,emarketer.com,2026-04-26T06:01:19.498829+00:00,majestic,0.1200
domain,emerald.com,2026-04-26T06:01:19.498829+00:00,majestic,0.1200
domain,emojipedia.org,2026-04-26T06:01:19.498829+00:00,majestic,0.1200
domain,emory.edu,2026-04-26T06:01:19.498829+00:00,majestic,0.1200
domain,emptyhammock.com,2026-04-26T06:01:19.498829+00:00,majestic,0.1200
domain,en.wikipedia.org,2026-04-26T06:01:19.498829+00:00,majestic,0.1200
domain,en.wiktionary.org,2026-04-26T06:01:19.498829+00:00,majestic,0.1200
domain,enable-javascript.com,2026-04-26T06:01:19.498829+00:00,majestic,0.1200
domain,encyclopedia.com,2026-04-26T06:01:19.498829+00:00,majestic,0.1200
domain,energy.gov,2026-04-26T06:01:19.498829+00:00,majestic,0.1200
domain,energystar.gov,2026-04-26T06:01:19.498829+00:00,majestic,0.1200
domain,engadget.com,2026-04-26T06:01:19.498829+00:00,majestic,0.1200
domain,enlightenment.org,2026-04-26T06:01:19.498829+00:00,majestic,0.1200
domain,entrepreneur.com,2026-04-26T06:01:19.498829+00:00,majestic,0.1200
domain,envato.com,2026-04-26T06:01:19.498829+00:00,majestic,0.1200
domain,envato.market,2026-04-26T06:01:19.498829+00:00,majestic,0.1200
domain,envoyer.io,2026-04-26T06:01:19.498829+00:00,majestic,0.1200
domain,eonline.com,2026-04-26T06:01:19.498829+00:00,majestic,0.1200
domain,epa.gov,2026-04-26T06:01:19.498829+00:00,majestic,0.1200
domain,epfl.ch,2026-04-26T06:01:19.498829+00:00,majestic,0.1200
domain,epicgames.com,2026-04-26T06:01:19.498829+00:00,majestic,0.1200
domain,esa.int,2026-04-26T06:01:19.498829+00:00,majestic,0.1200
domain,eset.com,2026-04-26T06:01:19.498829+00:00,majestic,0.1200
domain,espn.com,2026-04-26T06:01:19.498829+00:00,majestic,0.1200
domain,esquire.com,2026-04-26T06:01:19.498829+00:00,majestic,0.1200
domain,esri.com,2026-04-26T06:01:19.498829+00:00,majestic,0.1200
domain,esteri.it,2026-04-26T06:01:19.498829+00:00,majestic,0.1200
domain,ethereum.org,2026-04-26T06:01:19.498829+00:00,majestic,0.1200
domain,ethz.ch,2026-04-26T06:01:19.498829+00:00,majestic,0.1200
domain,ets.org,2026-04-26T06:01:19.498829+00:00,majestic,0.1200
domain,etsy.com,2026-04-26T06:01:19.498829+00:00,majestic,0.1200
domain,eu.com,2026-04-26T06:01:19.498829+00:00,majestic,0.1200
domain,eu.org,2026-04-26T06:01:19.498829+00:00,majestic,0.1200
domain,euractiv.com,2026-04-26T06:01:19.498829+00:00,majestic,0.1200
domain,eurekalert.org,2026-04-26T06:01:19.498829+00:00,majestic,0.1200
domain,euronews.com,2026-04-26T06:01:19.498829+00:00,majestic,0.1200
domain,europa.eu,2026-04-26T06:01:19.498829+00:00,majestic,0.1200
domain,europepmc.org,2026-04-26T06:01:19.498829+00:00,majestic,0.1200
domain,eventbrite.co.uk,2026-04-26T06:01:19.498829+00:00,majestic,0.1200
domain,eventbrite.com,2026-04-26T06:01:19.498829+00:00,majestic,0.1200
domain,evernote.com,2026-04-26T06:01:19.498829+00:00,majestic,0.1200
domain,everydayhealth.com,2026-04-26T06:01:19.498829+00:00,majestic,0.1200
domain,ew.com,2026-04-26T06:01:19.498829+00:00,majestic,0.1200
domain,ewg.org,2026-04-26T06:01:19.498829+00:00,majestic,0.1200
domain,examiner.com,2026-04-26T06:01:19.498829+00:00,majestic,0.1200
domain,example.com,2026-04-26T06:01:19.498829+00:00,majestic,0.1200
domain,exblog.jp,2026-04-26T06:01:19.498829+00:00,majestic,0.1200
domain,expedia.com,2026-04-26T06:01:19.498829+00:00,majestic,0.1200
domain,experian.com,2026-04-26T06:01:19.498829+00:00,majestic,0.1200
domain,expireddomains.com,2026-04-26T06:01:19.498829+00:00,majestic,0.1200
domain,expiredwixdomain.com,2026-04-26T06:01:19.498829+00:00,majestic,0.1200
domain,express.co.uk,2026-04-26T06:01:19.498829+00:00,majestic,0.1200
domain,ey.com,2026-04-26T06:01:19.498829+00:00,majestic,0.1200
domain,f5.com,2026-04-26T06:01:19.498829+00:00,majestic,0.1200
domain,faa.gov,2026-04-26T06:01:19.498829+00:00,majestic,0.1200
domain,facebook.com,2026-04-26T06:01:19.498829+00:00,majestic,0.1200
domain,famethemes.com,2026-04-26T06:01:19.498829+00:00,majestic,0.1200
domain,fandom.com,2026-04-26T06:01:19.498829+00:00,majestic,0.1200
domain,fao.org,2026-04-26T06:01:19.498829+00:00,majestic,0.1200
domain,faqs.org,2026-04-26T06:01:19.498829+00:00,majestic,0.1200
domain,fas.org,2026-04-26T06:01:19.498829+00:00,majestic,0.1200
domain,fastcgi.com,2026-04-26T06:01:19.498829+00:00,majestic,0.1200
domain,fastcompany.com,2026-04-26T06:01:19.498829+00:00,majestic,0.1200
domain,fastpanel.direct,2026-04-26T06:01:19.498829+00:00,majestic,0.1200
domain,faz.net,2026-04-26T06:01:19.498829+00:00,majestic,0.1200
domain,fb.com,2026-04-26T06:01:19.498829+00:00,majestic,0.1200
domain,fb.me,2026-04-26T06:01:19.498829+00:00,majestic,0.1200
domain,fb.watch,2026-04-26T06:01:19.498829+00:00,majestic,0.1200
domain,fbcdn.net,2026-04-26T06:01:19.498829+00:00,majestic,0.1200
domain,fbi.gov,2026-04-26T06:01:19.498829+00:00,majestic,0.1200
domain,fc2.com,2026-04-26T06:01:19.498829+00:00,majestic,0.1200
domain,fca.org.uk,2026-04-26T06:01:19.498829+00:00,majestic,0.1200
domain,fcc.gov,2026-04-26T06:01:19.498829+00:00,majestic,0.1200
domain,fda.gov,2026-04-26T06:01:19.498829+00:00,majestic,0.1200
domain,federalregister.gov,2026-04-26T06:01:19.498829+00:00,majestic,0.1200
domain,federalreserve.gov,2026-04-26T06:01:19.498829+00:00,majestic,0.1200
domain,fedex.com,2026-04-26T06:01:19.498829+00:00,majestic,0.1200
domain,fedoraproject.org,2026-04-26T06:01:19.498829+00:00,majestic,0.1200
domain,feedburner.com,2026-04-26T06:01:19.498829+00:00,majestic,0.1200
domain,feedly.com,2026-04-26T06:01:19.498829+00:00,majestic,0.1200
domain,fema.gov,2026-04-26T06:01:19.498829+00:00,majestic,0.1200
domain,fifa.com,2026-04-26T06:01:19.498829+00:00,majestic,0.1200
domain,figma.com,2026-04-26T06:01:19.498829+00:00,majestic,0.1200
domain,filesusr.com,2026-04-26T06:01:19.498829+00:00,majestic,0.1200
domain,filezilla-project.org,2026-04-26T06:01:19.498829+00:00,majestic,0.1200
domain,financialexpress.com,2026-04-26T06:01:19.498829+00:00,majestic,0.1200
domain,financialpost.com,2026-04-26T06:01:19.498829+00:00,majestic,0.1200
domain,findlaw.com,2026-04-26T06:01:19.498829+00:00,majestic,0.1200
domain,firefox.com,2026-04-26T06:01:19.498829+00:00,majestic,0.1200
domain,fiverr.com,2026-04-26T06:01:19.498829+00:00,majestic,0.1200
domain,fivethirtyeight.com,2026-04-26T06:01:19.498829+00:00,majestic,0.1200
domain,fl.us,2026-04-26T06:01:19.498829+00:00,majestic,0.1200
domain,flaticon.com,2026-04-26T06:01:19.498829+00:00,majestic,0.1200
domain,flic.kr,2026-04-26T06:01:19.498829+00:00,majestic,0.1200
domain,flickr.com,2026-04-26T06:01:19.498829+00:00,majestic,0.1200
domain,flightradar24.com,2026-04-26T06:01:19.498829+00:00,majestic,0.1200
domain,flipboard.com,2026-04-26T06:01:19.498829+00:00,majestic,0.1200
domain,fliphtml5.com,2026-04-26T06:01:19.498829+00:00,majestic,0.1200
domain,flippingbook.com,2026-04-26T06:01:19.498829+00:00,majestic,0.1200
domain,flipsnack.com,2026-04-26T06:01:19.498829+00:00,majestic,0.1200
domain,focus.de,2026-04-26T06:01:19.498829+00:00,majestic,0.1200
domain,fontawesome.com,2026-04-26T06:01:19.498829+00:00,majestic,0.1200
domain,foodandwine.com,2026-04-26T06:01:19.498829+00:00,majestic,0.1200
domain,foodnetwork.com,2026-04-26T06:01:19.498829+00:00,majestic,0.1200
domain,fool.com,2026-04-26T06:01:19.498829+00:00,majestic,0.1200
domain,forbes.com,2026-04-26T06:01:19.498829+00:00,majestic,0.1200
domain,force.com,2026-04-26T06:01:19.498829+00:00,majestic,0.1200
domain,ford.com,2026-04-26T06:01:19.498829+00:00,majestic,0.1200
domain,foreignaffairs.com,2026-04-26T06:01:19.498829+00:00,majestic,0.1200
domain,foreignpolicy.com,2026-04-26T06:01:19.498829+00:00,majestic,0.1200
domain,forms.gle,2026-04-26T06:01:19.498829+00:00,majestic,0.1200
domain,formstack.com,2026-04-26T06:01:19.498829+00:00,majestic,0.1200
domain,formula1.com,2026-04-26T06:01:19.498829+00:00,majestic,0.1200
domain,forrester.com,2026-04-26T06:01:19.498829+00:00,majestic,0.1200
domain,fortinet.com,2026-04-26T06:01:19.498829+00:00,majestic,0.1200
domain,fortune.com,2026-04-26T06:01:19.498829+00:00,majestic,0.1200
domain,fortunebusinessinsights.com,2026-04-26T06:01:19.498829+00:00,majestic,0.1200
domain,fourseasons.com,2026-04-26T06:01:19.498829+00:00,majestic,0.1200
domain,foursquare.com,2026-04-26T06:01:19.498829+00:00,majestic,0.1200
domain,foxbusiness.com,2026-04-26T06:01:19.498829+00:00,majestic,0.1200
domain,foxnews.com,2026-04-26T06:01:19.498829+00:00,majestic,0.1200
domain,france24.com,2026-04-26T06:01:19.498829+00:00,majestic,0.1200
domain,franceinfo.fr,2026-04-26T06:01:19.498829+00:00,majestic,0.1200
domain,francetvinfo.fr,2026-04-26T06:01:19.498829+00:00,majestic,0.1200
domain,fraunhofer.de,2026-04-26T06:01:19.498829+00:00,majestic,0.1200
domain,free.fr,2026-04-26T06:01:19.498829+00:00,majestic,0.1200
domain,freebsd.org,2026-04-26T06:01:19.498829+00:00,majestic,0.1200
domain,freecodecamp.org,2026-04-26T06:01:19.498829+00:00,majestic,0.1200
domain,freedesktop.org,2026-04-26T06:01:19.498829+00:00,majestic,0.1200
domain,freep.com,2026-04-26T06:01:19.498829+00:00,majestic,0.1200
domain,freepik.com,2026-04-26T06:01:19.498829+00:00,majestic,0.1200
domain,freeprivacypolicy.com,2026-04-26T06:01:19.498829+00:00,majestic,0.1200
domain,freetds.org,2026-04-26T06:01:19.498829+00:00,majestic,0.1200
domain,freetype.org,2026-04-26T06:01:19.498829+00:00,majestic,0.1200
domain,freewebs.com,2026-04-26T06:01:19.498829+00:00,majestic,0.1200
domain,freshdesk.com,2026-04-26T06:01:19.498829+00:00,majestic,0.1200
domain,frontiersin.org,2026-04-26T06:01:19.498829+00:00,majestic,0.1200
domain,fsf.org,2026-04-26T06:01:19.498829+00:00,majestic,0.1200
domain,fsu.edu,2026-04-26T06:01:19.498829+00:00,majestic,0.1200
domain,ft.com,2026-04-26T06:01:19.498829+00:00,majestic,0.1200
domain,ftc.gov,2026-04-26T06:01:19.498829+00:00,majestic,0.1200
domain,fu-berlin.de,2026-04-26T06:01:19.498829+00:00,majestic,0.1200
domain,fujitsu.com,2026-04-26T06:01:19.498829+00:00,majestic,0.1200
domain,futurism.com,2026-04-26T06:01:19.498829+00:00,majestic,0.1200
domain,fws.gov,2026-04-26T06:01:19.498829+00:00,majestic,0.1200
domain,g.co,2026-04-26T06:01:19.498829+00:00,majestic,0.1200
domain,g.page,2026-04-26T06:01:19.498829+00:00,majestic,0.1200
domain,g2.com,2026-04-26T06:01:19.498829+00:00,majestic,0.1200
domain,gallup.com,2026-04-26T06:01:19.498829+00:00,majestic,0.1200
domain,gambleaware.org,2026-04-26T06:01:19.498829+00:00,majestic,0.1200
domain,gamblingcommission.gov.uk,2026-04-26T06:01:19.498829+00:00,majestic,0.1200
domain,gamespot.com,2026-04-26T06:01:19.498829+00:00,majestic,0.1200
domain,gamestop.com,2026-04-26T06:01:19.498829+00:00,majestic,0.1200
domain,gandi.net,2026-04-26T06:01:19.498829+00:00,majestic,0.1200
domain,gao.gov,2026-04-26T06:01:19.498829+00:00,majestic,0.1200
domain,garanteprivacy.it,2026-04-26T06:01:19.498829+00:00,majestic,0.1200
domain,garmin.com,2026-04-26T06:01:19.498829+00:00,majestic,0.1200
domain,gartner.com,2026-04-26T06:01:19.498829+00:00,majestic,0.1200
domain,gatech.edu,2026-04-26T06:01:19.498829+00:00,majestic,0.1200
domain,gb.net,2026-04-26T06:01:19.498829+00:00,majestic,0.1200
domain,gc.ca,2026-04-26T06:01:19.498829+00:00,majestic,0.1200
domain,gdpr-info.eu,2026-04-26T06:01:19.498829+00:00,majestic,0.1200
domain,ge.com,2026-04-26T06:01:19.498829+00:00,majestic,0.1200
domain,geeksforgeeks.org,2026-04-26T06:01:19.498829+00:00,majestic,0.1200
domain,gencat.cat,2026-04-26T06:01:19.498829+00:00,majestic,0.1200
domain,generatepress.com,2026-04-26T06:01:19.498829+00:00,majestic,0.1200
domain,genius.com,2026-04-26T06:01:19.498829+00:00,majestic,0.1200
domain,geo.io,2026-04-26T06:01:19.498829+00:00,majestic,0.1200
domain,geocities.com,2026-04-26T06:01:19.498829+00:00,majestic,0.1200
domain,geocities.jp,2026-04-26T06:01:19.498829+00:00,majestic,0.1200
domain,georgetown.edu,2026-04-26T06:01:19.498829+00:00,majestic,0.1200
domain,gesetze-im-internet.de,2026-04-26T06:01:19.498829+00:00,majestic,0.1200
domain,get.adobe.com,2026-04-26T06:01:19.498829+00:00,majestic,0.1200
domain,getbootstrap.com,2026-04-26T06:01:19.498829+00:00,majestic,0.1200
domain,getcomposer.org,2026-04-26T06:01:19.498829+00:00,majestic,0.1200
domain,getpocket.com,2026-04-26T06:01:19.498829+00:00,majestic,0.1200
domain,getty.edu,2026-04-26T06:01:19.498829+00:00,majestic,0.1200
domain,gettyimages.com,2026-04-26T06:01:19.498829+00:00,majestic,0.1200
domain,ghost.org,2026-04-26T06:01:19.498829+00:00,majestic,0.1200
domain,gimp.org,2026-04-26T06:01:19.498829+00:00,majestic,0.1200
domain,gingerall.com,2026-04-26T06:01:19.498829+00:00,majestic,0.1200
domain,giphy.com,2026-04-26T06:01:19.498829+00:00,majestic,0.1200
domain,git-scm.com,2026-04-26T06:01:19.498829+00:00,majestic,0.1200
domain,gitbook.io,2026-04-26T06:01:19.498829+00:00,majestic,0.1200
domain,gitea.com,2026-04-26T06:01:19.498829+00:00,majestic,0.1200
domain,gitea.io,2026-04-26T06:01:19.498829+00:00,majestic,0.1200
domain,gitee.com,2026-04-26T06:01:19.498829+00:00,majestic,0.1200
domain,github.blog,2026-04-26T06:01:19.498829+00:00,majestic,0.1200
domain,github.com,2026-04-26T06:01:19.498829+00:00,majestic,0.1200
domain,github.io,2026-04-26T06:01:19.498829+00:00,majestic,0.1200
domain,githubusercontent.com,2026-04-26T06:01:19.498829+00:00,majestic,0.1200
domain,gitlab.com,2026-04-26T06:01:19.498829+00:00,majestic,0.1200
domain,gitlab.io,2026-04-26T06:01:19.498829+00:00,majestic,0.1200
domain,gizmodo.com,2026-04-26T06:01:19.498829+00:00,majestic,0.1200
domain,gla.ac.uk,2026-04-26T06:01:19.498829+00:00,majestic,0.1200
domain,glassdoor.com,2026-04-26T06:01:19.498829+00:00,majestic,0.1200
domain,globalnews.ca,2026-04-26T06:01:19.498829+00:00,majestic,0.1200
domain,globaltimes.cn,2026-04-26T06:01:19.498829+00:00,majestic,0.1200
domain,globenewswire.com,2026-04-26T06:01:19.498829+00:00,majestic,0.1200
domain,globo.com,2026-04-26T06:01:19.498829+00:00,majestic,0.1200
domain,gmail.com,2026-04-26T06:01:19.498829+00:00,majestic,0.1200
domain,gmu.edu,2026-04-26T06:01:19.498829+00:00,majestic,0.1200
domain,gmw.cn,2026-04-26T06:01:19.498829+00:00,majestic,0.1200
domain,gnome.org,2026-04-26T06:01:19.498829+00:00,majestic,0.1200
domain,gnu.org,2026-04-26T06:01:19.498829+00:00,majestic,0.1200
domain,gnupg.org,2026-04-26T06:01:19.498829+00:00,majestic,0.1200
domain,go.com,2026-04-26T06:01:19.498829+00:00,majestic,0.1200
domain,go.dev,2026-04-26T06:01:19.498829+00:00,majestic,0.1200
domain,go.id,2026-04-26T06:01:19.498829+00:00,majestic,0.1200
domain,go.ke,2026-04-26T06:01:19.498829+00:00,majestic,0.1200
domain,go.kr,2026-04-26T06:01:19.498829+00:00,majestic,0.1200
domain,go.th,2026-04-26T06:01:19.498829+00:00,majestic,0.1200
domain,goal.com,2026-04-26T06:01:19.498829+00:00,majestic,0.1200
domain,gob.ar,2026-04-26T06:01:19.498829+00:00,majestic,0.1200
domain,gob.cl,2026-04-26T06:01:19.498829+00:00,majestic,0.1200
domain,gob.ec,2026-04-26T06:01:19.498829+00:00,majestic,0.1200
domain,gob.es,2026-04-26T06:01:19.498829+00:00,majestic,0.1200
domain,gob.mx,2026-04-26T06:01:19.498829+00:00,majestic,0.1200
domain,gob.pe,2026-04-26T06:01:19.498829+00:00,majestic,0.1200
domain,godaddy.com,2026-04-26T06:01:19.498829+00:00,majestic,0.1200
domain,godaddysites.com,2026-04-26T06:01:19.498829+00:00,majestic,0.1200
domain,goethe.de,2026-04-26T06:01:19.498829+00:00,majestic,0.1200
domain,gofundme.com,2026-04-26T06:01:19.498829+00:00,majestic,0.1200
domain,gohugo.io,2026-04-26T06:01:19.498829+00:00,majestic,0.1200
domain,golang.org,2026-04-26T06:01:19.498829+00:00,majestic,0.1200
domain,goldmansachs.com,2026-04-26T06:01:19.498829+00:00,majestic,0.1200
domain,golux.com,2026-04-26T06:01:19.498829+00:00,majestic,0.1200
domain,goo.gl,2026-04-26T06:01:19.498829+00:00,majestic,0.1200
domain,goo.ne.jp,2026-04-26T06:01:19.498829+00:00,majestic,0.1200
domain,goodhousekeeping.com,2026-04-26T06:01:19.498829+00:00,majestic,0.1200
domain,goodreads.com,2026-04-26T06:01:19.498829+00:00,majestic,0.1200
domain,google.at,2026-04-26T06:01:19.498829+00:00,majestic,0.1200
domain,google.be,2026-04-26T06:01:19.498829+00:00,majestic,0.1200
domain,google.ca,2026-04-26T06:01:19.498829+00:00,majestic,0.1200
domain,google.ch,2026-04-26T06:01:19.498829+00:00,majestic,0.1200
domain,google.cn,2026-04-26T06:01:19.498829+00:00,majestic,0.1200
domain,google.co.in,2026-04-26T06:01:19.498829+00:00,majestic,0.1200
domain,google.co.jp,2026-04-26T06:01:19.498829+00:00,majestic,0.1200
domain,google.co.th,2026-04-26T06:01:19.498829+00:00,majestic,0.1200
domain,google.co.uk,2026-04-26T06:01:19.498829+00:00,majestic,0.1200
domain,google.com,2026-04-26T06:01:19.498829+00:00,majestic,0.1200
domain,google.com.au,2026-04-26T06:01:19.498829+00:00,majestic,0.1200
domain,google.com.br,2026-04-26T06:01:19.498829+00:00,majestic,0.1200
domain,google.com.hk,2026-04-26T06:01:19.498829+00:00,majestic,0.1200
domain,google.com.mx,2026-04-26T06:01:19.498829+00:00,majestic,0.1200
domain,google.com.tr,2026-04-26T06:01:19.498829+00:00,majestic,0.1200
domain,google.com.tw,2026-04-26T06:01:19.498829+00:00,majestic,0.1200
domain,google.com.ua,2026-04-26T06:01:19.498829+00:00,majestic,0.1200
domain,google.de,2026-04-26T06:01:19.498829+00:00,majestic,0.1200
domain,google.es,2026-04-26T06:01:19.498829+00:00,majestic,0.1200
domain,google.fr,2026-04-26T06:01:19.498829+00:00,majestic,0.1200
domain,google.it,2026-04-26T06:01:19.498829+00:00,majestic,0.1200
domain,google.nl,2026-04-26T06:01:19.498829+00:00,majestic,0.1200
domain,google.pl,2026-04-26T06:01:19.498829+00:00,majestic,0.1200
domain,google.ru,2026-04-26T06:01:19.498829+00:00,majestic,0.1200
domain,google.se,2026-04-26T06:01:19.498829+00:00,majestic,0.1200
domain,googleadservices.com,2026-04-26T06:01:19.498829+00:00,majestic,0.1200
domain,googleapis.com,2026-04-26T06:01:19.498829+00:00,majestic,0.1200
domain,googleblog.com,2026-04-26T06:01:19.498829+00:00,majestic,0.1200
domain,googlepages.com,2026-04-26T06:01:19.498829+00:00,majestic,0.1200
domain,googletagmanager.com,2026-04-26T06:01:19.498829+00:00,majestic,0.1200
domain,googleusercontent.com,2026-04-26T06:01:19.498829+00:00,majestic,0.1200
domain,gotowebinar.com,2026-04-26T06:01:19.498829+00:00,majestic,0.1200
domain,gouv.fr,2026-04-26T06:01:19.498829+00:00,majestic,0.1200
domain,govdelivery.com,2026-04-26T06:01:19.498829+00:00,majestic,0.1200
domain,govinfo.gov,2026-04-26T06:01:19.498829+00:00,majestic,0.1200
domain,govt.nz,2026-04-26T06:01:19.498829+00:00,majestic,0.1200
domain,gpo.gov,2026-04-26T06:01:19.498829+00:00,majestic,0.1200
domain,gq.com,2026-04-26T06:01:19.498829+00:00,majestic,0.1200
domain,gr.com,2026-04-26T06:01:19.498829+00:00,majestic,0.1200
domain,grammarly.com,2026-04-26T06:01:19.498829+00:00,majestic,0.1200
domain,grandviewresearch.com,2026-04-26T06:01:19.498829+00:00,majestic,0.1200
domain,gravatar.com,2026-04-26T06:01:19.498829+00:00,majestic,0.1200
domain,greenend.org.uk,2026-04-26T06:01:19.498829+00:00,majestic,0.1200
domain,greenpeace.org,2026-04-26T06:01:19.498829+00:00,majestic,0.1200
domain,grigorik.com,2026-04-26T06:01:19.498829+00:00,majestic,0.1200
domain,gsmarena.com,2026-04-26T06:01:19.498829+00:00,majestic,0.1200
domain,gstatic.com,2026-04-26T06:01:19.498829+00:00,majestic,0.1200
domain,gsu.edu,2026-04-26T06:01:19.498829+00:00,majestic,0.1200
domain,guardian.co.uk,2026-04-26T06:01:19.498829+00:00,majestic,0.1200
domain,guinnessworldrecords.com,2026-04-26T06:01:19.498829+00:00,majestic,0.1200
domain,gulfnews.com,2026-04-26T06:01:19.498829+00:00,majestic,0.1200
domain,gumroad.com,2026-04-26T06:01:19.498829+00:00,majestic,0.1200
domain,gutenberg.org,2026-04-26T06:01:19.498829+00:00,majestic,0.1200
domain,gv.at,2026-04-26T06:01:19.498829+00:00,majestic,0.1200
domain,gwu.edu,2026-04-26T06:01:19.498829+00:00,majestic,0.1200
domain,gzip.org,2026-04-26T06:01:19.498829+00:00,majestic,0.1200
domain,haaretz.com,2026-04-26T06:01:19.498829+00:00,majestic,0.1200
domain,habr.com,2026-04-26T06:01:19.498829+00:00,majestic,0.1200
domain,hackaday.com,2026-04-26T06:01:19.498829+00:00,majestic,0.1200
domain,hackernoon.com,2026-04-26T06:01:19.498829+00:00,majestic,0.1200
domain,handelsblatt.com,2026-04-26T06:01:19.498829+00:00,majestic,0.1200
domain,handle.net,2026-04-26T06:01:19.498829+00:00,majestic,0.1200
domain,haproxy.com,2026-04-26T06:01:19.498829+00:00,majestic,0.1200
domain,haproxy.org,2026-04-26T06:01:19.498829+00:00,majestic,0.1200
domain,hardened-php.net,2026-04-26T06:01:19.498829+00:00,majestic,0.1200
domain,harpersbazaar.com,2026-04-26T06:01:19.498829+00:00,majestic,0.1200
domain,harvard.edu,2026-04-26T06:01:19.498829+00:00,majestic,0.1200
domain,hashicorp.com,2026-04-26T06:01:19.498829+00:00,majestic,0.1200
domain,hatena.ne.jp,2026-04-26T06:01:19.498829+00:00,majestic,0.1200
domain,hatenablog.com,2026-04-26T06:01:19.498829+00:00,majestic,0.1200
domain,haveibeenpwned.com,2026-04-26T06:01:19.498829+00:00,majestic,0.1200
domain,hawaii.edu,2026-04-26T06:01:19.498829+00:00,majestic,0.1200
domain,hawaii.gov,2026-04-26T06:01:19.498829+00:00,majestic,0.1200
domain,haxx.se,2026-04-26T06:01:19.498829+00:00,majestic,0.1200
domain,hbo.com,2026-04-26T06:01:19.498829+00:00,majestic,0.1200
domain,hbr.org,2026-04-26T06:01:19.498829+00:00,majestic,0.1200
domain,hbs.edu,2026-04-26T06:01:19.498829+00:00,majestic,0.1200
domain,hcaptcha.com,2026-04-26T06:01:19.498829+00:00,majestic,0.1200
domain,headspace.com,2026-04-26T06:01:19.498829+00:00,majestic,0.1200
domain,health.com,2026-04-26T06:01:19.498829+00:00,majestic,0.1200
domain,health.gov,2026-04-26T06:01:19.498829+00:00,majestic,0.1200
domain,healthline.com,2026-04-26T06:01:19.498829+00:00,majestic,0.1200
domain,heart.org,2026-04-26T06:01:19.498829+00:00,majestic,0.1200
domain,heise.de,2026-04-26T06:01:19.498829+00:00,majestic,0.1200
domain,helpguide.org,2026-04-26T06:01:19.498829+00:00,majestic,0.1200
domain,helsinki.fi,2026-04-26T06:01:19.498829+00:00,majestic,0.1200
domain,heritage.org,2026-04-26T06:01:19.498829+00:00,majestic,0.1200
domain,herokuapp.com,2026-04-26T06:01:19.498829+00:00,majestic,0.1200
domain,hetzner.com,2026-04-26T06:01:19.498829+00:00,majestic,0.1200
domain,hexun.com,2026-04-26T06:01:19.498829+00:00,majestic,0.1200
domain,heylink.me,2026-04-26T06:01:19.498829+00:00,majestic,0.1200
domain,heyzine.com,2026-04-26T06:01:19.498829+00:00,majestic,0.1200
domain,hgtv.com,2026-04-26T06:01:19.498829+00:00,majestic,0.1200
domain,hhs.gov,2026-04-26T06:01:19.498829+00:00,majestic,0.1200
domain,hilton.com,2026-04-26T06:01:19.498829+00:00,majestic,0.1200
domain,hindawi.com,2026-04-26T06:01:19.498829+00:00,majestic,0.1200
domain,hindustantimes.com,2026-04-26T06:01:19.498829+00:00,majestic,0.1200
domain,history.com,2026-04-26T06:01:19.498829+00:00,majestic,0.1200
domain,hku.hk,2026-04-26T06:01:19.498829+00:00,majestic,0.1200
domain,hm.com,2026-04-26T06:01:19.498829+00:00,majestic,0.1200
domain,hollywoodreporter.com,2026-04-26T06:01:19.498829+00:00,majestic,0.1200
domain,home.blog,2026-04-26T06:01:19.498829+00:00,majestic,0.1200
domain,homedepot.com,2026-04-26T06:01:19.498829+00:00,majestic,0.1200
domain,homestead.com,2026-04-26T06:01:19.498829+00:00,majestic,0.1200
domain,honeywell.com,2026-04-26T06:01:19.498829+00:00,majestic,0.1200
domain,hootsuite.com,2026-04-26T06:01:19.498829+00:00,majestic,0.1200
domain,hopkinsmedicine.org,2026-04-26T06:01:19.498829+00:00,majestic,0.1200
domain,hostinger.com,2026-04-26T06:01:19.498829+00:00,majestic,0.1200
domain,hostingersite.com,2026-04-26T06:01:19.498829+00:00,majestic,0.1200
domain,hotels.com,2026-04-26T06:01:19.498829+00:00,majestic,0.1200
domain,hotjar.com,2026-04-26T06:01:19.498829+00:00,majestic,0.1200
domain,house.gov,2026-04-26T06:01:19.498829+00:00,majestic,0.1200
domain,houzz.com,2026-04-26T06:01:19.498829+00:00,majestic,0.1200
domain,howstuffworks.com,2026-04-26T06:01:19.498829+00:00,majestic,0.1200
domain,howtogeek.com,2026-04-26T06:01:19.498829+00:00,majestic,0.1200
domain,hp.com,2026-04-26T06:01:19.498829+00:00,majestic,0.1200
domain,hpe.com,2026-04-26T06:01:19.498829+00:00,majestic,0.1200
domain,hrw.org,2026-04-26T06:01:19.498829+00:00,majestic,0.1200
domain,hse.gov.uk,2026-04-26T06:01:19.498829+00:00,majestic,0.1200
domain,hsforms.com,2026-04-26T06:01:19.498829+00:00,majestic,0.1200
domain,html5up.net,2026-04-26T06:01:19.498829+00:00,majestic,0.1200
domain,httpwg.org,2026-04-26T06:01:19.498829+00:00,majestic,0.1200
domain,hu-berlin.de,2026-04-26T06:01:19.498829+00:00,majestic,0.1200
domain,hu.net,2026-04-26T06:01:19.498829+00:00,majestic,0.1200
domain,huanqiu.com,2026-04-26T06:01:19.498829+00:00,majestic,0.1200
domain,huawei.com,2026-04-26T06:01:19.498829+00:00,majestic,0.1200
domain,hubpages.com,2026-04-26T06:01:19.498829+00:00,majestic,0.1200
domain,hubspot.com,2026-04-26T06:01:19.498829+00:00,majestic,0.1200
domain,hud.gov,2026-04-26T06:01:19.498829+00:00,majestic,0.1200
domain,huffingtonpost.co.uk,2026-04-26T06:01:19.498829+00:00,majestic,0.1200
domain,huffingtonpost.com,2026-04-26T06:01:19.498829+00:00,majestic,0.1200
domain,huffpost.com,2026-04-26T06:01:19.498829+00:00,majestic,0.1200
domain,hugedomains.com,2026-04-26T06:01:19.498829+00:00,majestic,0.1200
domain,huggingface.co,2026-04-26T06:01:19.498829+00:00,majestic,0.1200
domain,hulu.com,2026-04-26T06:01:19.498829+00:00,majestic,0.1200
domain,humbedooh.com,2026-04-26T06:01:19.498829+00:00,majestic,0.1200
domain,hwg.org,2026-04-26T06:01:19.498829+00:00,majestic,0.1200
domain,hyatt.com,2026-04-26T06:01:19.498829+00:00,majestic,0.1200
domain,i.pinimg.com,2026-04-26T06:01:19.498829+00:00,majestic,0.1200
domain,i0.wp.com,2026-04-26T06:01:19.498829+00:00,majestic,0.1200
domain,iaea.org,2026-04-26T06:01:19.498829+00:00,majestic,0.1200
domain,iana.org,2026-04-26T06:01:19.498829+00:00,majestic,0.1200
domain,iastate.edu,2026-04-26T06:01:19.498829+00:00,majestic,0.1200
domain,iata.org,2026-04-26T06:01:19.498829+00:00,majestic,0.1200
domain,ibb.co,2026-04-26T06:01:19.498829+00:00,majestic,0.1200
domain,ibiblio.org,2026-04-26T06:01:19.498829+00:00,majestic,0.1200
domain,ibm.com,2026-04-26T06:01:19.498829+00:00,majestic,0.1200
domain,ibtimes.co.uk,2026-04-26T06:01:19.498829+00:00,majestic,0.1200
domain,ibtimes.com,2026-04-26T06:01:19.498829+00:00,majestic,0.1200
domain,icann.org,2026-04-26T06:01:19.498829+00:00,majestic,0.1200
domain,icio.us,2026-04-26T06:01:19.498829+00:00,majestic,0.1200
domain,icloud.com,2026-04-26T06:01:19.498829+00:00,majestic,0.1200
domain,ico.org.uk,2026-04-26T06:01:19.498829+00:00,majestic,0.1200
domain,icondrawer.com,2026-04-26T06:01:19.498829+00:00,majestic,0.1200
domain,icrc.org,2026-04-26T06:01:19.498829+00:00,majestic,0.1200
domain,idc.com,2026-04-26T06:01:19.498829+00:00,majestic,0.1200
domain,iea.org,2026-04-26T06:01:19.498829+00:00,majestic,0.1200
domain,ieee.org,2026-04-26T06:01:19.498829+00:00,majestic,0.1200
domain,ietf.org,2026-04-26T06:01:19.498829+00:00,majestic,0.1200
domain,ifeng.com,2026-04-26T06:01:19.498829+00:00,majestic,0.1200
domain,ifixit.com,2026-04-26T06:01:19.498829+00:00,majestic,0.1200
domain,ign.com,2026-04-26T06:01:19.498829+00:00,majestic,0.1200
domain,igvita.com,2026-04-26T06:01:19.498829+00:00,majestic,0.1200
domain,iheart.com,2026-04-26T06:01:19.498829+00:00,majestic,0.1200
domain,ihg.com,2026-04-26T06:01:19.498829+00:00,majestic,0.1200
domain,ijg.org,2026-04-26T06:01:19.498829+00:00,majestic,0.1200
domain,ikea.com,2026-04-26T06:01:19.498829+00:00,majestic,0.1200
domain,illinois.edu,2026-04-26T06:01:19.498829+00:00,majestic,0.1200
domain,illinois.gov,2026-04-26T06:01:19.498829+00:00,majestic,0.1200
domain,ilo.org,2026-04-26T06:01:19.498829+00:00,majestic,0.1200
domain,ilsole24ore.com,2026-04-26T06:01:19.498829+00:00,majestic,0.1200
domain,imagemagick.com,2026-04-26T06:01:19.498829+00:00,majestic,0.1200
domain,imagemagick.org,2026-04-26T06:01:19.498829+00:00,majestic,0.1200
domain,imageshack.com,2026-04-26T06:01:19.498829+00:00,majestic,0.1200
domain,imageshack.us,2026-04-26T06:01:19.498829+00:00,majestic,0.1200
domain,imdb.com,2026-04-26T06:01:19.498829+00:00,majestic,0.1200
domain,imf.org,2026-04-26T06:01:19.498829+00:00,majestic,0.1200
domain,imgix.net,2026-04-26T06:01:19.498829+00:00,majestic,0.1200
domain,imgur.com,2026-04-26T06:01:19.498829+00:00,majestic,0.1200
domain,impact.com,2026-04-26T06:01:19.498829+00:00,majestic,0.1200
domain,imperial.ac.uk,2026-04-26T06:01:19.498829+00:00,majestic,0.1200
domain,impress.co.jp,2026-04-26T06:01:19.498829+00:00,majestic,0.1200
domain,in.gov,2026-04-26T06:01:19.498829+00:00,majestic,0.1200
domain,in.net,2026-04-26T06:01:19.498829+00:00,majestic,0.1200
domain,in.pinterest.com,2026-04-26T06:01:19.498829+00:00,majestic,0.1200
domain,in.th,2026-04-26T06:01:19.498829+00:00,majestic,0.1200
domain,in.ua,2026-04-26T06:01:19.498829+00:00,majestic,0.1200
domain,inc.com,2026-04-26T06:01:19.498829+00:00,majestic,0.1200
domain,indeed.com,2026-04-26T06:01:19.498829+00:00,majestic,0.1200
domain,independent.co.uk,2026-04-26T06:01:19.498829+00:00,majestic,0.1200
domain,independent.ie,2026-04-26T06:01:19.498829+00:00,majestic,0.1200
domain,indiana.edu,2026-04-26T06:01:19.498829+00:00,majestic,0.1200
domain,indianexpress.com,2026-04-26T06:01:19.498829+00:00,majestic,0.1200
domain,indiatimes.com,2026-04-26T06:01:19.498829+00:00,majestic,0.1200
domain,indiatoday.in,2026-04-26T06:01:19.498829+00:00,majestic,0.1200
domain,indiegogo.com,2026-04-26T06:01:19.498829+00:00,majestic,0.1200
domain,indiewire.com,2026-04-26T06:01:19.498829+00:00,majestic,0.1200
domain,info.pl,2026-04-26T06:01:19.498829+00:00,majestic,0.1200
domain,infobae.com,2026-04-26T06:01:19.498829+00:00,majestic,0.1200
domain,infogram.com,2026-04-26T06:01:19.498829+00:00,majestic,0.1200
domain,informationweek.com,2026-04-26T06:01:19.498829+00:00,majestic,0.1200
domain,informer.com,2026-04-26T06:01:19.498829+00:00,majestic,0.1200
domain,infoworld.com,2026-04-26T06:01:19.498829+00:00,majestic,0.1200
domain,ingentaconnect.com,2026-04-26T06:01:19.498829+00:00,majestic,0.1200
domain,inkscape.org,2026-04-26T06:01:19.498829+00:00,majestic,0.1200
domain,inquirer.com,2026-04-26T06:01:19.498829+00:00,majestic,0.1200
domain,inria.fr,2026-04-26T06:01:19.498829+00:00,majestic,0.1200
domain,insidehighered.com,2026-04-26T06:01:19.498829+00:00,majestic,0.1200
domain,insider.com,2026-04-26T06:01:19.498829+00:00,majestic,0.1200
domain,instagram.com,2026-04-26T06:01:19.498829+00:00,majestic,0.1200
domain,instapaper.com,2026-04-26T06:01:19.498829+00:00,majestic,0.1200
domain,instructables.com,2026-04-26T06:01:19.498829+00:00,majestic,0.1200
domain,instructure.com,2026-04-26T06:01:19.498829+00:00,majestic,0.1200
domain,intel.com,2026-04-26T06:01:19.498829+00:00,majestic,0.1200
domain,intensedebate.com,2026-04-26T06:01:19.498829+00:00,majestic,0.1200
domain,intercom.com,2026-04-26T06:01:19.498829+00:00,majestic,0.1200
domain,intuit.com,2026-04-26T06:01:19.498829+00:00,majestic,0.1200
domain,investing.com,2026-04-26T06:01:19.498829+00:00,majestic,0.1200
domain,investopedia.com,2026-04-26T06:01:19.498829+00:00,majestic,0.1200
domain,iom.int,2026-04-26T06:01:19.498829+00:00,majestic,0.1200
domain,ionos.de,2026-04-26T06:01:19.498829+00:00,majestic,0.1200
domain,iop.org,2026-04-26T06:01:19.498829+00:00,majestic,0.1200
domain,ipcc.ch,2026-04-26T06:01:19.498829+00:00,majestic,0.1200
domain,iplanet.com,2026-04-26T06:01:19.498829+00:00,majestic,0.1200
domain,ipsos.com,2026-04-26T06:01:19.498829+00:00,majestic,0.1200
domain,iqiyi.com,2026-04-26T06:01:19.498829+00:00,majestic,0.1200
domain,irishtimes.com,2026-04-26T06:01:19.498829+00:00,majestic,0.1200
domain,irs.gov,2026-04-26T06:01:19.498829+00:00,majestic,0.1200
domain,is.gd,2026-04-26T06:01:19.498829+00:00,majestic,0.1200
domain,isc.org,2026-04-26T06:01:19.498829+00:00,majestic,0.1200
domain,iso.ch,2026-04-26T06:01:19.498829+00:00,majestic,0.1200
domain,iso.org,2026-04-26T06:01:19.498829+00:00,majestic,0.1200
domain,ispconfig.org,2026-04-26T06:01:19.498829+00:00,majestic,0.1200
domain,issuu.com,2026-04-26T06:01:19.498829+00:00,majestic,0.1200
domain,istockphoto.com,2026-04-26T06:01:19.498829+00:00,majestic,0.1200
domain,it.com,2026-04-26T06:01:19.498829+00:00,majestic,0.1200
domain,itch.io,2026-04-26T06:01:19.498829+00:00,majestic,0.1200
domain,itu.int,2026-04-26T06:01:19.498829+00:00,majestic,0.1200
domain,itunes.apple.com,2026-04-26T06:01:19.498829+00:00,majestic,0.1200
domain,itv.com,2026-04-26T06:01:19.498829+00:00,majestic,0.1200
domain,iu.edu,2026-04-26T06:01:19.498829+00:00,majestic,0.1200
domain,iubenda.com,2026-04-26T06:01:19.498829+00:00,majestic,0.1200
domain,iucn.org,2026-04-26T06:01:19.498829+00:00,majestic,0.1200
domain,jamanetwork.com,2026-04-26T06:01:19.498829+00:00,majestic,0.1200
domain,japanpost.jp,2026-04-26T06:01:19.498829+00:00,majestic,0.1200
domain,japantimes.co.jp,2026-04-26T06:01:19.498829+00:00,majestic,0.1200
domain,java.com,2026-04-26T06:01:19.498829+00:00,majestic,0.1200
domain,java.net,2026-04-26T06:01:19.498829+00:00,majestic,0.1200
domain,jd.com,2026-04-26T06:01:19.498829+00:00,majestic,0.1200
domain,jetbrains.com,2026-04-26T06:01:19.498829+00:00,majestic,0.1200
domain,jetpack.wordpress.com,2026-04-26T06:01:19.498829+00:00,majestic,0.1200
domain,jhu.edu,2026-04-26T06:01:19.498829+00:00,majestic,0.1200
domain,jianshu.com,2026-04-26T06:01:19.498829+00:00,majestic,0.1200
domain,jiathis.com,2026-04-26T06:01:19.498829+00:00,majestic,0.1200
domain,jigsaw.w3.org,2026-04-26T06:01:19.498829+00:00,majestic,0.1200
domain,jimdo.com,2026-04-26T06:01:19.498829+00:00,majestic,0.1200
domain,jimdofree.com,2026-04-26T06:01:19.498829+00:00,majestic,0.1200
domain,jimdosite.com,2026-04-26T06:01:19.498829+00:00,majestic,0.1200
domain,jnj.com,2026-04-26T06:01:19.498829+00:00,majestic,0.1200
domain,join.chat,2026-04-26T06:01:19.498829+00:00,majestic,0.1200
domain,joinmastodon.org,2026-04-26T06:01:19.498829+00:00,majestic,0.1200
domain,jooble.org,2026-04-26T06:01:19.498829+00:00,majestic,0.1200
domain,joomla.org,2026-04-26T06:01:19.498829+00:00,majestic,0.1200
domain,jotform.com,2026-04-26T06:01:19.498829+00:00,majestic,0.1200
domain,jp.net,2026-04-26T06:01:19.498829+00:00,majestic,0.1200
domain,jpmorgan.com,2026-04-26T06:01:19.498829+00:00,majestic,0.1200
domain,jpn.com,2026-04-26T06:01:19.498829+00:00,majestic,0.1200
domain,jpost.com,2026-04-26T06:01:19.498829+00:00,majestic,0.1200
domain,jquery.com,2026-04-26T06:01:19.498829+00:00,majestic,0.1200
domain,jqueryui.com,2026-04-26T06:01:19.498829+00:00,majestic,0.1200
domain,js.org,2026-04-26T06:01:19.498829+00:00,majestic,0.1200
domain,jsonline.com,2026-04-26T06:01:19.498829+00:00,majestic,0.1200
domain,jst.go.jp,2026-04-26T06:01:19.498829+00:00,majestic,0.1200
domain,jstor.org,2026-04-26T06:01:19.498829+00:00,majestic,0.1200
domain,justgiving.com,2026-04-26T06:01:19.498829+00:00,majestic,0.1200
domain,justia.com,2026-04-26T06:01:19.498829+00:00,majestic,0.1200
domain,justice.gov,2026-04-26T06:01:19.498829+00:00,majestic,0.1200
domain,justpaste.it,2026-04-26T06:01:19.498829+00:00,majestic,0.1200
domain,kadencewp.com,2026-04-26T06:01:19.498829+00:00,majestic,0.1200
domain,kaggle.com,2026-04-26T06:01:19.498829+00:00,majestic,0.1200
domain,kakao.com,2026-04-26T06:01:19.498829+00:00,majestic,0.1200
domain,kaspersky.com,2026-04-26T06:01:19.498829+00:00,majestic,0.1200
domain,kcl.ac.uk,2026-04-26T06:01:19.498829+00:00,majestic,0.1200
domain,kde.org,2026-04-26T06:01:19.498829+00:00,majestic,0.1200
domain,kernel.org,2026-04-26T06:01:19.498829+00:00,majestic,0.1200
domain,kff.org,2026-04-26T06:01:19.498829+00:00,majestic,0.1200
domain,khanacademy.org,2026-04-26T06:01:19.498829+00:00,majestic,0.1200
domain,kickstarter.com,2026-04-26T06:01:19.498829+00:00,majestic,0.1200
domain,kidshealth.org,2026-04-26T06:01:19.498829+00:00,majestic,0.1200
domain,kiev.ua,2026-04-26T06:01:19.498829+00:00,majestic,0.1200
domain,kit.com,2026-04-26T06:01:19.498829+00:00,majestic,0.1200
domain,kit.edu,2026-04-26T06:01:19.498829+00:00,majestic,0.1200
domain,klarna.com,2026-04-26T06:01:19.498829+00:00,majestic,0.1200
domain,knowyourmeme.com,2026-04-26T06:01:19.498829+00:00,majestic,0.1200
domain,ko-fi.com,2026-04-26T06:01:19.498829+00:00,majestic,0.1200
domain,kobo.com,2026-04-26T06:01:19.498829+00:00,majestic,0.1200
domain,kommersant.ru,2026-04-26T06:01:19.498829+00:00,majestic,0.1200
domain,kotaku.com,2026-04-26T06:01:19.498829+00:00,majestic,0.1200
domain,kp.ru,2026-04-26T06:01:19.498829+00:00,majestic,0.1200
domain,kpmg.com,2026-04-26T06:01:19.498829+00:00,majestic,0.1200
domain,krakow.pl,2026-04-26T06:01:19.498829+00:00,majestic,0.1200
domain,kremlin.ru,2026-04-26T06:01:19.498829+00:00,majestic,0.1200
domain,kriesi.at,2026-04-26T06:01:19.498829+00:00,majestic,0.1200
domain,ku.dk,2026-04-26T06:01:19.498829+00:00,majestic,0.1200
domain,ku.edu,2026-04-26T06:01:19.498829+00:00,majestic,0.1200
domain,kubernetes.io,2026-04-26T06:01:19.498829+00:00,majestic,0.1200
domain,kuleuven.be,2026-04-26T06:01:19.498829+00:00,majestic,0.1200
domain,ky.gov,2026-04-26T06:01:19.498829+00:00,majestic,0.1200
domain,kyoto-u.ac.jp,2026-04-26T06:01:19.498829+00:00,majestic,0.1200
domain,l.ink,2026-04-26T06:01:19.498829+00:00,majestic,0.1200
domain,laracasts.com,2026-04-26T06:01:19.498829+00:00,majestic,0.1200
domain,laravel-news.com,2026-04-26T06:01:19.498829+00:00,majestic,0.1200
domain,laravel.com,2026-04-26T06:01:19.498829+00:00,majestic,0.1200
domain,last.fm,2026-04-26T06:01:19.498829+00:00,majestic,0.1200
domain,lastpass.com,2026-04-26T06:01:19.498829+00:00,majestic,0.1200
domain,latimes.com,2026-04-26T06:01:19.498829+00:00,majestic,0.1200
domain,launchpad.net,2026-04-26T06:01:19.498829+00:00,majestic,0.1200
domain,lavanguardia.com,2026-04-26T06:01:19.498829+00:00,majestic,0.1200
domain,lbl.gov,2026-04-26T06:01:19.498829+00:00,majestic,0.1200
domain,leadconnectorhq.com,2026-04-26T06:01:19.498829+00:00,majestic,0.1200
domain,leavenworth-net.com,2026-04-26T06:01:19.498829+00:00,majestic,0.1200
domain,leeds.ac.uk,2026-04-26T06:01:19.498829+00:00,majestic,0.1200
domain,lefigaro.fr,2026-04-26T06:01:19.498829+00:00,majestic,0.1200
domain,legacy.com,2026-04-26T06:01:19.498829+00:00,majestic,0.1200
domain,legislation.gov.uk,2026-04-26T06:01:19.498829+00:00,majestic,0.1200
domain,lego.com,2026-04-26T06:01:19.498829+00:00,majestic,0.1200
domain,lemonde.fr,2026-04-26T06:01:19.498829+00:00,majestic,0.1200
domain,lenovo.com,2026-04-26T06:01:19.498829+00:00,majestic,0.1200
domain,lenta.ru,2026-04-26T06:01:19.498829+00:00,majestic,0.1200
domain,leparisien.fr,2026-04-26T06:01:19.498829+00:00,majestic,0.1200
domain,lesechos.fr,2026-04-26T06:01:19.498829+00:00,majestic,0.1200
domain,letsencrypt.org,2026-04-26T06:01:19.498829+00:00,majestic,0.1200
domain,letterboxd.com,2026-04-26T06:01:19.498829+00:00,majestic,0.1200
domain,lexikon-betreuungsrecht.de,2026-04-26T06:01:19.498829+00:00,majestic,0.1200
domain,lexisnexis.com,2026-04-26T06:01:19.498829+00:00,majestic,0.1200
domain,lg.com,2026-04-26T06:01:19.498829+00:00,majestic,0.1200
domain,liberation.fr,2026-04-26T06:01:19.498829+00:00,majestic,0.1200
domain,libpng.org,2026-04-26T06:01:19.498829+00:00,majestic,0.1200
domain,libreoffice.org,2026-04-26T06:01:19.498829+00:00,majestic,0.1200
domain,libsyn.com,2026-04-26T06:01:19.498829+00:00,majestic,0.1200
domain,liebertpub.com,2026-04-26T06:01:19.498829+00:00,majestic,0.1200
domain,lifehack.org,2026-04-26T06:01:19.498829+00:00,majestic,0.1200
domain,lifehacker.com,2026-04-26T06:01:19.498829+00:00,majestic,0.1200
domain,lifewire.com,2026-04-26T06:01:19.498829+00:00,majestic,0.1200
domain,lin.ee,2026-04-26T06:01:19.498829+00:00,majestic,0.1200
domain,line.me,2026-04-26T06:01:19.498829+00:00,majestic,0.1200
domain,link.springer.com,2026-04-26T06:01:19.498829+00:00,majestic,0.1200
domain,linkedin.com,2026-04-26T06:01:19.498829+00:00,majestic,0.1200
domain,linklist.bio,2026-04-26T06:01:19.498829+00:00,majestic,0.1200
domain,linksynergy.com,2026-04-26T06:01:19.498829+00:00,majestic,0.1200
domain,linktr.ee,2026-04-26T06:01:19.498829+00:00,majestic,0.1200
domain,linuxfoundation.org,2026-04-26T06:01:19.498829+00:00,majestic,0.1200
domain,list-manage.com,2026-04-26T06:01:19.498829+00:00,majestic,0.1200
domain,list-manage1.com,2026-04-26T06:01:19.498829+00:00,majestic,0.1200
domain,liu.se,2026-04-26T06:01:19.498829+00:00,majestic,0.1200
domain,live.com,2026-04-26T06:01:19.498829+00:00,majestic,0.1200
domain,livechat.com,2026-04-26T06:01:19.498829+00:00,majestic,0.1200
domain,livechatinc.com,2026-04-26T06:01:19.498829+00:00,majestic,0.1200
domain,livedoor.jp,2026-04-26T06:01:19.498829+00:00,majestic,0.1200
domain,liveinternet.ru,2026-04-26T06:01:19.498829+00:00,majestic,0.1200
domain,livejournal.com,2026-04-26T06:01:19.498829+00:00,majestic,0.1200
domain,livemint.com,2026-04-26T06:01:19.498829+00:00,majestic,0.1200
domain,livescience.com,2026-04-26T06:01:19.498829+00:00,majestic,0.1200
domain,livestream.com,2026-04-26T06:01:19.498829+00:00,majestic,0.1200
domain,livestrong.com,2026-04-26T06:01:19.498829+00:00,majestic,0.1200
domain,lnk.to,2026-04-26T06:01:19.498829+00:00,majestic,0.1200
domain,lnkd.in,2026-04-26T06:01:19.498829+00:00,majestic,0.1200
domain,loc.gov,2026-04-26T06:01:19.498829+00:00,majestic,0.1200
domain,logitech.com,2026-04-26T06:01:19.498829+00:00,majestic,0.1200
domain,lonelyplanet.com,2026-04-26T06:01:19.498829+00:00,majestic,0.1200
domain,loom.com,2026-04-26T06:01:19.498829+00:00,majestic,0.1200
domain,lothar.com,2026-04-26T06:01:19.498829+00:00,majestic,0.1200
domain,louvre.fr,2026-04-26T06:01:19.498829+00:00,majestic,0.1200
domain,lovable.app,2026-04-26T06:01:19.498829+00:00,majestic,0.1200
domain,lowes.com,2026-04-26T06:01:19.498829+00:00,majestic,0.1200
domain,lse.ac.uk,2026-04-26T06:01:19.498829+00:00,majestic,0.1200
domain,lu.se,2026-04-26T06:01:19.498829+00:00,majestic,0.1200
domain,lua.org,2026-04-26T06:01:19.498829+00:00,majestic,0.1200
domain,lufthansa.com,2026-04-26T06:01:19.498829+00:00,majestic,0.1200
domain,lulu.com,2026-04-26T06:01:19.498829+00:00,majestic,0.1200
domain,lviv.ua,2026-04-26T06:01:19.498829+00:00,majestic,0.1200
domain,lww.com,2026-04-26T06:01:19.498829+00:00,majestic,0.1200
domain,lycos.com,2026-04-26T06:01:19.498829+00:00,majestic,0.1200
domain,m.facebook.com,2026-04-26T06:01:19.498829+00:00,majestic,0.1200
domain,m.me,2026-04-26T06:01:19.498829+00:00,majestic,0.1200
domain,mac.com,2026-04-26T06:01:19.498829+00:00,majestic,0.1200
domain,macromedia.com,2026-04-26T06:01:19.498829+00:00,majestic,0.1200
domain,macrumors.com,2026-04-26T06:01:19.498829+00:00,majestic,0.1200
domain,macworld.com,2026-04-26T06:01:19.498829+00:00,majestic,0.1200
domain,made-in-china.com,2026-04-26T06:01:19.498829+00:00,majestic,0.1200
domain,mail.ru,2026-04-26T06:01:19.498829+00:00,majestic,0.1200
domain,mailchi.mp,2026-04-26T06:01:19.498829+00:00,majestic,0.1200
domain,mailchimp.com,2026-04-26T06:01:19.498829+00:00,majestic,0.1200
domain,mailerlite.com,2026-04-26T06:01:19.498829+00:00,majestic,0.1200
domain,mailinabox.email,2026-04-26T06:01:19.498829+00:00,majestic,0.1200
domain,main.jp,2026-04-26T06:01:19.498829+00:00,majestic,0.1200
domain,maine.gov,2026-04-26T06:01:19.498829+00:00,majestic,0.1200
domain,mainichi.jp,2026-04-26T06:01:19.498829+00:00,majestic,0.1200
domain,makeuseof.com,2026-04-26T06:01:19.498829+00:00,majestic,0.1200
domain,malwarebytes.com,2026-04-26T06:01:19.498829+00:00,majestic,0.1200
domain,man7.org,2026-04-26T06:01:19.498829+00:00,majestic,0.1200
domain,manchester.ac.uk,2026-04-26T06:01:19.498829+00:00,majestic,0.1200
domain,mapquest.com,2026-04-26T06:01:19.498829+00:00,majestic,0.1200
domain,maps.app.goo.gl,2026-04-26T06:01:19.498829+00:00,majestic,0.1200
domain,maps.google.co.uk,2026-04-26T06:01:19.498829+00:00,majestic,0.1200
domain,maps.google.com,2026-04-26T06:01:19.498829+00:00,majestic,0.1200
domain,marca.com,2026-04-26T06:01:19.498829+00:00,majestic,0.1200
domain,mariadb.org,2026-04-26T06:01:19.498829+00:00,majestic,0.1200
domain,marketsandmarkets.com,2026-04-26T06:01:19.498829+00:00,majestic,0.1200
domain,marketwatch.com,2026-04-26T06:01:19.498829+00:00,majestic,0.1200
domain,marriott.com,2026-04-26T06:01:19.498829+00:00,majestic,0.1200
domain,marthastewart.com,2026-04-26T06:01:19.498829+00:00,majestic,0.1200
domain,marvel.com,2026-04-26T06:01:19.498829+00:00,majestic,0.1200
domain,maryland.gov,2026-04-26T06:01:19.498829+00:00,majestic,0.1200
domain,mashable.com,2026-04-26T06:01:19.498829+00:00,majestic,0.1200
domain,mass.gov,2026-04-26T06:01:19.498829+00:00,majestic,0.1200
domain,mastercard.com,2026-04-26T06:01:19.498829+00:00,majestic,0.1200
domain,mastodon.social,2026-04-26T06:01:19.498829+00:00,majestic,0.1200
domain,mathworks.com,2026-04-26T06:01:19.498829+00:00,majestic,0.1200
domain,matomo.org,2026-04-26T06:01:19.498829+00:00,majestic,0.1200
domain,mattel.com,2026-04-26T06:01:19.498829+00:00,majestic,0.1200
domain,matterport.com,2026-04-26T06:01:19.498829+00:00,majestic,0.1200
domain,max.ru,2026-04-26T06:01:19.498829+00:00,majestic,0.1200
domain,mayoclinic.org,2026-04-26T06:01:19.498829+00:00,majestic,0.1200
domain,mcafee.com,2026-04-26T06:01:19.498829+00:00,majestic,0.1200
domain,mcdonalds.com,2026-04-26T06:01:19.498829+00:00,majestic,0.1200
domain,mcgill.ca,2026-04-26T06:01:19.498829+00:00,majestic,0.1200
domain,mckinsey.com,2026-04-26T06:01:19.498829+00:00,majestic,0.1200
domain,mcusercontent.com,2026-04-26T06:01:19.498829+00:00,majestic,0.1200
domain,mdpi.com,2026-04-26T06:01:19.498829+00:00,majestic,0.1200
domain,mediafire.com,2026-04-26T06:01:19.498829+00:00,majestic,0.1200
domain,mediawiki.org,2026-04-26T06:01:19.498829+00:00,majestic,0.1200
domain,medicalnewstoday.com,2026-04-26T06:01:19.498829+00:00,majestic,0.1200
domain,medicalxpress.com,2026-04-26T06:01:19.498829+00:00,majestic,0.1200
domain,medicare.gov,2026-04-26T06:01:19.498829+00:00,majestic,0.1200
domain,medicinenet.com,2026-04-26T06:01:19.498829+00:00,majestic,0.1200
domain,medium.com,2026-04-26T06:01:19.498829+00:00,majestic,0.1200
domain,medlineplus.gov,2026-04-26T06:01:19.498829+00:00,majestic,0.1200
domain,medrxiv.org,2026-04-26T06:01:19.498829+00:00,majestic,0.1200
domain,medscape.com,2026-04-26T06:01:19.498829+00:00,majestic,0.1200
domain,meetup.com,2026-04-26T06:01:19.498829+00:00,majestic,0.1200
domain,mega.nz,2026-04-26T06:01:19.498829+00:00,majestic,0.1200
domain,memcached.org,2026-04-26T06:01:19.498829+00:00,majestic,0.1200
domain,menshealth.com,2026-04-26T06:01:19.498829+00:00,majestic,0.1200
domain,mentalfloss.com,2026-04-26T06:01:19.498829+00:00,majestic,0.1200
domain,mercedes-benz.com,2026-04-26T06:01:19.498829+00:00,majestic,0.1200
domain,mercurynews.com,2026-04-26T06:01:19.498829+00:00,majestic,0.1200
domain,merriam-webster.com,2026-04-26T06:01:19.498829+00:00,majestic,0.1200
domain,messefrankfurt.com,2026-04-26T06:01:19.498829+00:00,majestic,0.1200
domain,messenger.com,2026-04-26T06:01:19.498829+00:00,majestic,0.1200
domain,meta.com,2026-04-26T06:01:19.498829+00:00,majestic,0.1200
domain,metacritic.com,2026-04-26T06:01:19.498829+00:00,majestic,0.1200
domain,meti.go.jp,2026-04-26T06:01:19.498829+00:00,majestic,0.1200
domain,metmuseum.org,2026-04-26T06:01:19.498829+00:00,majestic,0.1200
domain,metro.co.uk,2026-04-26T06:01:19.498829+00:00,majestic,0.1200
domain,mex.com,2026-04-26T06:01:19.498829+00:00,majestic,0.1200
domain,mhlw.go.jp,2026-04-26T06:01:19.498829+00:00,majestic,0.1200
domain,mi.com,2026-04-26T06:01:19.498829+00:00,majestic,0.1200
domain,miami.edu,2026-04-26T06:01:19.498829+00:00,majestic,0.1200
domain,miamiherald.com,2026-04-26T06:01:19.498829+00:00,majestic,0.1200
domain,michelin.com,2026-04-26T06:01:19.498829+00:00,majestic,0.1200
domain,michigan.gov,2026-04-26T06:01:19.498829+00:00,majestic,0.1200
domain,microchip.com,2026-04-26T06:01:19.498829+00:00,majestic,0.1200
domain,microsoft.com,2026-04-26T06:01:19.498829+00:00,majestic,0.1200
domain,microsoftonline.com,2026-04-26T06:01:19.498829+00:00,majestic,0.1200
domain,midjourney.com,2026-04-26T06:01:19.498829+00:00,majestic,0.1200
domain,miibeian.gov.cn,2026-04-26T06:01:19.498829+00:00,majestic,0.1200
domain,miit.gov.cn,2026-04-26T06:01:19.498829+00:00,majestic,0.1200
domain,miitbeian.gov.cn,2026-04-26T06:01:19.498829+00:00,majestic,0.1200
domain,military.com,2026-04-26T06:01:19.498829+00:00,majestic,0.1200
domain,mimecast.com,2026-04-26T06:01:19.498829+00:00,majestic,0.1200
domain,minecraft.net,2026-04-26T06:01:19.498829+00:00,majestic,0.1200
domain,miro.com,2026-04-26T06:01:19.498829+00:00,majestic,0.1200
domain,mirror.co.uk,2026-04-26T06:01:19.498829+00:00,majestic,0.1200
domain,missouri.edu,2026-04-26T06:01:19.498829+00:00,majestic,0.1200
domain,mit.edu,2026-04-26T06:01:19.498829+00:00,majestic,0.1200
domain,mitre.org,2026-04-26T06:01:19.498829+00:00,majestic,0.1200
domain,mixcloud.com,2026-04-26T06:01:19.498829+00:00,majestic,0.1200
domain,mlb.com,2026-04-26T06:01:19.498829+00:00,majestic,0.1200
domain,mlit.go.jp,2026-04-26T06:01:19.498829+00:00,majestic,0.1200
domain,mlive.com,2026-04-26T06:01:19.498829+00:00,majestic,0.1200
domain,mn.gov,2026-04-26T06:01:19.498829+00:00,majestic,0.1200
domain,mn.us,2026-04-26T06:01:19.498829+00:00,majestic,0.1200
domain,mo.gov,2026-04-26T06:01:19.498829+00:00,majestic,0.1200
domain,mobirise.com,2026-04-26T06:01:19.498829+00:00,majestic,0.1200
domain,modsecurity.org,2026-04-26T06:01:19.498829+00:00,majestic,0.1200
domain,moe.gov.cn,2026-04-26T06:01:19.498829+00:00,majestic,0.1200
domain,mofa.go.jp,2026-04-26T06:01:19.498829+00:00,majestic,0.1200
domain,mofcom.gov.cn,2026-04-26T06:01:19.498829+00:00,majestic,0.1200
domain,moma.org,2026-04-26T06:01:19.498829+00:00,majestic,0.1200
domain,monash.edu,2026-04-26T06:01:19.498829+00:00,majestic,0.1200
domain,monday.com,2026-04-26T06:01:19.498829+00:00,majestic,0.1200
domain,mongodb.com,2026-04-26T06:01:19.498829+00:00,majestic,0.1200
domain,monster.com,2026-04-26T06:01:19.498829+00:00,majestic,0.1200
domain,moodle.com,2026-04-26T06:01:19.498829+00:00,majestic,0.1200
domain,moodle.org,2026-04-26T06:01:19.498829+00:00,majestic,0.1200
domain,mordorintelligence.com,2026-04-26T06:01:19.498829+00:00,majestic,0.1200
domain,morningstar.com,2026-04-26T06:01:19.498829+00:00,majestic,0.1200
domain,motherjones.com,2026-04-26T06:01:19.498829+00:00,majestic,0.1200
domain,motorola.com,2026-04-26T06:01:19.498829+00:00,majestic,0.1200
domain,moz.com,2026-04-26T06:01:19.498829+00:00,majestic,0.1200
domain,mozilla.com,2026-04-26T06:01:19.498829+00:00,majestic,0.1200
domain,mozilla.org,2026-04-26T06:01:19.498829+00:00,majestic,0.1200
domain,mp.weixin.qq.com,2026-04-26T06:01:19.498829+00:00,majestic,0.1200
domain,mpg.de,2026-04-26T06:01:19.498829+00:00,majestic,0.1200
domain,mps.gov.cn,2026-04-26T06:01:19.498829+00:00,majestic,0.1200
domain,ms.now,2026-04-26T06:01:19.498829+00:00,majestic,0.1200
domain,msdn.com,2026-04-26T06:01:19.498829+00:00,majestic,0.1200
domain,msk.ru,2026-04-26T06:01:19.498829+00:00,majestic,0.1200
domain,msn.com,2026-04-26T06:01:19.498829+00:00,majestic,0.1200
domain,msnbc.com,2026-04-26T06:01:19.498829+00:00,majestic,0.1200
domain,msu.edu,2026-04-26T06:01:19.498829+00:00,majestic,0.1200
domain,msu.ru,2026-04-26T06:01:19.498829+00:00,majestic,0.1200
domain,mtv.com,2026-04-26T06:01:19.498829+00:00,majestic,0.1200
domain,my.id,2026-04-26T06:01:19.498829+00:00,majestic,0.1200
domain,myanimelist.net,2026-04-26T06:01:19.498829+00:00,majestic,0.1200
domain,mynavi.jp,2026-04-26T06:01:19.498829+00:00,majestic,0.1200
domain,myportfolio.com,2026-04-26T06:01:19.498829+00:00,majestic,0.1200
domain,myshopify.com,2026-04-26T06:01:19.498829+00:00,majestic,0.1200
domain,myspace.com,2026-04-26T06:01:19.498829+00:00,majestic,0.1200
domain,mysql.com,2026-04-26T06:01:19.498829+00:00,majestic,0.1200
domain,mystrikingly.com,2026-04-26T06:01:19.498829+00:00,majestic,0.1200
domain,myworkdayjobs.com,2026-04-26T06:01:19.498829+00:00,majestic,0.1200
domain,namebright.com,2026-04-26T06:01:19.498829+00:00,majestic,0.1200
domain,namecheap.com,2026-04-26T06:01:19.498829+00:00,majestic,0.1200
domain,nami.org,2026-04-26T06:01:19.498829+00:00,majestic,0.1200
domain,nap.edu,2026-04-26T06:01:19.498829+00:00,majestic,0.1200
domain,narod.ru,2026-04-26T06:01:19.498829+00:00,majestic,0.1200
domain,nasa.gov,2026-04-26T06:01:19.498829+00:00,majestic,0.1200
domain,nasdaq.com,2026-04-26T06:01:19.498829+00:00,majestic,0.1200
domain,nationalacademies.org,2026-04-26T06:01:19.498829+00:00,majestic,0.1200
domain,nationalarchives.gov.uk,2026-04-26T06:01:19.498829+00:00,majestic,0.1200
domain,nationalgeographic.com,2026-04-26T06:01:19.498829+00:00,majestic,0.1200
domain,nationalgeographic.org,2026-04-26T06:01:19.498829+00:00,majestic,0.1200
domain,nationalpost.com,2026-04-26T06:01:19.498829+00:00,majestic,0.1200
domain,nationalreview.com,2026-04-26T06:01:19.498829+00:00,majestic,0.1200
domain,nato.int,2026-04-26T06:01:19.498829+00:00,majestic,0.1200
domain,nature.com,2026-04-26T06:01:19.498829+00:00,majestic,0.1200
domain,nature.org,2026-04-26T06:01:19.498829+00:00,majestic,0.1200
domain,naver.com,2026-04-26T06:01:19.498829+00:00,majestic,0.1200
domain,navy.mil,2026-04-26T06:01:19.498829+00:00,majestic,0.1200
domain,nba.com,2026-04-26T06:01:19.498829+00:00,majestic,0.1200
domain,nbc.com,2026-04-26T06:01:19.498829+00:00,majestic,0.1200
domain,nbcnews.com,2026-04-26T06:01:19.498829+00:00,majestic,0.1200
domain,nbcsports.com,2026-04-26T06:01:19.498829+00:00,majestic,0.1200
domain,nber.org,2026-04-26T06:01:19.498829+00:00,majestic,0.1200
domain,ncl.ac.uk,2026-04-26T06:01:19.498829+00:00,majestic,0.1200
domain,ncsu.edu,2026-04-26T06:01:19.498829+00:00,majestic,0.1200
domain,nd.edu,2026-04-26T06:01:19.498829+00:00,majestic,0.1200
domain,ndr.de,2026-04-26T06:01:19.498829+00:00,majestic,0.1200
domain,ndtv.com,2026-04-26T06:01:19.498829+00:00,majestic,0.1200
domain,neilpatel.com,2026-04-26T06:01:19.498829+00:00,majestic,0.1200
domain,nejm.org,2026-04-26T06:01:19.498829+00:00,majestic,0.1200
domain,neocities.org,2026-04-26T06:01:19.498829+00:00,majestic,0.1200
domain,nerdwallet.com,2026-04-26T06:01:19.498829+00:00,majestic,0.1200
domain,netdna-ssl.com,2026-04-26T06:01:19.498829+00:00,majestic,0.1200
domain,netflix.com,2026-04-26T06:01:19.498829+00:00,majestic,0.1200
domain,netlify.app,2026-04-26T06:01:19.498829+00:00,majestic,0.1200
domain,netperf.org,2026-04-26T06:01:19.498829+00:00,majestic,0.1200
domain,netscape.com,2026-04-26T06:01:19.498829+00:00,majestic,0.1200
domain,networkadvertising.org,2026-04-26T06:01:19.498829+00:00,majestic,0.1200
domain,networksolutions.com,2026-04-26T06:01:19.498829+00:00,majestic,0.1200
domain,newatlas.com,2026-04-26T06:01:19.498829+00:00,majestic,0.1200
domain,newegg.com,2026-04-26T06:01:19.498829+00:00,majestic,0.1200
domain,newrepublic.com,2026-04-26T06:01:19.498829+00:00,majestic,0.1200
domain,news-medical.net,2026-04-26T06:01:19.498829+00:00,majestic,0.1200
domain,news.cn,2026-04-26T06:01:19.498829+00:00,majestic,0.1200
domain,news.com.au,2026-04-26T06:01:19.498829+00:00,majestic,0.1200
domain,news.google.com,2026-04-26T06:01:19.498829+00:00,majestic,0.1200
domain,news24.com,2026-04-26T06:01:19.498829+00:00,majestic,0.1200
domain,newscientist.com,2026-04-26T06:01:19.498829+00:00,majestic,0.1200
domain,newsday.com,2026-04-26T06:01:19.498829+00:00,majestic,0.1200
domain,newstatesman.com,2026-04-26T06:01:19.498829+00:00,majestic,0.1200
domain,newsweek.com,2026-04-26T06:01:19.498829+00:00,majestic,0.1200
domain,newyorker.com,2026-04-26T06:01:19.498829+00:00,majestic,0.1200
domain,nextcloud.com,2026-04-26T06:01:19.498829+00:00,majestic,0.1200
domain,nfl.com,2026-04-26T06:01:19.498829+00:00,majestic,0.1200
domain,nfpa.org,2026-04-26T06:01:19.498829+00:00,majestic,0.1200
domain,nghttp2.org,2026-04-26T06:01:19.498829+00:00,majestic,0.1200
domain,nginx.com,2026-04-26T06:01:19.498829+00:00,majestic,0.1200
domain,nginx.org,2026-04-26T06:01:19.498829+00:00,majestic,0.1200
domain,nhk.or.jp,2026-04-26T06:01:19.498829+00:00,majestic,0.1200
domain,nhl.com,2026-04-26T06:01:19.498829+00:00,majestic,0.1200
domain,nhm.ac.uk,2026-04-26T06:01:19.498829+00:00,majestic,0.1200
domain,nhtsa.gov,2026-04-26T06:01:19.498829+00:00,majestic,0.1200
domain,nic.in,2026-04-26T06:01:19.498829+00:00,majestic,0.1200
domain,nice.org.uk,2026-04-26T06:01:19.498829+00:00,majestic,0.1200
domain,nicovideo.jp,2026-04-26T06:01:19.498829+00:00,majestic,0.1200
domain,nielsen.com,2026-04-26T06:01:19.498829+00:00,majestic,0.1200
domain,nifty.com,2026-04-26T06:01:19.498829+00:00,majestic,0.1200
domain,nih.gov,2026-04-26T06:01:19.498829+00:00,majestic,0.1200
domain,nike.com,2026-04-26T06:01:19.498829+00:00,majestic,0.1200
domain,nikkei.com,2026-04-26T06:01:19.498829+00:00,majestic,0.1200
domain,ning.com,2026-04-26T06:01:19.498829+00:00,majestic,0.1200
domain,nintendo.com,2026-04-26T06:01:19.498829+00:00,majestic,0.1200
domain,nist.gov,2026-04-26T06:01:19.498829+00:00,majestic,0.1200
domain,nj.com,2026-04-26T06:01:19.498829+00:00,majestic,0.1200
domain,nj.gov,2026-04-26T06:01:19.498829+00:00,majestic,0.1200
domain,nj.us,2026-04-26T06:01:19.498829+00:00,majestic,0.1200
domain,nla.gov.au,2026-04-26T06:01:19.498829+00:00,majestic,0.1200
domain,nme.com,2026-04-26T06:01:19.498829+00:00,majestic,0.1200
domain,nngroup.com,2026-04-26T06:01:19.498829+00:00,majestic,0.1200
domain,noaa.gov,2026-04-26T06:01:19.498829+00:00,majestic,0.1200
domain,nobelprize.org,2026-04-26T06:01:19.498829+00:00,majestic,0.1200
domain,nodejs.org,2026-04-26T06:01:19.498829+00:00,majestic,0.1200
domain,nokia.com,2026-04-26T06:01:19.498829+00:00,majestic,0.1200
domain,nordvpn.com,2026-04-26T06:01:19.498829+00:00,majestic,0.1200
domain,northeastern.edu,2026-04-26T06:01:19.498829+00:00,majestic,0.1200
domain,northwestern.edu,2026-04-26T06:01:19.498829+00:00,majestic,0.1200
domain,norton.com,2026-04-26T06:01:19.498829+00:00,majestic,0.1200
domain,note.com,2026-04-26T06:01:19.498829+00:00,majestic,0.1200
domain,notepad-plus-plus.org,2026-04-26T06:01:19.498829+00:00,majestic,0.1200
domain,notion.com,2026-04-26T06:01:19.498829+00:00,majestic,0.1200
domain,notion.site,2026-04-26T06:01:19.498829+00:00,majestic,0.1200
domain,notion.so,2026-04-26T06:01:19.498829+00:00,majestic,0.1200
domain,nottingham.ac.uk,2026-04-26T06:01:19.498829+00:00,majestic,0.1200
domain,novell.com,2026-04-26T06:01:19.498829+00:00,majestic,0.1200
domain,npmjs.com,2026-04-26T06:01:19.498829+00:00,majestic,0.1200
domain,npr.org,2026-04-26T06:01:19.498829+00:00,majestic,0.1200
domain,nps.gov,2026-04-26T06:01:19.498829+00:00,majestic,0.1200
domain,nrdc.org,2026-04-26T06:01:19.498829+00:00,majestic,0.1200
domain,nrw.de,2026-04-26T06:01:19.498829+00:00,majestic,0.1200
domain,nsf.gov,2026-04-26T06:01:19.498829+00:00,majestic,0.1200
domain,nsw.gov.au,2026-04-26T06:01:19.498829+00:00,majestic,0.1200
domain,ntp.org,2026-04-26T06:01:19.498829+00:00,majestic,0.1200
domain,ntu.edu.tw,2026-04-26T06:01:19.498829+00:00,majestic,0.1200
domain,nus.edu.sg,2026-04-26T06:01:19.498829+00:00,majestic,0.1200
domain,nvidia.com,2026-04-26T06:01:19.498829+00:00,majestic,0.1200
domain,ny.gov,2026-04-26T06:01:19.498829+00:00,majestic,0.1200
domain,ny.us,2026-04-26T06:01:19.498829+00:00,majestic,0.1200
domain,nyc.gov,2026-04-26T06:01:19.498829+00:00,majestic,0.1200
domain,nydailynews.com,2026-04-26T06:01:19.498829+00:00,majestic,0.1200
domain,nymag.com,2026-04-26T06:01:19.498829+00:00,majestic,0.1200
domain,nypl.org,2026-04-26T06:01:19.498829+00:00,majestic,0.1200
domain,nypost.com,2026-04-26T06:01:19.498829+00:00,majestic,0.1200
domain,nytimes.com,2026-04-26T06:01:19.498829+00:00,majestic,0.1200
domain,nyu.edu,2026-04-26T06:01:19.498829+00:00,majestic,0.1200
domain,nzherald.co.nz,2026-04-26T06:01:19.498829+00:00,majestic,0.1200
domain,nzz.ch,2026-04-26T06:01:19.498829+00:00,majestic,0.1200
domain,observer.com,2026-04-26T06:01:19.498829+00:00,majestic,0.1200
domain,obsproject.com,2026-04-26T06:01:19.498829+00:00,majestic,0.1200
domain,oclc.org,2026-04-26T06:01:19.498829+00:00,majestic,0.1200
domain,oculus.com,2026-04-26T06:01:19.498829+00:00,majestic,0.1200
domain,od.ua,2026-04-26T06:01:19.498829+00:00,majestic,0.1200
domain,odoo.com,2026-04-26T06:01:19.498829+00:00,majestic,0.1200
domain,oecd-ilibrary.org,2026-04-26T06:01:19.498829+00:00,majestic,0.1200
domain,oecd.org,2026-04-26T06:01:19.498829+00:00,majestic,0.1200
domain,office.com,2026-04-26T06:01:19.498829+00:00,majestic,0.1200
domain,office365.com,2026-04-26T06:01:19.498829+00:00,majestic,0.1200
domain,ohchr.org,2026-04-26T06:01:19.498829+00:00,majestic,0.1200
domain,ohio.gov,2026-04-26T06:01:19.498829+00:00,majestic,0.1200
domain,ok.ru,2026-04-26T06:01:19.498829+00:00,majestic,0.1200
domain,okta.com,2026-04-26T06:01:19.498829+00:00,majestic,0.1200
domain,olympic.org,2026-04-26T06:01:19.498829+00:00,majestic,0.1200
domain,olympics.com,2026-04-26T06:01:19.498829+00:00,majestic,0.1200
domain,on.ca,2026-04-26T06:01:19.498829+00:00,majestic,0.1200
domain,onamae.com,2026-04-26T06:01:19.498829+00:00,majestic,0.1200
domain,one.com,2026-04-26T06:01:19.498829+00:00,majestic,0.1200
domain,onelink.me,2026-04-26T06:01:19.498829+00:00,majestic,0.1200
domain,onlamp.com,2026-04-26T06:01:19.498829+00:00,majestic,0.1200
domain,ons.gov.uk,2026-04-26T06:01:19.498829+00:00,majestic,0.1200
domain,ontario.ca,2026-04-26T06:01:19.498829+00:00,majestic,0.1200
domain,opaque.net,2026-04-26T06:01:19.498829+00:00,majestic,0.1200
domain,open.spotify.com,2026-04-26T06:01:19.498829+00:00,majestic,0.1200
domain,openai.com,2026-04-26T06:01:19.498829+00:00,majestic,0.1200
domain,openedition.org,2026-04-26T06:01:19.498829+00:00,majestic,0.1200
domain,openldap.org,2026-04-26T06:01:19.498829+00:00,majestic,0.1200
domain,openlibrary.org,2026-04-26T06:01:19.498829+00:00,majestic,0.1200
domain,openoffice.org,2026-04-26T06:01:19.498829+00:00,majestic,0.1200
domain,opensea.io,2026-04-26T06:01:19.498829+00:00,majestic,0.1200
domain,opensource.org,2026-04-26T06:01:19.498829+00:00,majestic,0.1200
domain,openssl.org,2026-04-26T06:01:19.498829+00:00,majestic,0.1200
domain,openstreetmap.org,2026-04-26T06:01:19.498829+00:00,majestic,0.1200
domain,opensuse.org,2026-04-26T06:01:19.498829+00:00,majestic,0.1200
domain,opentable.com,2026-04-26T06:01:19.498829+00:00,majestic,0.1200
domain,opentext.com,2026-04-26T06:01:19.498829+00:00,majestic,0.1200
domain,opera.com,2026-04-26T06:01:19.498829+00:00,majestic,0.1200
domain,or.id,2026-04-26T06:01:19.498829+00:00,majestic,0.1200
domain,or.kr,2026-04-26T06:01:19.498829+00:00,majestic,0.1200
domain,or.th,2026-04-26T06:01:19.498829+00:00,majestic,0.1200
domain,or.us,2026-04-26T06:01:19.498829+00:00,majestic,0.1200
domain,ora.com,2026-04-26T06:01:19.498829+00:00,majestic,0.1200
domain,oracle.com,2026-04-26T06:01:19.498829+00:00,majestic,0.1200
domain,orcid.org,2026-04-26T06:01:19.498829+00:00,majestic,0.1200
domain,oregon.gov,2026-04-26T06:01:19.498829+00:00,majestic,0.1200
domain,oregonlive.com,2026-04-26T06:01:19.498829+00:00,majestic,0.1200
domain,oregonstate.edu,2026-04-26T06:01:19.498829+00:00,majestic,0.1200
domain,oreilly.com,2026-04-26T06:01:19.498829+00:00,majestic,0.1200
domain,orf.at,2026-04-26T06:01:19.498829+00:00,majestic,0.1200
domain,osf.io,2026-04-26T06:01:19.498829+00:00,majestic,0.1200
domain,osha.gov,2026-04-26T06:01:19.498829+00:00,majestic,0.1200
domain,osu.edu,2026-04-26T06:01:19.498829+00:00,majestic,0.1200
domain,ouest-france.fr,2026-04-26T06:01:19.498829+00:00,majestic,0.1200
domain,oup.com,2026-04-26T06:01:19.498829+00:00,majestic,0.1200
domain,ourworldindata.org,2026-04-26T06:01:19.498829+00:00,majestic,0.1200
domain,outlook.com,2026-04-26T06:01:19.498829+00:00,majestic,0.1200
domain,outlook.live.com,2026-04-26T06:01:19.498829+00:00,majestic,0.1200
domain,outlook.office.com,2026-04-26T06:01:19.498829+00:00,majestic,0.1200
domain,outlookindia.com,2026-04-26T06:01:19.498829+00:00,majestic,0.1200
domain,outsideonline.com,2026-04-26T06:01:19.498829+00:00,majestic,0.1200
domain,over-blog.com,2026-04-26T06:01:19.498829+00:00,majestic,0.1200
domain,ovh.com,2026-04-26T06:01:19.498829+00:00,majestic,0.1200
domain,ovhcloud.com,2026-04-26T06:01:19.498829+00:00,majestic,0.1200
domain,ow.ly,2026-04-26T06:01:19.498829+00:00,majestic,0.1200
domain,owasp.org,2026-04-26T06:01:19.498829+00:00,majestic,0.1200
domain,ox.ac.uk,2026-04-26T06:01:19.498829+00:00,majestic,0.1200
domain,oxfordjournals.org,2026-04-26T06:01:19.498829+00:00,majestic,0.1200
domain,ozon.ru,2026-04-26T06:01:19.498829+00:00,majestic,0.1200
domain,pa.gov,2026-04-26T06:01:19.498829+00:00,majestic,0.1200
domain,pa.us,2026-04-26T06:01:19.498829+00:00,majestic,0.1200
domain,packagist.org,2026-04-26T06:01:19.498829+00:00,majestic,0.1200
domain,padlet.com,2026-04-26T06:01:19.498829+00:00,majestic,0.1200
domain,page.link,2026-04-26T06:01:19.498829+00:00,majestic,0.1200
domain,pages.dev,2026-04-26T06:01:19.498829+00:00,majestic,0.1200
domain,pagespeed.web.dev,2026-04-26T06:01:19.498829+00:00,majestic,0.1200
domain,paho.org,2026-04-26T06:01:19.498829+00:00,majestic,0.1200
domain,panasonic.com,2026-04-26T06:01:19.498829+00:00,majestic,0.1200
domain,panda.org,2026-04-26T06:01:19.498829+00:00,majestic,0.1200
domain,pandora.com,2026-04-26T06:01:19.498829+00:00,majestic,0.1200
domain,pantheonsite.io,2026-04-26T06:01:19.498829+00:00,majestic,0.1200
domain,parallels.com,2026-04-26T06:01:19.498829+00:00,majestic,0.1200
domain,parents.com,2026-04-26T06:01:19.498829+00:00,majestic,0.1200
domain,paris.fr,2026-04-26T06:01:19.498829+00:00,majestic,0.1200
domain,pastebin.com,2026-04-26T06:01:19.498829+00:00,majestic,0.1200
domain,patch.com,2026-04-26T06:01:19.498829+00:00,majestic,0.1200
domain,patreon.com,2026-04-26T06:01:19.498829+00:00,majestic,0.1200
domain,paypal.com,2026-04-26T06:01:19.498829+00:00,majestic,0.1200
domain,paypal.me,2026-04-26T06:01:19.498829+00:00,majestic,0.1200
domain,pbase.com,2026-04-26T06:01:19.498829+00:00,majestic,0.1200
domain,pbs.org,2026-04-26T06:01:19.498829+00:00,majestic,0.1200
domain,pbs.twimg.com,2026-04-26T06:01:19.498829+00:00,majestic,0.1200
domain,pcgamer.com,2026-04-26T06:01:19.498829+00:00,majestic,0.1200
domain,pcmag.com,2026-04-26T06:01:19.498829+00:00,majestic,0.1200
domain,pcre.org,2026-04-26T06:01:19.498829+00:00,majestic,0.1200
domain,pcworld.com,2026-04-26T06:01:19.498829+00:00,majestic,0.1200
domain,pdflib.com,2026-04-26T06:01:19.498829+00:00,majestic,0.1200
domain,pearltrees.com,2026-04-26T06:01:19.498829+00:00,majestic,0.1200
domain,pearson.com,2026-04-26T06:01:19.498829+00:00,majestic,0.1200
domain,peatix.com,2026-04-26T06:01:19.498829+00:00,majestic,0.1200
domain,penguinrandomhouse.com,2026-04-26T06:01:19.498829+00:00,majestic,0.1200
domain,people.cn,2026-04-26T06:01:19.498829+00:00,majestic,0.1200
domain,people.com,2026-04-26T06:01:19.498829+00:00,majestic,0.1200
domain,people.com.cn,2026-04-26T06:01:19.498829+00:00,majestic,0.1200
domain,perfectdomain.com,2026-04-26T06:01:19.498829+00:00,majestic,0.1200
domain,perl.com,2026-04-26T06:01:19.498829+00:00,majestic,0.1200
domain,perl.org,2026-04-26T06:01:19.498829+00:00,majestic,0.1200
domain,perplexity.ai,2026-04-26T06:01:19.498829+00:00,majestic,0.1200
domain,pewresearch.org,2026-04-26T06:01:19.498829+00:00,majestic,0.1200
domain,pexels.com,2026-04-26T06:01:19.498829+00:00,majestic,0.1200
domain,philips.com,2026-04-26T06:01:19.498829+00:00,majestic,0.1200
domain,photobucket.com,2026-04-26T06:01:19.498829+00:00,majestic,0.1200
domain,photos.app.goo.gl,2026-04-26T06:01:19.498829+00:00,majestic,0.1200
domain,php.net,2026-04-26T06:01:19.498829+00:00,majestic,0.1200
domain,phpbb.com,2026-04-26T06:01:19.498829+00:00,majestic,0.1200
domain,phpmyadmin.net,2026-04-26T06:01:19.498829+00:00,majestic,0.1200
domain,phys.org,2026-04-26T06:01:19.498829+00:00,majestic,0.1200
domain,picasaweb.google.com,2026-04-26T06:01:19.498829+00:00,majestic,0.1200
domain,pin.it,2026-04-26T06:01:19.498829+00:00,majestic,0.1200
domain,pingdom.com,2026-04-26T06:01:19.498829+00:00,majestic,0.1200
domain,pinimg.com,2026-04-26T06:01:19.498829+00:00,majestic,0.1200
domain,pinterest.co.uk,2026-04-26T06:01:19.498829+00:00,majestic,0.1200
domain,pinterest.com,2026-04-26T06:01:19.498829+00:00,majestic,0.1200
domain,pinterest.de,2026-04-26T06:01:19.498829+00:00,majestic,0.1200
domain,pitchfork.com,2026-04-26T06:01:19.498829+00:00,majestic,0.1200
domain,pitt.edu,2026-04-26T06:01:19.498829+00:00,majestic,0.1200
domain,pixabay.com,2026-04-26T06:01:19.498829+00:00,majestic,0.1200
domain,pku.edu.cn,2026-04-26T06:01:19.498829+00:00,majestic,0.1200
domain,pl.wikipedia.org,2026-04-26T06:01:19.498829+00:00,majestic,0.1200
domain,planalto.gov.br,2026-04-26T06:01:19.498829+00:00,majestic,0.1200
domain,play.google.com,2026-04-26T06:01:19.498829+00:00,majestic,0.1200
domain,player.vimeo.com,2026-04-26T06:01:19.498829+00:00,majestic,0.1200
domain,playstation.com,2026-04-26T06:01:19.498829+00:00,majestic,0.1200
domain,plesk.com,2026-04-26T06:01:19.498829+00:00,majestic,0.1200
domain,plos.org,2026-04-26T06:01:19.498829+00:00,majestic,0.1200
domain,plus.google.com,2026-04-26T06:01:19.498829+00:00,majestic,0.1200
domain,pnas.org,2026-04-26T06:01:19.498829+00:00,majestic,0.1200
domain,podbean.com,2026-04-26T06:01:19.498829+00:00,majestic,0.1200
domain,podcasts.apple.com,2026-04-26T06:01:19.498829+00:00,majestic,0.1200
domain,poetryfoundation.org,2026-04-26T06:01:19.498829+00:00,majestic,0.1200
domain,policies.google.com,2026-04-26T06:01:19.498829+00:00,majestic,0.1200
domain,politico.com,2026-04-26T06:01:19.498829+00:00,majestic,0.1200
domain,politico.eu,2026-04-26T06:01:19.498829+00:00,majestic,0.1200
domain,polygon.com,2026-04-26T06:01:19.498829+00:00,majestic,0.1200
domain,popsci.com,2026-04-26T06:01:19.498829+00:00,majestic,0.1200
domain,popsugar.com,2026-04-26T06:01:19.498829+00:00,majestic,0.1200
domain,popularmechanics.com,2026-04-26T06:01:19.498829+00:00,majestic,0.1200
domain,porsche.com,2026-04-26T06:01:19.498829+00:00,majestic,0.1200
domain,post-gazette.com,2026-04-26T06:01:19.498829+00:00,majestic,0.1200
domain,postgresql.org,2026-04-26T06:01:19.498829+00:00,majestic,0.1200
domain,postimg.cc,2026-04-26T06:01:19.498829+00:00,majestic,0.1200
domain,postman.com,2026-04-26T06:01:19.498829+00:00,majestic,0.1200
domain,powerbi.com,2026-04-26T06:01:19.498829+00:00,majestic,0.1200
domain,poynter.org,2026-04-26T06:01:19.498829+00:00,majestic,0.1200
domain,pp.ua,2026-04-26T06:01:19.498829+00:00,majestic,0.1200
domain,pressreader.com,2026-04-26T06:01:19.498829+00:00,majestic,0.1200
domain,prestashop.com,2026-04-26T06:01:19.498829+00:00,majestic,0.1200
domain,prezi.com,2026-04-26T06:01:19.498829+00:00,majestic,0.1200
domain,primevideo.com,2026-04-26T06:01:19.498829+00:00,majestic,0.1200
domain,princeton.edu,2026-04-26T06:01:19.498829+00:00,majestic,0.1200
domain,privacyshield.gov,2026-04-26T06:01:19.498829+00:00,majestic,0.1200
domain,prnewswire.com,2026-04-26T06:01:19.498829+00:00,majestic,0.1200
domain,producthunt.com,2026-04-26T06:01:19.498829+00:00,majestic,0.1200
domain,proofpoint.com,2026-04-26T06:01:19.498829+00:00,majestic,0.1200
domain,propublica.org,2026-04-26T06:01:19.498829+00:00,majestic,0.1200
domain,proquest.com,2026-04-26T06:01:19.498829+00:00,majestic,0.1200
domain,proton.me,2026-04-26T06:01:19.498829+00:00,majestic,0.1200
domain,provenexpert.com,2026-04-26T06:01:19.498829+00:00,majestic,0.1200
domain,prtimes.jp,2026-04-26T06:01:19.498829+00:00,majestic,0.1200
domain,prweb.com,2026-04-26T06:01:19.498829+00:00,majestic,0.1200
domain,psu.edu,2026-04-26T06:01:19.498829+00:00,majestic,0.1200
domain,psychcentral.com,2026-04-26T06:01:19.498829+00:00,majestic,0.1200
domain,psychologytoday.com,2026-04-26T06:01:19.498829+00:00,majestic,0.1200
domain,pubmed.ncbi.nlm.nih.gov,2026-04-26T06:01:19.498829+00:00,majestic,0.1200
domain,purdue.edu,2026-04-26T06:01:19.498829+00:00,majestic,0.1200
domain,purl.org,2026-04-26T06:01:19.498829+00:00,majestic,0.1200
domain,pwc.com,2026-04-26T06:01:19.498829+00:00,majestic,0.1200
domain,pxf.io,2026-04-26T06:01:19.498829+00:00,majestic,0.1200
domain,pypi.org,2026-04-26T06:01:19.498829+00:00,majestic,0.1200
domain,python.ca,2026-04-26T06:01:19.498829+00:00,majestic,0.1200
domain,python.org,2026-04-26T06:01:19.498829+00:00,majestic,0.1200
domain,qc.ca,2026-04-26T06:01:19.498829+00:00,majestic,0.1200
domain,qcloud.com,2026-04-26T06:01:19.498829+00:00,majestic,0.1200
domain,qiita.com,2026-04-26T06:01:19.498829+00:00,majestic,0.1200
domain,qld.gov.au,2026-04-26T06:01:19.498829+00:00,majestic,0.1200
domain,qodeinteractive.com,2026-04-26T06:01:19.498829+00:00,majestic,0.1200
domain,qq.com,2026-04-26T06:01:19.498829+00:00,majestic,0.1200
domain,qualcomm.com,2026-04-26T06:01:19.498829+00:00,majestic,0.1200
domain,qualtrics.com,2026-04-26T06:01:19.498829+00:00,majestic,0.1200
domain,queensu.ca,2026-04-26T06:01:19.498829+00:00,majestic,0.1200
domain,quora.com,2026-04-26T06:01:19.498829+00:00,majestic,0.1200
domain,qz.com,2026-04-26T06:01:19.498829+00:00,majestic,0.1200
domain,r-project.org,2026-04-26T06:01:19.498829+00:00,majestic,0.1200
domain,radiofrance.fr,2026-04-26T06:01:19.498829+00:00,majestic,0.1200
domain,radissonhotels.com,2026-04-26T06:01:19.498829+00:00,majestic,0.1200
domain,rakuten.co.jp,2026-04-26T06:01:19.498829+00:00,majestic,0.1200
domain,rakuten.com,2026-04-26T06:01:19.498829+00:00,majestic,0.1200
domain,rambler.ru,2026-04-26T06:01:19.498829+00:00,majestic,0.1200
domain,rand.org,2026-04-26T06:01:19.498829+00:00,majestic,0.1200
domain,rapidshare.com,2026-04-26T06:01:19.498829+00:00,majestic,0.1200
domain,raspberrypi.org,2026-04-26T06:01:19.498829+00:00,majestic,0.1200
domain,rb.gy,2026-04-26T06:01:19.498829+00:00,majestic,0.1200
domain,rbc.ru,2026-04-26T06:01:19.498829+00:00,majestic,0.1200
domain,rd.com,2026-04-26T06:01:19.498829+00:00,majestic,0.1200
domain,re.kr,2026-04-26T06:01:19.498829+00:00,majestic,0.1200
domain,react.dev,2026-04-26T06:01:19.498829+00:00,majestic,0.1200
domain,readthedocs.io,2026-04-26T06:01:19.498829+00:00,majestic,0.1200
domain,readthedocs.org,2026-04-26T06:01:19.498829+00:00,majestic,0.1200
domain,readwrite.com,2026-04-26T06:01:19.498829+00:00,majestic,0.1200
domain,real.com,2026-04-26T06:01:19.498829+00:00,majestic,0.1200
domain,realsimple.com,2026-04-26T06:01:19.498829+00:00,majestic,0.1200
domain,realtor.com,2026-04-26T06:01:19.498829+00:00,majestic,0.1200
domain,reason.com,2026-04-26T06:01:19.498829+00:00,majestic,0.1200
domain,rebrand.ly,2026-04-26T06:01:19.498829+00:00,majestic,0.1200
domain,redbubble.com,2026-04-26T06:01:19.498829+00:00,majestic,0.1200
domain,redbull.com,2026-04-26T06:01:19.498829+00:00,majestic,0.1200
domain,redcross.org,2026-04-26T06:01:19.498829+00:00,majestic,0.1200
domain,reddit.com,2026-04-26T06:01:19.498829+00:00,majestic,0.1200
domain,redfin.com,2026-04-26T06:01:19.498829+00:00,majestic,0.1200
domain,redhat.com,2026-04-26T06:01:19.498829+00:00,majestic,0.1200
domain,redis.io,2026-04-26T06:01:19.498829+00:00,majestic,0.1200
domain,reference.com,2026-04-26T06:01:19.498829+00:00,majestic,0.1200
domain,refinery29.com,2026-04-26T06:01:19.498829+00:00,majestic,0.1200
domain,rei.com,2026-04-26T06:01:19.498829+00:00,majestic,0.1200
domain,reliefweb.int,2026-04-26T06:01:19.498829+00:00,majestic,0.1200
domain,rentry.co,2026-04-26T06:01:19.498829+00:00,majestic,0.1200
domain,repec.org,2026-04-26T06:01:19.498829+00:00,majestic,0.1200
domain,repubblica.it,2026-04-26T06:01:19.498829+00:00,majestic,0.1200
domain,researchgate.net,2026-04-26T06:01:19.498829+00:00,majestic,0.1200
domain,reuters.com,2026-04-26T06:01:19.498829+00:00,majestic,0.1200
domain,reverbnation.com,2026-04-26T06:01:19.498829+00:00,majestic,0.1200
domain,rfc-editor.org,2026-04-26T06:01:19.498829+00:00,majestic,0.1200
domain,rferl.org,2026-04-26T06:01:19.498829+00:00,majestic,0.1200
domain,rfi.fr,2026-04-26T06:01:19.498829+00:00,majestic,0.1200
domain,rg.ru,2026-04-26T06:01:19.498829+00:00,majestic,0.1200
domain,ria.ru,2026-04-26T06:01:19.498829+00:00,majestic,0.1200
domain,rice.edu,2026-04-26T06:01:19.498829+00:00,majestic,0.1200
domain,rijksoverheid.nl,2026-04-26T06:01:19.498829+00:00,majestic,0.1200
domain,rit.edu,2026-04-26T06:01:19.498829+00:00,majestic,0.1200
domain,roblox.com,2026-04-26T06:01:19.498829+00:00,majestic,0.1200
domain,rochester.edu,2026-04-26T06:01:19.498829+00:00,majestic,0.1200
domain,rollingstone.com,2026-04-26T06:01:19.498829+00:00,majestic,0.1200
domain,rottentomatoes.com,2026-04-26T06:01:19.498829+00:00,majestic,0.1200
domain,routledge.com,2026-04-26T06:01:19.498829+00:00,majestic,0.1200
domain,royalsocietypublishing.org,2026-04-26T06:01:19.498829+00:00,majestic,0.1200
domain,rpi.edu,2026-04-26T06:01:19.498829+00:00,majestic,0.1200
domain,rs-online.com,2026-04-26T06:01:19.498829+00:00,majestic,0.1200
domain,rs6.net,2026-04-26T06:01:19.498829+00:00,majestic,0.1200
domain,rsasecurity.com,2026-04-26T06:01:19.498829+00:00,majestic,0.1200
domain,rsc.org,2026-04-26T06:01:19.498829+00:00,majestic,0.1200
domain,rt.com,2026-04-26T06:01:19.498829+00:00,majestic,0.1200
domain,rte.ie,2026-04-26T06:01:19.498829+00:00,majestic,0.1200
domain,rtve.es,2026-04-26T06:01:19.498829+00:00,majestic,0.1200
domain,ru.com,2026-04-26T06:01:19.498829+00:00,majestic,0.1200
domain,rug.nl,2026-04-26T06:01:19.498829+00:00,majestic,0.1200
domain,rumble.com,2026-04-26T06:01:19.498829+00:00,majestic,0.1200
domain,rutgers.edu,2026-04-26T06:01:19.498829+00:00,majestic,0.1200
domain,rutube.ru,2026-04-26T06:01:19.498829+00:00,majestic,0.1200
domain,rwth-aachen.de,2026-04-26T06:01:19.498829+00:00,majestic,0.1200
domain,ryanair.com,2026-04-26T06:01:19.498829+00:00,majestic,0.1200
domain,sa.com,2026-04-26T06:01:19.498829+00:00,majestic,0.1200
domain,sa.gov.au,2026-04-26T06:01:19.498829+00:00,majestic,0.1200
domain,sacbee.com,2026-04-26T06:01:19.498829+00:00,majestic,0.1200
domain,safety.google,2026-04-26T06:01:19.498829+00:00,majestic,0.1200
domain,sagepub.com,2026-04-26T06:01:19.498829+00:00,majestic,0.1200
domain,sakura.ne.jp,2026-04-26T06:01:19.498829+00:00,majestic,0.1200
domain,salesforce.com,2026-04-26T06:01:19.498829+00:00,majestic,0.1200
domain,salon.com,2026-04-26T06:01:19.498829+00:00,majestic,0.1200
domain,samhsa.gov,2026-04-26T06:01:19.498829+00:00,majestic,0.1200
domain,samsung.com,2026-04-26T06:01:19.498829+00:00,majestic,0.1200
domain,sandiegouniontribune.com,2026-04-26T06:01:19.498829+00:00,majestic,0.1200
domain,sap.com,2026-04-26T06:01:19.498829+00:00,majestic,0.1200
domain,sapo.pt,2026-04-26T06:01:19.498829+00:00,majestic,0.1200
domain,sas.com,2026-04-26T06:01:19.498829+00:00,majestic,0.1200
domain,sba.gov,2026-04-26T06:01:19.498829+00:00,majestic,0.1200
domain,sbnation.com,2026-04-26T06:01:19.498829+00:00,majestic,0.1200
domain,sbs.com.au,2026-04-26T06:01:19.498829+00:00,majestic,0.1200
domain,sch.id,2026-04-26T06:01:19.498829+00:00,majestic,0.1200
domain,schema.org,2026-04-26T06:01:19.498829+00:00,majestic,0.1200
domain,scholar.google.com,2026-04-26T06:01:19.498829+00:00,majestic,0.1200
domain,scholastic.com,2026-04-26T06:01:19.498829+00:00,majestic,0.1200
domain,scielo.br,2026-04-26T06:01:19.498829+00:00,majestic,0.1200
domain,science.org,2026-04-26T06:01:19.498829+00:00,majestic,0.1200
domain,sciencealert.com,2026-04-26T06:01:19.498829+00:00,majestic,0.1200
domain,sciencedaily.com,2026-04-26T06:01:19.498829+00:00,majestic,0.1200
domain,sciencedirect.com,2026-04-26T06:01:19.498829+00:00,majestic,0.1200
domain,sciencemag.org,2026-04-26T06:01:19.498829+00:00,majestic,0.1200
domain,sciencenews.org,2026-04-26T06:01:19.498829+00:00,majestic,0.1200
domain,scientificamerican.com,2026-04-26T06:01:19.498829+00:00,majestic,0.1200
domain,scirp.org,2026-04-26T06:01:19.498829+00:00,majestic,0.1200
domain,scmp.com,2026-04-26T06:01:19.498829+00:00,majestic,0.1200
domain,scoop.it,2026-04-26T06:01:19.498829+00:00,majestic,0.1200
domain,scopus.com,2026-04-26T06:01:19.498829+00:00,majestic,0.1200
domain,scotsman.com,2026-04-26T06:01:19.498829+00:00,majestic,0.1200
domain,screenrant.com,2026-04-26T06:01:19.498829+00:00,majestic,0.1200
domain,scribd.com,2026-04-26T06:01:19.498829+00:00,majestic,0.1200
domain,se.com,2026-04-26T06:01:19.498829+00:00,majestic,0.1200
domain,seagate.com,2026-04-26T06:01:19.498829+00:00,majestic,0.1200
domain,searchenginejournal.com,2026-04-26T06:01:19.498829+00:00,majestic,0.1200
domain,searchengineland.com,2026-04-26T06:01:19.498829+00:00,majestic,0.1200
domain,seattletimes.com,2026-04-26T06:01:19.498829+00:00,majestic,0.1200
domain,sec.gov,2026-04-26T06:01:19.498829+00:00,majestic,0.1200
domain,secureserver.net,2026-04-26T06:01:19.498829+00:00,majestic,0.1200
domain,securityfocus.com,2026-04-26T06:01:19.498829+00:00,majestic,0.1200
domain,sedo.com,2026-04-26T06:01:19.498829+00:00,majestic,0.1200
domain,seekingalpha.com,2026-04-26T06:01:19.498829+00:00,majestic,0.1200
domain,self.com,2026-04-26T06:01:19.498829+00:00,majestic,0.1200
domain,semanticscholar.org,2026-04-26T06:01:19.498829+00:00,majestic,0.1200
domain,semrush.com,2026-04-26T06:01:19.498829+00:00,majestic,0.1200
domain,senate.gov,2026-04-26T06:01:19.498829+00:00,majestic,0.1200
domain,sendgrid.net,2026-04-26T06:01:19.498829+00:00,majestic,0.1200
domain,serverwatch.com,2026-04-26T06:01:19.498829+00:00,majestic,0.1200
domain,service-public.fr,2026-04-26T06:01:19.498829+00:00,majestic,0.1200
domain,service.gov.uk,2026-04-26T06:01:19.498829+00:00,majestic,0.1200
domain,service.weibo.com,2026-04-26T06:01:19.498829+00:00,majestic,0.1200
domain,sf.net,2026-04-26T06:01:19.498829+00:00,majestic,0.1200
domain,sfchronicle.com,2026-04-26T06:01:19.498829+00:00,majestic,0.1200
domain,sfgate.com,2026-04-26T06:01:19.498829+00:00,majestic,0.1200
domain,sfu.ca,2026-04-26T06:01:19.498829+00:00,majestic,0.1200
domain,share.google,2026-04-26T06:01:19.498829+00:00,majestic,0.1200
domain,shareasale.com,2026-04-26T06:01:19.498829+00:00,majestic,0.1200
domain,sharepoint.com,2026-04-26T06:01:19.498829+00:00,majestic,0.1200
domain,shopify.com,2026-04-26T06:01:19.498829+00:00,majestic,0.1200
domain,shorturl.at,2026-04-26T06:01:19.498829+00:00,majestic,0.1200
domain,shrm.org,2026-04-26T06:01:19.498829+00:00,majestic,0.1200
domain,shutterfly.com,2026-04-26T06:01:19.498829+00:00,majestic,0.1200
domain,shutterstock.com,2026-04-26T06:01:19.498829+00:00,majestic,0.1200
domain,si.com,2026-04-26T06:01:19.498829+00:00,majestic,0.1200
domain,si.edu,2026-04-26T06:01:19.498829+00:00,majestic,0.1200
domain,sibforms.com,2026-04-26T06:01:19.498829+00:00,majestic,0.1200
domain,siemens.com,2026-04-26T06:01:19.498829+00:00,majestic,0.1200
domain,siemens.de,2026-04-26T06:01:19.498829+00:00,majestic,0.1200
domain,similarweb.com,2026-04-26T06:01:19.498829+00:00,majestic,0.1200
domain,simonandschuster.com,2026-04-26T06:01:19.498829+00:00,majestic,0.1200
domain,sina.com.cn,2026-04-26T06:01:19.498829+00:00,majestic,0.1200
domain,site.com,2026-04-26T06:01:19.498829+00:00,majestic,0.1200
domain,site123.me,2026-04-26T06:01:19.498829+00:00,majestic,0.1200
domain,sitemaps.org,2026-04-26T06:01:19.498829+00:00,majestic,0.1200
domain,sites.google.com,2026-04-26T06:01:19.498829+00:00,majestic,0.1200
domain,sjtu.edu.cn,2026-04-26T06:01:19.498829+00:00,majestic,0.1200
domain,sjv.io,2026-04-26T06:01:19.498829+00:00,majestic,0.1200
domain,sketchfab.com,2026-04-26T06:01:19.498829+00:00,majestic,0.1200
domain,sketchup.com,2026-04-26T06:01:19.498829+00:00,majestic,0.1200
domain,sky.com,2026-04-26T06:01:19.498829+00:00,majestic,0.1200
domain,skype.com,2026-04-26T06:01:19.498829+00:00,majestic,0.1200
domain,skysports.com,2026-04-26T06:01:19.498829+00:00,majestic,0.1200
domain,slack.com,2026-04-26T06:01:19.498829+00:00,majestic,0.1200
domain,slashdot.org,2026-04-26T06:01:19.498829+00:00,majestic,0.1200
domain,slate.com,2026-04-26T06:01:19.498829+00:00,majestic,0.1200
domain,sleepfoundation.org,2026-04-26T06:01:19.498829+00:00,majestic,0.1200
domain,sleepycat.com,2026-04-26T06:01:19.498829+00:00,majestic,0.1200
domain,slideshare.net,2026-04-26T06:01:19.498829+00:00,majestic,0.1200
domain,smartsheet.com,2026-04-26T06:01:19.498829+00:00,majestic,0.1200
domain,smashingmagazine.com,2026-04-26T06:01:19.498829+00:00,majestic,0.1200
domain,smh.com.au,2026-04-26T06:01:19.498829+00:00,majestic,0.1200
domain,smithsonianmag.com,2026-04-26T06:01:19.498829+00:00,majestic,0.1200
domain,smugmug.com,2026-04-26T06:01:19.498829+00:00,majestic,0.1200
domain,snapchat.com,2026-04-26T06:01:19.498829+00:00,majestic,0.1200
domain,snopes.com,2026-04-26T06:01:19.498829+00:00,majestic,0.1200
domain,so.com,2026-04-26T06:01:19.498829+00:00,majestic,0.1200
domain,social-plugins.line.me,2026-04-26T06:01:19.498829+00:00,majestic,0.1200
domain,softonic.com,2026-04-26T06:01:19.498829+00:00,majestic,0.1200
domain,softpedia.com,2026-04-26T06:01:19.498829+00:00,majestic,0.1200
domain,sohu.com,2026-04-26T06:01:19.498829+00:00,majestic,0.1200
domain,sony.com,2026-04-26T06:01:19.498829+00:00,majestic,0.1200
domain,sophos.com,2026-04-26T06:01:19.498829+00:00,majestic,0.1200
domain,soundcloud.com,2026-04-26T06:01:19.498829+00:00,majestic,0.1200
domain,sourceforge.net,2026-04-26T06:01:19.498829+00:00,majestic,0.1200
domain,sp.gov.br,2026-04-26T06:01:19.498829+00:00,majestic,0.1200
domain,space.com,2026-04-26T06:01:19.498829+00:00,majestic,0.1200
domain,spaceship.com,2026-04-26T06:01:19.498829+00:00,majestic,0.1200
domain,spb.ru,2026-04-26T06:01:19.498829+00:00,majestic,0.1200
domain,speakerdeck.com,2026-04-26T06:01:19.498829+00:00,majestic,0.1200
domain,spec.org,2026-04-26T06:01:19.498829+00:00,majestic,0.1200
domain,specbench.org,2026-04-26T06:01:19.498829+00:00,majestic,0.1200
domain,speedtest.net,2026-04-26T06:01:19.498829+00:00,majestic,0.1200
domain,spglobal.com,2026-04-26T06:01:19.498829+00:00,majestic,0.1200
domain,sphinx-doc.org,2026-04-26T06:01:19.498829+00:00,majestic,0.1200
domain,spiegel.de,2026-04-26T06:01:19.498829+00:00,majestic,0.1200
domain,spotify.com,2026-04-26T06:01:19.498829+00:00,majestic,0.1200
domain,spreaker.com,2026-04-26T06:01:19.498829+00:00,majestic,0.1200
domain,springer.com,2026-04-26T06:01:19.498829+00:00,majestic,0.1200
domain,springerlink.com,2026-04-26T06:01:19.498829+00:00,majestic,0.1200
domain,springeropen.com,2026-04-26T06:01:19.498829+00:00,majestic,0.1200
domain,sproutsocial.com,2026-04-26T06:01:19.498829+00:00,majestic,0.1200
domain,sputniknews.com,2026-04-26T06:01:19.498829+00:00,majestic,0.1200
domain,sqlite.org,2026-04-26T06:01:19.498829+00:00,majestic,0.1200
domain,square.site,2026-04-26T06:01:19.498829+00:00,majestic,0.1200
domain,squarespace.com,2026-04-26T06:01:19.498829+00:00,majestic,0.1200
domain,squareup.com,2026-04-26T06:01:19.498829+00:00,majestic,0.1200
domain,squid-cache.org,2026-04-26T06:01:19.498829+00:00,majestic,0.1200
domain,ssa.gov,2026-04-26T06:01:19.498829+00:00,majestic,0.1200
domain,ssllabs.com,2026-04-26T06:01:19.498829+00:00,majestic,0.1200
domain,ssrn.com,2026-04-26T06:01:19.498829+00:00,majestic,0.1200
domain,stackexchange.com,2026-04-26T06:01:19.498829+00:00,majestic,0.1200
domain,stackoverflow.com,2026-04-26T06:01:19.498829+00:00,majestic,0.1200
domain,standard.co.uk,2026-04-26T06:01:19.498829+00:00,majestic,0.1200
domain,stanford.edu,2026-04-26T06:01:19.498829+00:00,majestic,0.1200
domain,starbucks.com,2026-04-26T06:01:19.498829+00:00,majestic,0.1200
domain,startribune.com,2026-04-26T06:01:19.498829+00:00,majestic,0.1200
domain,starwars.com,2026-04-26T06:01:19.498829+00:00,majestic,0.1200
domain,statcounter.com,2026-04-26T06:01:19.498829+00:00,majestic,0.1200
domain,state.gov,2026-04-26T06:01:19.498829+00:00,majestic,0.1200
domain,staticflickr.com,2026-04-26T06:01:19.498829+00:00,majestic,0.1200
domain,statista.com,2026-04-26T06:01:19.498829+00:00,majestic,0.1200
domain,statnews.com,2026-04-26T06:01:19.498829+00:00,majestic,0.1200
domain,steamcommunity.com,2026-04-26T06:01:19.498829+00:00,majestic,0.1200
domain,steampowered.com,2026-04-26T06:01:19.498829+00:00,majestic,0.1200
domain,stern.de,2026-04-26T06:01:19.498829+00:00,majestic,0.1200
domain,stitcher.com,2026-04-26T06:01:19.498829+00:00,majestic,0.1200
domain,stlouisfed.org,2026-04-26T06:01:19.498829+00:00,majestic,0.1200
domain,store.steampowered.com,2026-04-26T06:01:19.498829+00:00,majestic,0.1200
domain,straitstimes.com,2026-04-26T06:01:19.498829+00:00,majestic,0.1200
domain,strato.de,2026-04-26T06:01:19.498829+00:00,majestic,0.1200
domain,strava.com,2026-04-26T06:01:19.498829+00:00,majestic,0.1200
domain,streamable.com,2026-04-26T06:01:19.498829+00:00,majestic,0.1200
domain,stripe.com,2026-04-26T06:01:19.498829+00:00,majestic,0.1200
domain,study.com,2026-04-26T06:01:19.498829+00:00,majestic,0.1200
domain,stuff.co.nz,2026-04-26T06:01:19.498829+00:00,majestic,0.1200
domain,stumbleupon.com,2026-04-26T06:01:19.498829+00:00,majestic,0.1200
domain,substack.com,2026-04-26T06:01:19.498829+00:00,majestic,0.1200
domain,sueddeutsche.de,2026-04-26T06:01:19.498829+00:00,majestic,0.1200
domain,sun.com,2026-04-26T06:01:19.498829+00:00,majestic,0.1200
domain,suntimes.com,2026-04-26T06:01:19.498829+00:00,majestic,0.1200
domain,superbthemes.com,2026-04-26T06:01:19.498829+00:00,majestic,0.1200
domain,superuser.com,2026-04-26T06:01:19.498829+00:00,majestic,0.1200
domain,support.microsoft.com,2026-04-26T06:01:19.498829+00:00,majestic,0.1200
domain,supremecourt.gov,2026-04-26T06:01:19.498829+00:00,majestic,0.1200
domain,surveymonkey.com,2026-04-26T06:01:19.498829+00:00,majestic,0.1200
domain,swissinfo.ch,2026-04-26T06:01:19.498829+00:00,majestic,0.1200
domain,sydney.edu.au,2026-04-26T06:01:19.498829+00:00,majestic,0.1200
domain,symantec.com,2026-04-26T06:01:19.498829+00:00,majestic,0.1200
domain,symfony.com,2026-04-26T06:01:19.498829+00:00,majestic,0.1200
domain,syr.edu,2026-04-26T06:01:19.498829+00:00,majestic,0.1200
domain,t-mobile.com,2026-04-26T06:01:19.498829+00:00,majestic,0.1200
domain,t-online.de,2026-04-26T06:01:19.498829+00:00,majestic,0.1200
domain,t.co,2026-04-26T06:01:19.498829+00:00,majestic,0.1200
domain,t.ly,2026-04-26T06:01:19.498829+00:00,majestic,0.1200
domain,t.me,2026-04-26T06:01:19.498829+00:00,majestic,0.1200
domain,tableau.com,2026-04-26T06:01:19.498829+00:00,majestic,0.1200
domain,tagesschau.de,2026-04-26T06:01:19.498829+00:00,majestic,0.1200
domain,tagesspiegel.de,2026-04-26T06:01:19.498829+00:00,majestic,0.1200
domain,tampabay.com,2026-04-26T06:01:19.498829+00:00,majestic,0.1200
domain,tamu.edu,2026-04-26T06:01:19.498829+00:00,majestic,0.1200
domain,tandfonline.com,2026-04-26T06:01:19.498829+00:00,majestic,0.1200
domain,taobao.com,2026-04-26T06:01:19.498829+00:00,majestic,0.1200
domain,target.com,2026-04-26T06:01:19.498829+00:00,majestic,0.1200
domain,tass.ru,2026-04-26T06:01:19.498829+00:00,majestic,0.1200
domain,tate.org.uk,2026-04-26T06:01:19.498829+00:00,majestic,0.1200
domain,tawk.to,2026-04-26T06:01:19.498829+00:00,majestic,0.1200
domain,taylorfrancis.com,2026-04-26T06:01:19.498829+00:00,majestic,0.1200
domain,taz.de,2026-04-26T06:01:19.498829+00:00,majestic,0.1200
domain,teachable.com,2026-04-26T06:01:19.498829+00:00,majestic,0.1200
domain,teamviewer.com,2026-04-26T06:01:19.498829+00:00,majestic,0.1200
domain,techcrunch.com,2026-04-26T06:01:19.498829+00:00,majestic,0.1200
domain,technologyreview.com,2026-04-26T06:01:19.498829+00:00,majestic,0.1200
domain,technorati.com,2026-04-26T06:01:19.498829+00:00,majestic,0.1200
domain,techopedia.com,2026-04-26T06:01:19.498829+00:00,majestic,0.1200
domain,techradar.com,2026-04-26T06:01:19.498829+00:00,majestic,0.1200
domain,techrepublic.com,2026-04-26T06:01:19.498829+00:00,majestic,0.1200
domain,techtarget.com,2026-04-26T06:01:19.498829+00:00,majestic,0.1200
domain,ted.com,2026-04-26T06:01:19.498829+00:00,majestic,0.1200
domain,telegra.ph,2026-04-26T06:01:19.498829+00:00,majestic,0.1200
domain,telegram.me,2026-04-26T06:01:19.498829+00:00,majestic,0.1200
domain,telegram.org,2026-04-26T06:01:19.498829+00:00,majestic,0.1200
domain,telegraph.co.uk,2026-04-26T06:01:19.498829+00:00,majestic,0.1200
domain,temple.edu,2026-04-26T06:01:19.498829+00:00,majestic,0.1200
domain,tencent.com,2026-04-26T06:01:19.498829+00:00,majestic,0.1200
domain,tensorflow.org,2026-04-26T06:01:19.498829+00:00,majestic,0.1200
domain,termly.io,2026-04-26T06:01:19.498829+00:00,majestic,0.1200
domain,termsfeed.com,2026-04-26T06:01:19.498829+00:00,majestic,0.1200
domain,tesla.com,2026-04-26T06:01:19.498829+00:00,majestic,0.1200
domain,texas.gov,2026-04-26T06:01:19.498829+00:00,majestic,0.1200
domain,tfl.gov.uk,2026-04-26T06:01:19.498829+00:00,majestic,0.1200
domain,thawte.com,2026-04-26T06:01:19.498829+00:00,majestic,0.1200
domain,theage.com.au,2026-04-26T06:01:19.498829+00:00,majestic,0.1200
domain,theatlantic.com,2026-04-26T06:01:19.498829+00:00,majestic,0.1200
domain,theaustralian.com.au,2026-04-26T06:01:19.498829+00:00,majestic,0.1200
domain,thebalance.com,2026-04-26T06:01:19.498829+00:00,majestic,0.1200
domain,thebalancemoney.com,2026-04-26T06:01:19.498829+00:00,majestic,0.1200
domain,theconversation.com,2026-04-26T06:01:19.498829+00:00,majestic,0.1200
domain,thecut.com,2026-04-26T06:01:19.498829+00:00,majestic,0.1200
domain,thedailybeast.com,2026-04-26T06:01:19.498829+00:00,majestic,0.1200
domain,thediplomat.com,2026-04-26T06:01:19.498829+00:00,majestic,0.1200
domain,theepochtimes.com,2026-04-26T06:01:19.498829+00:00,majestic,0.1200
domain,thefreedictionary.com,2026-04-26T06:01:19.498829+00:00,majestic,0.1200
domain,theglobeandmail.com,2026-04-26T06:01:19.498829+00:00,majestic,0.1200
domain,theguardian.com,2026-04-26T06:01:19.498829+00:00,majestic,0.1200
domain,thehill.com,2026-04-26T06:01:19.498829+00:00,majestic,0.1200
domain,thehindu.com,2026-04-26T06:01:19.498829+00:00,majestic,0.1200
domain,theintercept.com,2026-04-26T06:01:19.498829+00:00,majestic,0.1200
domain,theknot.com,2026-04-26T06:01:19.498829+00:00,majestic,0.1200
domain,thelancet.com,2026-04-26T06:01:19.498829+00:00,majestic,0.1200
domain,themeansar.com,2026-04-26T06:01:19.498829+00:00,majestic,0.1200
domain,themeforest.net,2026-04-26T06:01:19.498829+00:00,majestic,0.1200
domain,themegrill.com,2026-04-26T06:01:19.498829+00:00,majestic,0.1200
domain,themeisle.com,2026-04-26T06:01:19.498829+00:00,majestic,0.1200
domain,thenai.org,2026-04-26T06:01:19.498829+00:00,majestic,0.1200
domain,thenation.com,2026-04-26T06:01:19.498829+00:00,majestic,0.1200
domain,thenationalnews.com,2026-04-26T06:01:19.498829+00:00,majestic,0.1200
domain,thenextweb.com,2026-04-26T06:01:19.498829+00:00,majestic,0.1200
domain,theonion.com,2026-04-26T06:01:19.498829+00:00,majestic,0.1200
domain,thepaper.cn,2026-04-26T06:01:19.498829+00:00,majestic,0.1200
domain,theregister.co.uk,2026-04-26T06:01:19.498829+00:00,majestic,0.1200
domain,theregister.com,2026-04-26T06:01:19.498829+00:00,majestic,0.1200
domain,thermofisher.com,2026-04-26T06:01:19.498829+00:00,majestic,0.1200
domain,thespruce.com,2026-04-26T06:01:19.498829+00:00,majestic,0.1200
domain,thestar.com,2026-04-26T06:01:19.498829+00:00,majestic,0.1200
domain,thestar.com.my,2026-04-26T06:01:19.498829+00:00,majestic,0.1200
domain,thestreet.com,2026-04-26T06:01:19.498829+00:00,majestic,0.1200
domain,thesun.co.uk,2026-04-26T06:01:19.498829+00:00,majestic,0.1200
domain,thetimes.co.uk,2026-04-26T06:01:19.498829+00:00,majestic,0.1200
domain,thetimes.com,2026-04-26T06:01:19.498829+00:00,majestic,0.1200
domain,theverge.com,2026-04-26T06:01:19.498829+00:00,majestic,0.1200
domain,theweek.com,2026-04-26T06:01:19.498829+00:00,majestic,0.1200
domain,thewrap.com,2026-04-26T06:01:19.498829+00:00,majestic,0.1200
domain,thingiverse.com,2026-04-26T06:01:19.498829+00:00,majestic,0.1200
domain,thinkific.com,2026-04-26T06:01:19.498829+00:00,majestic,0.1200
domain,thinkwithgoogle.com,2026-04-26T06:01:19.498829+00:00,majestic,0.1200
domain,thomsonreuters.com,2026-04-26T06:01:19.498829+00:00,majestic,0.1200
domain,thoughtco.com,2026-04-26T06:01:19.498829+00:00,majestic,0.1200
domain,threads.com,2026-04-26T06:01:19.498829+00:00,majestic,0.1200
domain,threads.net,2026-04-26T06:01:19.498829+00:00,majestic,0.1200
domain,threebit.net,2026-04-26T06:01:19.498829+00:00,majestic,0.1200
domain,ti.com,2026-04-26T06:01:19.498829+00:00,majestic,0.1200
domain,ticketmaster.com,2026-04-26T06:01:19.498829+00:00,majestic,0.1200
domain,tidal.com,2026-04-26T06:01:19.498829+00:00,majestic,0.1200
domain,tiktok.com,2026-04-26T06:01:19.498829+00:00,majestic,0.1200
domain,tilda.ws,2026-04-26T06:01:19.498829+00:00,majestic,0.1200
domain,time.com,2026-04-26T06:01:19.498829+00:00,majestic,0.1200
domain,timeanddate.com,2026-04-26T06:01:19.498829+00:00,majestic,0.1200
domain,timeout.com,2026-04-26T06:01:19.498829+00:00,majestic,0.1200
domain,timeshighereducation.com,2026-04-26T06:01:19.498829+00:00,majestic,0.1200
domain,timesofisrael.com,2026-04-26T06:01:19.498829+00:00,majestic,0.1200
domain,timesonline.co.uk,2026-04-26T06:01:19.498829+00:00,majestic,0.1200
domain,tiny.cc,2026-04-26T06:01:19.498829+00:00,majestic,0.1200
domain,tinypic.com,2026-04-26T06:01:19.498829+00:00,majestic,0.1200
domain,tinyurl.com,2026-04-26T06:01:19.498829+00:00,majestic,0.1200
domain,tmall.com,2026-04-26T06:01:19.498829+00:00,majestic,0.1200
domain,tmz.com,2026-04-26T06:01:19.498829+00:00,majestic,0.1200
domain,tn.gov,2026-04-26T06:01:19.498829+00:00,majestic,0.1200
domain,today.com,2026-04-26T06:01:19.498829+00:00,majestic,0.1200
domain,tokyo.jp,2026-04-26T06:01:19.498829+00:00,majestic,0.1200
domain,tomsguide.com,2026-04-26T06:01:19.498829+00:00,majestic,0.1200
domain,tomshardware.com,2026-04-26T06:01:19.498829+00:00,majestic,0.1200
domain,toptal.com,2026-04-26T06:01:19.498829+00:00,majestic,0.1200
domain,topuniversities.com,2026-04-26T06:01:19.498829+00:00,majestic,0.1200
domain,torproject.org,2026-04-26T06:01:19.498829+00:00,majestic,0.1200
domain,toutiao.com,2026-04-26T06:01:19.498829+00:00,majestic,0.1200
domain,towardsdatascience.com,2026-04-26T06:01:19.498829+00:00,majestic,0.1200
domain,tp-link.com,2026-04-26T06:01:19.498829+00:00,majestic,0.1200
domain,tradingeconomics.com,2026-04-26T06:01:19.498829+00:00,majestic,0.1200
domain,tradingview.com,2026-04-26T06:01:19.498829+00:00,majestic,0.1200
domain,translate.goog,2026-04-26T06:01:19.498829+00:00,majestic,0.1200
domain,translate.google.com,2026-04-26T06:01:19.498829+00:00,majestic,0.1200
domain,travelandleisure.com,2026-04-26T06:01:19.498829+00:00,majestic,0.1200
domain,treasury.gov,2026-04-26T06:01:19.498829+00:00,majestic,0.1200
domain,treehugger.com,2026-04-26T06:01:19.498829+00:00,majestic,0.1200
domain,trello.com,2026-04-26T06:01:19.498829+00:00,majestic,0.1200
domain,trendmicro.com,2026-04-26T06:01:19.498829+00:00,majestic,0.1200
domain,tripadvisor.co.uk,2026-04-26T06:01:19.498829+00:00,majestic,0.1200
domain,tripadvisor.com,2026-04-26T06:01:19.498829+00:00,majestic,0.1200
domain,tripod.com,2026-04-26T06:01:19.498829+00:00,majestic,0.1200
domain,trustindex.io,2026-04-26T06:01:19.498829+00:00,majestic,0.1200
domain,trustpilot.com,2026-04-26T06:01:19.498829+00:00,majestic,0.1200
domain,truthsocial.com,2026-04-26T06:01:19.498829+00:00,majestic,0.1200
domain,tsa.gov,2026-04-26T06:01:19.498829+00:00,majestic,0.1200
domain,tsinghua.edu.cn,2026-04-26T06:01:19.498829+00:00,majestic,0.1200
domain,tudelft.nl,2026-04-26T06:01:19.498829+00:00,majestic,0.1200
domain,tufts.edu,2026-04-26T06:01:19.498829+00:00,majestic,0.1200
domain,tum.de,2026-04-26T06:01:19.498829+00:00,majestic,0.1200
domain,tumblr.com,2026-04-26T06:01:19.498829+00:00,majestic,0.1200
domain,tunein.com,2026-04-26T06:01:19.498829+00:00,majestic,0.1200
domain,tutsplus.com,2026-04-26T06:01:19.498829+00:00,majestic,0.1200
domain,tvtropes.org,2026-04-26T06:01:19.498829+00:00,majestic,0.1200
domain,twilio.com,2026-04-26T06:01:19.498829+00:00,majestic,0.1200
domain,twimg.com,2026-04-26T06:01:19.498829+00:00,majestic,0.1200
domain,twitch.tv,2026-04-26T06:01:19.498829+00:00,majestic,0.1200
domain,twitter.com,2026-04-26T06:01:19.498829+00:00,majestic,0.1200
domain,tx.us,2026-04-26T06:01:19.498829+00:00,majestic,0.1200
domain,typeform.com,2026-04-26T06:01:19.498829+00:00,majestic,0.1200
domain,typepad.com,2026-04-26T06:01:19.498829+00:00,majestic,0.1200
domain,u-tokyo.ac.jp,2026-04-26T06:01:19.498829+00:00,majestic,0.1200
domain,ualberta.ca,2026-04-26T06:01:19.498829+00:00,majestic,0.1200
domain,ub.edu,2026-04-26T06:01:19.498829+00:00,majestic,0.1200
domain,ubc.ca,2026-04-26T06:01:19.498829+00:00,majestic,0.1200
domain,uber.com,2026-04-26T06:01:19.498829+00:00,majestic,0.1200
domain,ubereats.com,2026-04-26T06:01:19.498829+00:00,majestic,0.1200
domain,ubisoft.com,2026-04-26T06:01:19.498829+00:00,majestic,0.1200
domain,ubs.com,2026-04-26T06:01:19.498829+00:00,majestic,0.1200
domain,ubuntu.com,2026-04-26T06:01:19.498829+00:00,majestic,0.1200
domain,ucalgary.ca,2026-04-26T06:01:19.498829+00:00,majestic,0.1200
domain,ucdavis.edu,2026-04-26T06:01:19.498829+00:00,majestic,0.1200
domain,ucf.edu,2026-04-26T06:01:19.498829+00:00,majestic,0.1200
domain,uchicago.edu,2026-04-26T06:01:19.498829+00:00,majestic,0.1200
domain,uci.edu,2026-04-26T06:01:19.498829+00:00,majestic,0.1200
domain,ucl.ac.uk,2026-04-26T06:01:19.498829+00:00,majestic,0.1200
domain,ucla.edu,2026-04-26T06:01:19.498829+00:00,majestic,0.1200
domain,uconn.edu,2026-04-26T06:01:19.498829+00:00,majestic,0.1200
domain,ucoz.ru,2026-04-26T06:01:19.498829+00:00,majestic,0.1200
domain,ucr.edu,2026-04-26T06:01:19.498829+00:00,majestic,0.1200
domain,ucsb.edu,2026-04-26T06:01:19.498829+00:00,majestic,0.1200
domain,ucsc.edu,2026-04-26T06:01:19.498829+00:00,majestic,0.1200
domain,ucsd.edu,2026-04-26T06:01:19.498829+00:00,majestic,0.1200
domain,ucsf.edu,2026-04-26T06:01:19.498829+00:00,majestic,0.1200
domain,udel.edu,2026-04-26T06:01:19.498829+00:00,majestic,0.1200
domain,udemy.com,2026-04-26T06:01:19.498829+00:00,majestic,0.1200
domain,uefa.com,2026-04-26T06:01:19.498829+00:00,majestic,0.1200
domain,ufl.edu,2026-04-26T06:01:19.498829+00:00,majestic,0.1200
domain,uga.edu,2026-04-26T06:01:19.498829+00:00,majestic,0.1200
domain,uh.edu,2026-04-26T06:01:19.498829+00:00,majestic,0.1200
domain,uic.edu,2026-04-26T06:01:19.498829+00:00,majestic,0.1200
domain,uio.no,2026-04-26T06:01:19.498829+00:00,majestic,0.1200
domain,uiowa.edu,2026-04-26T06:01:19.498829+00:00,majestic,0.1200
domain,uiuc.edu,2026-04-26T06:01:19.498829+00:00,majestic,0.1200
domain,uk.com,2026-04-26T06:01:19.498829+00:00,majestic,0.1200
domain,uk.net,2026-04-26T06:01:19.498829+00:00,majestic,0.1200
domain,uky.edu,2026-04-26T06:01:19.498829+00:00,majestic,0.1200
domain,umass.edu,2026-04-26T06:01:19.498829+00:00,majestic,0.1200
domain,umd.edu,2026-04-26T06:01:19.498829+00:00,majestic,0.1200
domain,umich.edu,2026-04-26T06:01:19.498829+00:00,majestic,0.1200
domain,umn.edu,2026-04-26T06:01:19.498829+00:00,majestic,0.1200
domain,umontreal.ca,2026-04-26T06:01:19.498829+00:00,majestic,0.1200
domain,un.org,2026-04-26T06:01:19.498829+00:00,majestic,0.1200
domain,unam.mx,2026-04-26T06:01:19.498829+00:00,majestic,0.1200
domain,unc.edu,2026-04-26T06:01:19.498829+00:00,majestic,0.1200
domain,unctad.org,2026-04-26T06:01:19.498829+00:00,majestic,0.1200
domain,undp.org,2026-04-26T06:01:19.498829+00:00,majestic,0.1200
domain,unece.org,2026-04-26T06:01:19.498829+00:00,majestic,0.1200
domain,unep.org,2026-04-26T06:01:19.498829+00:00,majestic,0.1200
domain,unesco.org,2026-04-26T06:01:19.498829+00:00,majestic,0.1200
domain,unfccc.int,2026-04-26T06:01:19.498829+00:00,majestic,0.1200
domain,unhcr.org,2026-04-26T06:01:19.498829+00:00,majestic,0.1200
domain,uni-bonn.de,2026-04-26T06:01:19.498829+00:00,majestic,0.1200
domain,uni-hamburg.de,2026-04-26T06:01:19.498829+00:00,majestic,0.1200
domain,uni-heidelberg.de,2026-04-26T06:01:19.498829+00:00,majestic,0.1200
domain,uni-muenchen.de,2026-04-26T06:01:19.498829+00:00,majestic,0.1200
domain,unibo.it,2026-04-26T06:01:19.498829+00:00,majestic,0.1200
domain,unicef.org,2026-04-26T06:01:19.498829+00:00,majestic,0.1200
domain,unicode.org,2026-04-26T06:01:19.498829+00:00,majestic,0.1200
domain,unige.ch,2026-04-26T06:01:19.498829+00:00,majestic,0.1200
domain,unimelb.edu.au,2026-04-26T06:01:19.498829+00:00,majestic,0.1200
domain,united-domains.de,2026-04-26T06:01:19.498829+00:00,majestic,0.1200
domain,unity.com,2026-04-26T06:01:19.498829+00:00,majestic,0.1200
domain,unity3d.com,2026-04-26T06:01:19.498829+00:00,majestic,0.1200
domain,univie.ac.at,2026-04-26T06:01:19.498829+00:00,majestic,0.1200
domain,unixtools.org,2026-04-26T06:01:19.498829+00:00,majestic,0.1200
domain,unl.edu,2026-04-26T06:01:19.498829+00:00,majestic,0.1200
domain,unm.edu,2026-04-26T06:01:19.498829+00:00,majestic,0.1200
domain,unodc.org,2026-04-26T06:01:19.498829+00:00,majestic,0.1200
domain,unsplash.com,2026-04-26T06:01:19.498829+00:00,majestic,0.1200
domain,unsw.edu.au,2026-04-26T06:01:19.498829+00:00,majestic,0.1200
domain,unwomen.org,2026-04-26T06:01:19.498829+00:00,majestic,0.1200
domain,uol.com.br,2026-04-26T06:01:19.498829+00:00,majestic,0.1200
domain,uoregon.edu,2026-04-26T06:01:19.498829+00:00,majestic,0.1200
domain,upenn.edu,2026-04-26T06:01:19.498829+00:00,majestic,0.1200
domain,upi.com,2026-04-26T06:01:19.498829+00:00,majestic,0.1200
domain,ups.com,2026-04-26T06:01:19.498829+00:00,majestic,0.1200
domain,upwork.com,2026-04-26T06:01:19.498829+00:00,majestic,0.1200
domain,uq.edu.au,2026-04-26T06:01:19.498829+00:00,majestic,0.1200
domain,urbandictionary.com,2026-04-26T06:01:19.498829+00:00,majestic,0.1200
domain,urldefense.com,2026-04-26T06:01:19.498829+00:00,majestic,0.1200
domain,us.com,2026-04-26T06:01:19.498829+00:00,majestic,0.1200
domain,us.org,2026-04-26T06:01:19.498829+00:00,majestic,0.1200
domain,usa.gov,2026-04-26T06:01:19.498829+00:00,majestic,0.1200
domain,usaid.gov,2026-04-26T06:01:19.498829+00:00,majestic,0.1200
domain,usatoday.com,2026-04-26T06:01:19.498829+00:00,majestic,0.1200
domain,usc.edu,2026-04-26T06:01:19.498829+00:00,majestic,0.1200
domain,uschamber.com,2026-04-26T06:01:19.498829+00:00,majestic,0.1200
domain,uscis.gov,2026-04-26T06:01:19.498829+00:00,majestic,0.1200
domain,uscourts.gov,2026-04-26T06:01:19.498829+00:00,majestic,0.1200
domain,usda.gov,2026-04-26T06:01:19.498829+00:00,majestic,0.1200
domain,usembassy.gov,2026-04-26T06:01:19.498829+00:00,majestic,0.1200
domain,usf.edu,2026-04-26T06:01:19.498829+00:00,majestic,0.1200
domain,usgs.gov,2026-04-26T06:01:19.498829+00:00,majestic,0.1200
domain,ushmm.org,2026-04-26T06:01:19.498829+00:00,majestic,0.1200
domain,usnews.com,2026-04-26T06:01:19.498829+00:00,majestic,0.1200
domain,usp.br,2026-04-26T06:01:19.498829+00:00,majestic,0.1200
domain,usps.com,2026-04-26T06:01:19.498829+00:00,majestic,0.1200
domain,uspto.gov,2026-04-26T06:01:19.498829+00:00,majestic,0.1200
domain,ustream.tv,2026-04-26T06:01:19.498829+00:00,majestic,0.1200
domain,usu.edu,2026-04-26T06:01:19.498829+00:00,majestic,0.1200
domain,utah.edu,2026-04-26T06:01:19.498829+00:00,majestic,0.1200
domain,utah.gov,2026-04-26T06:01:19.498829+00:00,majestic,0.1200
domain,utexas.edu,2026-04-26T06:01:19.498829+00:00,majestic,0.1200
domain,utk.edu,2026-04-26T06:01:19.498829+00:00,majestic,0.1200
domain,utoronto.ca,2026-04-26T06:01:19.498829+00:00,majestic,0.1200
domain,utwente.nl,2026-04-26T06:01:19.498829+00:00,majestic,0.1200
domain,uu.nl,2026-04-26T06:01:19.498829+00:00,majestic,0.1200
domain,uu.se,2026-04-26T06:01:19.498829+00:00,majestic,0.1200
domain,uva.nl,2026-04-26T06:01:19.498829+00:00,majestic,0.1200
domain,uvic.ca,2026-04-26T06:01:19.498829+00:00,majestic,0.1200
domain,uw.edu,2026-04-26T06:01:19.498829+00:00,majestic,0.1200
domain,uwaterloo.ca,2026-04-26T06:01:19.498829+00:00,majestic,0.1200
domain,uzh.ch,2026-04-26T06:01:19.498829+00:00,majestic,0.1200
domain,va.gov,2026-04-26T06:01:19.498829+00:00,majestic,0.1200
domain,va.us,2026-04-26T06:01:19.498829+00:00,majestic,0.1200
domain,vam.ac.uk,2026-04-26T06:01:19.498829+00:00,majestic,0.1200
domain,vanderbilt.edu,2026-04-26T06:01:19.498829+00:00,majestic,0.1200
domain,vanguardngr.com,2026-04-26T06:01:19.498829+00:00,majestic,0.1200
domain,vanityfair.com,2026-04-26T06:01:19.498829+00:00,majestic,0.1200
domain,variety.com,2026-04-26T06:01:19.498829+00:00,majestic,0.1200
domain,vatican.va,2026-04-26T06:01:19.498829+00:00,majestic,0.1200
domain,vaticannews.va,2026-04-26T06:01:19.498829+00:00,majestic,0.1200
domain,vc.ru,2026-04-26T06:01:19.498829+00:00,majestic,0.1200
domain,vecteezy.com,2026-04-26T06:01:19.498829+00:00,majestic,0.1200
domain,venturebeat.com,2026-04-26T06:01:19.498829+00:00,majestic,0.1200
domain,vercel.app,2026-04-26T06:01:19.498829+00:00,majestic,0.1200
domain,verisign.com,2026-04-26T06:01:19.498829+00:00,majestic,0.1200
domain,verizon.com,2026-04-26T06:01:19.498829+00:00,majestic,0.1200
domain,verywellhealth.com,2026-04-26T06:01:19.498829+00:00,majestic,0.1200
domain,verywellmind.com,2026-04-26T06:01:19.498829+00:00,majestic,0.1200
domain,viber.com,2026-04-26T06:01:19.498829+00:00,majestic,0.1200
domain,vic.gov.au,2026-04-26T06:01:19.498829+00:00,majestic,0.1200
domain,vice.com,2026-04-26T06:01:19.498829+00:00,majestic,0.1200
domain,videojs.com,2026-04-26T06:01:19.498829+00:00,majestic,0.1200
domain,videojs.org,2026-04-26T06:01:19.498829+00:00,majestic,0.1200
domain,videolan.org,2026-04-26T06:01:19.498829+00:00,majestic,0.1200
domain,view.officeapps.live.com,2026-04-26T06:01:19.498829+00:00,majestic,0.1200
domain,vimeo.com,2026-04-26T06:01:19.498829+00:00,majestic,0.1200
domain,virginia.edu,2026-04-26T06:01:19.498829+00:00,majestic,0.1200
domain,virginia.gov,2026-04-26T06:01:19.498829+00:00,majestic,0.1200
domain,virtualbox.org,2026-04-26T06:01:19.498829+00:00,majestic,0.1200
domain,virtualmin.com,2026-04-26T06:01:19.498829+00:00,majestic,0.1200
domain,virustotal.com,2026-04-26T06:01:19.498829+00:00,majestic,0.1200
domain,visa.com,2026-04-26T06:01:19.498829+00:00,majestic,0.1200
domain,vistaprint.com,2026-04-26T06:01:19.498829+00:00,majestic,0.1200
domain,visualcapitalist.com,2026-04-26T06:01:19.498829+00:00,majestic,0.1200
domain,visualstudio.com,2026-04-26T06:01:19.498829+00:00,majestic,0.1200
domain,vk.com,2026-04-26T06:01:19.498829+00:00,majestic,0.1200
domain,vkontakte.ru,2026-04-26T06:01:19.498829+00:00,majestic,0.1200
domain,vmware.com,2026-04-26T06:01:19.498829+00:00,majestic,0.1200
domain,voanews.com,2026-04-26T06:01:19.498829+00:00,majestic,0.1200
domain,vogue.com,2026-04-26T06:01:19.498829+00:00,majestic,0.1200
domain,vogueplay.com,2026-04-26T06:01:19.498829+00:00,majestic,0.1200
domain,vox.com,2026-04-26T06:01:19.498829+00:00,majestic,0.1200
domain,vrbo.com,2026-04-26T06:01:19.498829+00:00,majestic,0.1200
domain,vt.edu,2026-04-26T06:01:19.498829+00:00,majestic,0.1200
domain,vuejs.org,2026-04-26T06:01:19.498829+00:00,majestic,0.1200
domain,vulture.com,2026-04-26T06:01:19.498829+00:00,majestic,0.1200
domain,w3.org,2026-04-26T06:01:19.498829+00:00,majestic,0.1200
domain,w3schools.com,2026-04-26T06:01:19.498829+00:00,majestic,0.1200
domain,wa.gov,2026-04-26T06:01:19.498829+00:00,majestic,0.1200
domain,wa.gov.au,2026-04-26T06:01:19.498829+00:00,majestic,0.1200
domain,wa.link,2026-04-26T06:01:19.498829+00:00,majestic,0.1200
domain,wa.me,2026-04-26T06:01:19.498829+00:00,majestic,0.1200
domain,wakelet.com,2026-04-26T06:01:19.498829+00:00,majestic,0.1200
domain,wallpapers.com,2026-04-26T06:01:19.498829+00:00,majestic,0.1200
domain,walmart.com,2026-04-26T06:01:19.498829+00:00,majestic,0.1200
domain,wampserver.com,2026-04-26T06:01:19.498829+00:00,majestic,0.1200
domain,warnerbros.com,2026-04-26T06:01:19.498829+00:00,majestic,0.1200
domain,warwick.ac.uk,2026-04-26T06:01:19.498829+00:00,majestic,0.1200
domain,washington.edu,2026-04-26T06:01:19.498829+00:00,majestic,0.1200
domain,washingtonexaminer.com,2026-04-26T06:01:19.498829+00:00,majestic,0.1200
domain,washingtonpost.com,2026-04-26T06:01:19.498829+00:00,majestic,0.1200
domain,washingtontimes.com,2026-04-26T06:01:19.498829+00:00,majestic,0.1200
domain,wassenaar.org,2026-04-26T06:01:19.498829+00:00,majestic,0.1200
domain,wattpad.com,2026-04-26T06:01:19.498829+00:00,majestic,0.1200
domain,waw.pl,2026-04-26T06:01:19.498829+00:00,majestic,0.1200
domain,waze.com,2026-04-26T06:01:19.498829+00:00,majestic,0.1200
domain,wbs-law.de,2026-04-26T06:01:19.498829+00:00,majestic,0.1200
domain,wbs.legal,2026-04-26T06:01:19.498829+00:00,majestic,0.1200
domain,wbur.org,2026-04-26T06:01:19.498829+00:00,majestic,0.1200
domain,wdr.de,2026-04-26T06:01:19.498829+00:00,majestic,0.1200
domain,we.tl,2026-04-26T06:01:19.498829+00:00,majestic,0.1200
domain,weather.com,2026-04-26T06:01:19.498829+00:00,majestic,0.1200
domain,weather.gov,2026-04-26T06:01:19.498829+00:00,majestic,0.1200
domain,web.app,2026-04-26T06:01:19.498829+00:00,majestic,0.1200
domain,web.archive.org,2026-04-26T06:01:19.498829+00:00,majestic,0.1200
domain,web.dev,2026-04-26T06:01:19.498829+00:00,majestic,0.1200
domain,web.id,2026-04-26T06:01:19.498829+00:00,majestic,0.1200
domain,web.whatsapp.com,2026-04-26T06:01:19.498829+00:00,majestic,0.1200
domain,webaim.org,2026-04-26T06:01:19.498829+00:00,majestic,0.1200
domain,webdav.org,2026-04-26T06:01:19.498829+00:00,majestic,0.1200
domain,webex.com,2026-04-26T06:01:19.498829+00:00,majestic,0.1200
domain,webflow.com,2026-04-26T06:01:19.498829+00:00,majestic,0.1200
domain,webflow.io,2026-04-26T06:01:19.498829+00:00,majestic,0.1200
domain,webmd.com,2026-04-26T06:01:19.498829+00:00,majestic,0.1200
domain,webnode.com,2026-04-26T06:01:19.498829+00:00,majestic,0.1200
domain,webs.com,2026-04-26T06:01:19.498829+00:00,majestic,0.1200
domain,website-files.com,2026-04-26T06:01:19.498829+00:00,majestic,0.1200
domain,websitedemos.net,2026-04-26T06:01:19.498829+00:00,majestic,0.1200
domain,webthing.com,2026-04-26T06:01:19.498829+00:00,majestic,0.1200
domain,weebly.com,2026-04-26T06:01:19.498829+00:00,majestic,0.1200
domain,weforum.org,2026-04-26T06:01:19.498829+00:00,majestic,0.1200
domain,weibo.cn,2026-04-26T06:01:19.498829+00:00,majestic,0.1200
domain,weibo.com,2026-04-26T06:01:19.498829+00:00,majestic,0.1200
domain,welt.de,2026-04-26T06:01:19.498829+00:00,majestic,0.1200
domain,wetransfer.com,2026-04-26T06:01:19.498829+00:00,majestic,0.1200
domain,wfp.org,2026-04-26T06:01:19.498829+00:00,majestic,0.1200
domain,whatsapp.com,2026-04-26T06:01:19.498829+00:00,majestic,0.1200
domain,whitehouse.gov,2026-04-26T06:01:19.498829+00:00,majestic,0.1200
domain,whiterabbitpress.com,2026-04-26T06:01:19.498829+00:00,majestic,0.1200
domain,who.int,2026-04-26T06:01:19.498829+00:00,majestic,0.1200
domain,widgets.wp.com,2026-04-26T06:01:19.498829+00:00,majestic,0.1200
domain,wikia.com,2026-04-26T06:01:19.498829+00:00,majestic,0.1200
domain,wikibooks.org,2026-04-26T06:01:19.498829+00:00,majestic,0.1200
domain,wikidata.org,2026-04-26T06:01:19.498829+00:00,majestic,0.1200
domain,wikidot.com,2026-04-26T06:01:19.498829+00:00,majestic,0.1200
domain,wikihow.com,2026-04-26T06:01:19.498829+00:00,majestic,0.1200
domain,wikimapia.org,2026-04-26T06:01:19.498829+00:00,majestic,0.1200
domain,wikimedia.org,2026-04-26T06:01:19.498829+00:00,majestic,0.1200
domain,wikipedia.org,2026-04-26T06:01:19.498829+00:00,majestic,0.1200
domain,wikiquote.org,2026-04-26T06:01:19.498829+00:00,majestic,0.1200
domain,wikisource.org,2026-04-26T06:01:19.498829+00:00,majestic,0.1200
domain,wikispaces.com,2026-04-26T06:01:19.498829+00:00,majestic,0.1200
domain,wikiwand.com,2026-04-26T06:01:19.498829+00:00,majestic,0.1200
domain,wiktionary.org,2026-04-26T06:01:19.498829+00:00,majestic,0.1200
domain,wiley.com,2026-04-26T06:01:19.498829+00:00,majestic,0.1200
domain,windows.com,2026-04-26T06:01:19.498829+00:00,majestic,0.1200
domain,windows.net,2026-04-26T06:01:19.498829+00:00,majestic,0.1200
domain,windowsphone.com,2026-04-26T06:01:19.498829+00:00,majestic,0.1200
domain,windy.com,2026-04-26T06:01:19.498829+00:00,majestic,0.1200
domain,wipo.int,2026-04-26T06:01:19.498829+00:00,majestic,0.1200
domain,wired.co.uk,2026-04-26T06:01:19.498829+00:00,majestic,0.1200
domain,wired.com,2026-04-26T06:01:19.498829+00:00,majestic,0.1200
domain,wireshark.org,2026-04-26T06:01:19.498829+00:00,majestic,0.1200
domain,wisc.edu,2026-04-26T06:01:19.498829+00:00,majestic,0.1200
domain,wistia.com,2026-04-26T06:01:19.498829+00:00,majestic,0.1200
domain,withgoogle.com,2026-04-26T06:01:19.498829+00:00,majestic,0.1200
domain,wix.com,2026-04-26T06:01:19.498829+00:00,majestic,0.1200
domain,wixsite.com,2026-04-26T06:01:19.498829+00:00,majestic,0.1200
domain,wixstatic.com,2026-04-26T06:01:19.498829+00:00,majestic,0.1200
domain,wmo.int,2026-04-26T06:01:19.498829+00:00,majestic,0.1200
domain,wolfram.com,2026-04-26T06:01:19.498829+00:00,majestic,0.1200
domain,wolframalpha.com,2026-04-26T06:01:19.498829+00:00,majestic,0.1200
domain,wolterskluwer.com,2026-04-26T06:01:19.498829+00:00,majestic,0.1200
domain,womenshealthmag.com,2026-04-26T06:01:19.498829+00:00,majestic,0.1200
domain,wondershare.com,2026-04-26T06:01:19.498829+00:00,majestic,0.1200
domain,woocommerce.com,2026-04-26T06:01:19.498829+00:00,majestic,0.1200
domain,wordfence.com,2026-04-26T06:01:19.498829+00:00,majestic,0.1200
domain,wordpress.com,2026-04-26T06:01:19.498829+00:00,majestic,0.1200
domain,wordpress.org,2026-04-26T06:01:19.498829+00:00,majestic,0.1200
domain,wordreference.com,2026-04-26T06:01:19.498829+00:00,majestic,0.1200
domain,wordstream.com,2026-04-26T06:01:19.498829+00:00,majestic,0.1200
domain,workspaceupdates.googleblog.com,2026-04-26T06:01:19.498829+00:00,majestic,0.1200
domain,worldbank.org,2026-04-26T06:01:19.498829+00:00,majestic,0.1200
domain,worldcat.org,2026-04-26T06:01:19.498829+00:00,majestic,0.1200
domain,worldometers.info,2026-04-26T06:01:19.498829+00:00,majestic,0.1200
domain,worldpopulationreview.com,2026-04-26T06:01:19.498829+00:00,majestic,0.1200
domain,worldwildlife.org,2026-04-26T06:01:19.498829+00:00,majestic,0.1200
domain,wp.com,2026-04-26T06:01:19.498829+00:00,majestic,0.1200
domain,wp.me,2026-04-26T06:01:19.498829+00:00,majestic,0.1200
domain,wpa.qq.com,2026-04-26T06:01:19.498829+00:00,majestic,0.1200
domain,wpastra.com,2026-04-26T06:01:19.498829+00:00,majestic,0.1200
domain,wpengine.com,2026-04-26T06:01:19.498829+00:00,majestic,0.1200
domain,wpguardian.com,2026-04-26T06:01:19.498829+00:00,majestic,0.1200
domain,wpguardian.io,2026-04-26T06:01:19.498829+00:00,majestic,0.1200
domain,wpzoom.com,2026-04-26T06:01:19.498829+00:00,majestic,0.1200
domain,wri.org,2026-04-26T06:01:19.498829+00:00,majestic,0.1200
domain,wsimg.com,2026-04-26T06:01:19.498829+00:00,majestic,0.1200
domain,wsj.com,2026-04-26T06:01:19.498829+00:00,majestic,0.1200
domain,wsu.edu,2026-04-26T06:01:19.498829+00:00,majestic,0.1200
domain,wto.org,2026-04-26T06:01:19.498829+00:00,majestic,0.1200
domain,wufoo.com,2026-04-26T06:01:19.498829+00:00,majestic,0.1200
domain,wunderground.com,2026-04-26T06:01:19.498829+00:00,majestic,0.1200
domain,wustl.edu,2026-04-26T06:01:19.498829+00:00,majestic,0.1200
domain,wwd.com,2026-04-26T06:01:19.498829+00:00,majestic,0.1200
domain,www.bl.uk,2026-04-26T06:01:19.498829+00:00,majestic,0.1200
domain,www.gov.br,2026-04-26T06:01:19.498829+00:00,majestic,0.1200
domain,www.gov.cn,2026-04-26T06:01:19.498829+00:00,majestic,0.1200
domain,www.gov.pl,2026-04-26T06:01:19.498829+00:00,majestic,0.1200
domain,www.gov.uk,2026-04-26T06:01:19.498829+00:00,majestic,0.1200
domain,www.ncbi.nlm.nih.gov,2026-04-26T06:01:19.498829+00:00,majestic,0.1200
domain,www.nhs.uk,2026-04-26T06:01:19.498829+00:00,majestic,0.1200
domain,x.com,2026-04-26T06:01:19.498829+00:00,majestic,0.1200
domain,xbox.com,2026-04-26T06:01:19.498829+00:00,majestic,0.1200
domain,xda-developers.com,2026-04-26T06:01:19.498829+00:00,majestic,0.1200
domain,xe.com,2026-04-26T06:01:19.498829+00:00,majestic,0.1200
domain,xiaohongshu.com,2026-04-26T06:01:19.498829+00:00,majestic,0.1200
domain,xing.com,2026-04-26T06:01:19.498829+00:00,majestic,0.1200
domain,xinhuanet.com,2026-04-26T06:01:19.498829+00:00,majestic,0.1200
domain,xinnet.com,2026-04-26T06:01:19.498829+00:00,majestic,0.1200
domain,xkcd.com,2026-04-26T06:01:19.498829+00:00,majestic,0.1200
domain,xmlsoft.org,2026-04-26T06:01:19.498829+00:00,majestic,0.1200
domain,xs4all.nl,2026-04-26T06:01:19.498829+00:00,majestic,0.1200
domain,yadi.sk,2026-04-26T06:01:19.498829+00:00,majestic,0.1200
domain,yahoo.co.jp,2026-04-26T06:01:19.498829+00:00,majestic,0.1200
domain,yahoo.com,2026-04-26T06:01:19.498829+00:00,majestic,0.1200
domain,yale.edu,2026-04-26T06:01:19.498829+00:00,majestic,0.1200
domain,yamaha.com,2026-04-26T06:01:19.498829+00:00,majestic,0.1200
domain,yandex.com,2026-04-26T06:01:19.498829+00:00,majestic,0.1200
domain,yandex.ru,2026-04-26T06:01:19.498829+00:00,majestic,0.1200
domain,ycombinator.com,2026-04-26T06:01:19.498829+00:00,majestic,0.1200
domain,yelp.com,2026-04-26T06:01:19.498829+00:00,majestic,0.1200
domain,yle.fi,2026-04-26T06:01:19.498829+00:00,majestic,0.1200
domain,yna.co.kr,2026-04-26T06:01:19.498829+00:00,majestic,0.1200
domain,yoast.com,2026-04-26T06:01:19.498829+00:00,majestic,0.1200
domain,yolasite.com,2026-04-26T06:01:19.498829+00:00,majestic,0.1200
domain,yomiuri.co.jp,2026-04-26T06:01:19.498829+00:00,majestic,0.1200
domain,york.ac.uk,2026-04-26T06:01:19.498829+00:00,majestic,0.1200
domain,yorku.ca,2026-04-26T06:01:19.498829+00:00,majestic,0.1200
domain,yougov.com,2026-04-26T06:01:19.498829+00:00,majestic,0.1200
domain,youku.com,2026-04-26T06:01:19.498829+00:00,majestic,0.1200
domain,youradchoices.ca,2026-04-26T06:01:19.498829+00:00,majestic,0.1200
domain,youradchoices.com,2026-04-26T06:01:19.498829+00:00,majestic,0.1200
domain,yourdomain.com,2026-04-26T06:01:19.498829+00:00,majestic,0.1200
domain,youronlinechoices.com,2026-04-26T06:01:19.498829+00:00,majestic,0.1200
domain,youronlinechoices.eu,2026-04-26T06:01:19.498829+00:00,majestic,0.1200
domain,youtu.be,2026-04-26T06:01:19.498829+00:00,majestic,0.1200
domain,youtube-nocookie.com,2026-04-26T06:01:19.498829+00:00,majestic,0.1200
domain,youtube.com,2026-04-26T06:01:19.498829+00:00,majestic,0.1200
domain,yp.to,2026-04-26T06:01:19.498829+00:00,majestic,0.1200
domain,ytimg.com,2026-04-26T06:01:19.498829+00:00,majestic,0.1200
domain,yumpu.com,2026-04-26T06:01:19.498829+00:00,majestic,0.1200
domain,zalo.me,2026-04-26T06:01:19.498829+00:00,majestic,0.1200
domain,zapier.com,2026-04-26T06:01:19.498829+00:00,majestic,0.1200
domain,zara.com,2026-04-26T06:01:19.498829+00:00,majestic,0.1200
domain,zazzle.com,2026-04-26T06:01:19.498829+00:00,majestic,0.1200
domain,zblogcn.com,2026-04-26T06:01:19.498829+00:00,majestic,0.1200
domain,zdf.de,2026-04-26T06:01:19.498829+00:00,majestic,0.1200
domain,zdnet.com,2026-04-26T06:01:19.498829+00:00,majestic,0.1200
domain,zeit.de,2026-04-26T06:01:19.498829+00:00,majestic,0.1200
domain,zend.com,2026-04-26T06:01:19.498829+00:00,majestic,0.1200
domain,zendesk.com,2026-04-26T06:01:19.498829+00:00,majestic,0.1200
domain,zenodo.org,2026-04-26T06:01:19.498829+00:00,majestic,0.1200
domain,zhihu.com,2026-04-26T06:01:19.498829+00:00,majestic,0.1200
domain,zillow.com,2026-04-26T06:01:19.498829+00:00,majestic,0.1200
domain,zimbra.com,2026-04-26T06:01:19.498829+00:00,majestic,0.1200
domain,zlib.net,2026-04-26T06:01:19.498829+00:00,majestic,0.1200
domain,zoho.com,2026-04-26T06:01:19.498829+00:00,majestic,0.1200
domain,zoom.com,2026-04-26T06:01:19.498829+00:00,majestic,0.1200
domain,zoom.us,2026-04-26T06:01:19.498829+00:00,majestic,0.1200
domain,zotero.org,2026-04-26T06:01:19.498829+00:00,majestic,0.1200
